date,close,drawdown_252,risk_score,dynamic_threshold,alert
1990-01-02,359.6900024,,0.49999999999999983,,0
1990-01-03,358.7600098,,0.49999999999999983,,0
1990-01-04,355.6700134,,0.4738095238095236,,0
1990-01-05,352.2000122,,0.4892857142857141,,0
1990-01-08,353.7900085,,0.487142857142857,,0
1990-01-09,349.6199951,,0.49571428571428555,,0
1990-01-10,347.3099976,,0.507142857142857,,0
1990-01-11,348.5299988,,0.5014285714285712,,0
1990-01-12,339.9299927,,0.4985714285714284,,0
1990-01-15,337.0,,0.507142857142857,,0
1990-01-16,340.75,,0.5099999999999998,,0
1990-01-17,337.3999939,,0.5042857142857141,,0
1990-01-18,338.1900024,,0.5099999999999998,,0
1990-01-19,339.1499939,,0.4985714285714284,,0
1990-01-22,330.3800049,,0.49571428571428555,,0
1990-01-23,331.6099854,,0.49571428571428555,,0
1990-01-24,330.2600098,,0.5042857142857141,,0
1990-01-25,326.0799866,,0.4985714285714284,,0
1990-01-26,325.7999878,,0.5042857142857141,,0
1990-01-29,325.2000122,,0.4985714285714284,,0
1990-01-30,322.980011,,0.5014285714285712,,0
1990-01-31,329.0799866,,0.4899999999999998,,0
1990-02-01,328.7900085,,0.4899999999999998,,0
1990-02-02,330.9200134,,0.4842857142857141,,0
1990-02-05,331.8500061,,0.4842857142857141,,0
1990-02-06,329.6600037,,0.48142857142857126,,0
1990-02-07,333.75,,0.4842857142857141,,0
1990-02-08,332.9599915,,0.48142857142857126,,0
1990-02-09,333.6199951,,0.4899999999999998,,0
1990-02-12,330.0799866,,0.49571428571428555,,0
1990-02-13,331.019989,,0.49285714285714266,,0
1990-02-14,332.0100098,,0.487142857142857,,0
1990-02-15,334.8900146,,0.4842857142857141,,0
1990-02-16,332.7200012,,0.48142857142857126,,0
1990-02-20,327.9899902,,0.4842857142857141,,0
1990-02-21,327.6700134,,0.49285714285714266,,0
1990-02-22,325.7000122,,0.49285714285714266,,0
1990-02-23,324.1499939,,0.5099999999999998,,0
1990-02-26,328.6700134,,0.5099999999999998,,0
1990-02-27,330.2600098,,0.49571428571428555,,0
1990-02-28,331.8900146,,0.4785714285714284,,0
1990-03-01,332.7399902,,0.487142857142857,,0
1990-03-02,335.5400085,,0.46999999999999986,,0
1990-03-05,333.7399902,,0.4728571428571427,,0
1990-03-06,337.9299927,,0.4842857142857141,,0
1990-03-07,336.9500122,,0.49285714285714266,,0
1990-03-08,340.269989,,0.4842857142857141,,0
1990-03-09,337.9299927,,0.49571428571428555,,0
1990-03-12,338.6700134,,0.4985714285714284,,0
1990-03-13,336.0,,0.4985714285714284,,0
1990-03-14,336.8699951,,0.49571428571428555,,0
1990-03-15,338.0700073,,0.49285714285714266,,0
1990-03-16,341.9100037,,0.4899999999999998,,0
1990-03-19,343.5299988,,0.4842857142857141,,0
1990-03-20,341.5700073,,0.4842857142857141,,0
1990-03-21,339.7399902,,0.487142857142857,,0
1990-03-22,335.6900024,,0.49571428571428555,,0
1990-03-23,337.2200012,,0.4899999999999998,,0
1990-03-26,337.6300049,,0.48142857142857126,,0
1990-03-27,341.5,-0.05057133164288363,0.3921141694000317,,0
1990-03-28,342.0,-0.04918124574484983,0.393303209179534,,0
1990-03-29,340.7900085,-0.05254522998663147,0.4001971331268148,,0
1990-03-30,339.9400024,-0.05490839297233685,0.41160435728108985,,0
1990-04-02,338.7000122,-0.05835577875377729,0.4328840773616755,,0
1990-04-03,343.6400146,-0.04462172340879067,0.40497463951912016,,0
1990-04-04,341.0899963,-0.05171121236590703,0.41919631198194546,,0
1990-04-05,340.730011,-0.052712033343966014,0.42039729715561625,,0
1990-04-06,340.0799866,-0.05451921284760186,0.4225659125599793,,0
1990-04-09,341.3699951,-0.05093276759921428,0.40969074969048563,,0
1990-04-10,342.0700073,-0.048986613423871006,0.41878393610864506,,0
1990-04-11,341.9200134,-0.04940362223423311,0.41357006096679394,,0
1990-04-12,344.3399963,-0.042675654028687116,0.3940679276915673,,0
1990-04-16,344.7399902,-0.04156360226930789,0.38416203700888363,,0
1990-04-17,344.6799927,-0.04173040562664254,0.38721934389482815,,0
1990-04-18,340.7200012,-0.0527398623076103,0.40043069191198943,,0
1990-04-19,338.0899963,-0.06005172775411016,0.4092049304477893,,0
1990-04-20,335.1199951,-0.06830884132463744,0.42768489530385057,,0
1990-04-23,331.0499878,-0.07962416082988699,0.45554899299586427,,0
1990-04-24,330.3599854,-0.08154248604158587,0.4607081261070458,,0
1990-04-25,332.0299988,-0.07689956188785085,0.4465651885511352,,0
1990-04-26,332.9200134,-0.07442516839884239,0.44359591636432505,,0
1990-04-27,329.1099854,-0.08501770078667048,0.46202124094400443,,0
1990-04-30,330.7999878,-0.08031920377890389,0.447811615963256,,0
1990-05-01,332.25,-0.07628792075650981,0.4315455049078117,,0
1990-05-02,334.480011,-0.07008810706938917,0.4212485856261241,,0
1990-05-03,335.5700073,-0.06705773009831095,0.4118978475465445,,0
1990-05-04,338.3900146,-0.05921762533814601,0.39106115040577516,,0
1990-05-07,340.5299988,-0.05326810162127549,0.3753502933741019,,0
1990-05-08,342.0100098,-0.04915341678120566,0.37326981442316104,,0
1990-05-09,342.8599854,-0.04679033859073978,0.38471983488031625,,0
1990-05-10,343.8200073,-0.0441213127807526,0.38151700390833165,,0
1990-05-11,352.0,-0.021379527784172958,0.35708400476957886,,0
1990-05-14,354.75,-0.013734055344986729,0.35076658069969824,,0
1990-05-15,354.2799988,-0.015040739425344785,0.3609060301675565,,0
1990-05-16,354.0,-0.01581918419203754,0.3561258781733021,,0
1990-05-17,354.4700012,-0.014512500111679483,0.35455785727687245,,0
1990-05-18,354.6400146,-0.014039833652046085,0.35399065752531234,,0
1990-05-21,358.0,-0.004698497007766811,0.3456381964093201,,0
1990-05-22,358.4299927,-0.0035030434307117275,0.3327750806882826,,0
1990-05-23,359.2900085,-0.001112051759379229,0.3241916049683979,,0
1990-05-24,358.4100037,-0.00355861628474341,0.3271274823988349,,0
1990-05-25,354.5799866,-0.014206721804620348,0.34561949473697295,,0
1990-05-29,360.6499939,0.0,0.3257142857142856,,0
1990-05-30,360.8599854,0.0,0.3257142857142856,,0
1990-05-31,361.230011,0.0,0.3285714285714285,,0
1990-06-01,363.1600037,0.0,0.3257142857142856,,0
1990-06-04,367.3999939,0.0,0.31714285714285706,,0
1990-06-05,366.6400146,-0.0020685337850248064,0.32533938339917257,,0
1990-06-06,364.9599915,-0.006641269571343922,0.3365409520570412,,0
1990-06-07,363.1499939,-0.011567773735883025,0.3481670427687738,,0
1990-06-08,358.7099915,-0.02365270153587784,0.37409752755733905,,0
1990-06-11,361.6300049,-0.015704924049537383,0.373131623145159,,0
1990-06-12,366.25,-0.003130086878316729,0.3523275328254086,,0
1990-06-13,364.8999939,-0.00680457278581359,0.35673691591440476,,0
1990-06-14,362.8999939,-0.012248231014464372,0.3604121629316429,,0
1990-06-15,362.9100037,-0.01222098604939581,0.3546651832592749,,0
1990-06-18,356.8800049,-0.028633612342583104,0.3743603348110996,,0
1990-06-19,358.4700012,-0.024305914121573458,0.3748813826601738,,0
1990-06-20,359.1000061,-0.022591148442585918,0.36425223527396017,,0
1990-06-21,360.4700012,-0.018862255892922675,0.35692042135722135,,0
1990-06-22,355.4299927,-0.032580297764670196,0.3733820716033184,,0
1990-06-25,352.3099976,-0.041072391264402985,0.3807154409458549,,0
1990-06-26,352.0599976,-0.04175284854298433,0.37867484682300967,,0
1990-06-27,355.1400146,-0.03336956859976703,0.3771863394625775,,0
1990-06-28,357.6300049,-0.02659224050683906,0.3719106886082068,,0
1990-06-29,358.019989,-0.025530770429335048,0.36777978165805914,,0
1990-07-02,359.5400085,-0.02139353709989278,0.3599579588055855,,0
1990-07-03,360.1600037,-0.019706016113790747,0.360790076479406,,0
1990-07-05,355.6799927,-0.03189984048608885,0.3782798085833065,,0
1990-07-06,358.4200134,-0.024441972370974563,0.3636160811308836,,0
1990-07-09,359.519989,-0.02144802675784696,0.3571662035379877,,0
1990-07-10,356.4899902,-0.02969516570805797,0.3756341988496695,,0
1990-07-11,361.230011,-0.01679363909211007,0.35443808119624626,,0
1990-07-12,365.4400024,-0.005334761928530329,0.3292588571713792,,0
1990-07-13,367.3099976,-0.00024495454952166984,0.3202939454594259,,0
1990-07-16,368.9500122,0.0,0.31999999999999995,,0
1990-07-17,367.519989,-0.0038759266911876367,0.3217939691722822,,0
1990-07-18,364.2200012,-0.012820194724471157,0.341098519383651,,0
1990-07-19,365.3200073,-0.009838744491034945,0.34609220767495613,,0
1990-07-20,361.6099854,-0.01989436660059274,0.3695875256349969,,0
1990-07-23,355.3099976,-0.03696981745214323,0.4015066380854289,,0
1990-07-24,355.7900085,-0.03566879865792294,0.39994541553236457,,0
1990-07-25,357.0899963,-0.03214531917015073,0.38714581157560934,,0
1990-07-26,355.9100037,-0.03534356435508479,0.39669799151181595,,0
1990-07-27,353.4400024,-0.04203824173230364,0.40758874722162136,,0
1990-07-30,355.5499878,-0.03631934938854575,0.4007260764091119,,0
1990-07-31,356.1499939,-0.0346930962914872,0.393060286978356,,0
1990-08-01,355.519989,-0.03640065796425518,0.40368078955710607,,0
1990-08-02,351.480011,-0.04735059119751406,0.41967785229415966,,0
1990-08-03,344.8599854,-0.06529347066924962,0.44406645051738514,,0
1990-08-06,334.4299927,-0.0935628631482126,0.4808468643492836,,0
1990-08-07,334.8299866,-0.0924787219725155,0.47954589493844707,,0
1990-08-08,338.3500061,-0.08293808127972746,0.45952569753567285,,0
1990-08-09,339.9400024,-0.07862856441450461,0.442925705868834,,0
1990-08-10,335.519989,-0.09060854341936786,0.45444453781752703,,0
1990-08-13,338.8399963,-0.08161001464794104,0.43793201757752914,,0
1990-08-14,339.3900146,-0.08011924819771021,0.4332859549801093,,0
1990-08-15,340.0599976,-0.07830333011166668,0.42824971041971416,,0
1990-08-16,332.3900146,-0.0990920081069997,0.4589104097283995,,0
1990-08-17,327.8299866,-0.11145148188180498,0.47659892111530866,,0
1990-08-20,328.5100098,-0.10960835089518406,0.4772443067885065,,0
1990-08-21,321.8599854,-0.12763253894262905,0.5131590467311546,,0
1990-08-22,316.5499878,-0.14202472602601535,0.5475725283740753,,0
1990-08-23,307.0599976,-0.16774634111260245,0.5841527521922657,,0
1990-08-24,311.5100098,-0.15568505353202977,0.5525363499527214,,0
1990-08-27,321.4400024,-0.12877085846048386,0.5059536015811519,,0
1990-08-28,321.3399963,-0.12904191442116453,0.49485029730539726,,0
1990-08-29,324.1900024,-0.12131727421040583,0.47986644333820117,,0
1990-08-30,318.7099915,-0.1361702643684043,0.48626146009922794,,0
1990-08-31,322.5599976,-0.12573522988489017,0.4765965615761538,,0
1990-09-04,323.0899963,-0.12429872444384216,0.48630132647546764,,0
1990-09-05,324.3900146,-0.12077516228904472,0.48493019474685356,,0
1990-09-06,320.4599915,-0.13142707439108192,0.5034267749835839,,0
1990-09-07,323.3999939,-0.12345850872423414,0.48815021046908086,,0
1990-09-10,321.6300049,-0.12825587677267458,0.49390705212720937,,0
1990-09-11,321.0400085,-0.12985499963618108,0.5015402852777029,,0
1990-09-12,322.5400085,-0.12578940822704765,0.490947289872457,,0
1990-09-13,318.6499939,-0.13633288151982337,0.503599457823788,,0
1990-09-14,316.8299866,-0.14126581888211687,0.5266618398013972,,0
1990-09-17,317.769989,-0.1387180417607803,0.532175935827222,,0
1990-09-18,318.6000061,-0.1364683681666511,0.526619184657124,,0
1990-09-19,316.6000061,-0.1418891567121624,0.5445527023403091,,0
1990-09-20,311.480011,-0.1557663621077392,0.5583482059578583,,0
1990-09-21,311.3200073,-0.15620003521983894,0.5531543279780924,,0
1990-09-24,304.5899963,-0.1744410184898213,0.5779006507592139,,0
1990-09-25,308.2600098,-0.16449383491848557,0.5602497447593254,,0
1990-09-26,305.0599976,-0.17316712965811365,0.5678005555897362,,0
1990-09-27,300.9700012,-0.18425263247626478,0.5782460161143748,,0
1990-09-28,306.0499878,-0.17048386588994946,0.5617234962107964,,0
1990-10-01,314.9400024,-0.14638842123339546,0.5213803911943602,,0
1990-10-02,315.2099915,-0.14565664432304903,0.5119308303305159,,0
1990-10-03,311.3999939,-0.15598323999730168,0.5243227451396191,,0
1990-10-04,312.6900024,-0.1524868083470956,0.5201270271593718,,0
1990-10-05,311.5,-0.15571218403662113,0.5239974779868024,,0
1990-10-08,313.480011,-0.150345573562228,0.5147004025603877,,0
1990-10-09,305.1000061,-0.17305869084885217,0.5590990004471939,,0
1990-10-10,300.3900146,-0.1858246248351798,0.57727526408793,,0
1990-10-11,295.4599915,-0.19918693120997277,0.5933100317376815,,0
1990-10-12,300.0299988,-0.18680040959760136,0.5727319200885501,,0
1990-10-15,303.230011,-0.17812711485797317,0.5623239664009962,,0
1990-10-16,298.9200134,-0.1898089076686036,0.570627832059467,,0
1990-10-17,298.7600098,-0.19024258050966403,0.5654339537544538,,0
1990-10-18,305.7399902,-0.17132408160955737,0.5341603265028974,,0
1990-10-19,312.480011,-0.15305596783498365,0.5065243042591231,,0
1990-10-22,314.7600098,-0.14687627214557397,0.5019658122889743,,0
1990-10-23,312.3599854,-0.15338128453380762,0.5012003985834261,,0
1990-10-24,312.6000061,-0.15273073380318491,0.5032768805638218,,0
1990-10-25,310.1700134,-0.15931697210010276,0.5197517950915518,,0
1990-10-26,304.7099915,-0.17411578418698315,0.5517960838815225,,0
1990-10-29,301.8800049,-0.18178616365959832,0.5695719678200892,,0
1990-10-30,304.0599976,-0.1758775239308693,0.5739101715741859,,0
1990-10-31,304.0,-0.17604014108228838,0.5741053121558888,,0
1990-11-01,307.019989,-0.16785478019290334,0.5642828790886267,,0
1990-11-02,311.8500061,-0.15476352950775163,0.5400019496950161,,0
1990-11-05,314.5899963,-0.14733707576226507,0.5225187766290037,,0
1990-11-06,311.6199951,-0.1553869500048224,0.5321786257200725,,0
1990-11-07,306.0100098,-0.17059222203218571,0.5532820950100513,,0
1990-11-08,307.6099854,-0.16625565732939684,0.5509353602238475,,0
1990-11-09,313.7399902,-0.14964092742751234,0.5309976843415861,,0
1990-11-12,319.480011,-0.13408320792569417,0.5094712780822614,,0
1990-11-13,317.6700134,-0.13898901505443562,0.5039296752081798,,0
1990-11-14,320.3999939,-0.131589691542501,0.4893362012795725,,0
1990-11-15,317.019989,-0.140750837465347,0.4974724335298448,,0
1990-11-16,317.1199951,-0.14047978150466645,0.49714716637702816,,0
1990-11-19,319.3399963,-0.13446270296667584,0.4899266721314395,,0
1990-11-20,315.3099976,-0.14538558836236848,0.5144627060348421,,0
1990-11-21,316.0299988,-0.1434341012335113,0.5092637786230706,,0
1990-11-23,315.1000061,-0.14595474812129583,0.5037171263169835,,0
1990-11-26,316.5100098,-0.1421330821682516,0.5048454128876161,,0
1990-11-27,318.1000061,-0.13782356530302897,0.5053882783636345,,0
1990-11-28,317.9500122,-0.13823010791053714,0.5058761294926444,,0
1990-11-29,316.4200134,-0.1423770078953801,0.5194238380458847,,0
1990-11-30,322.2200012,-0.1266567541802076,0.5034166764448204,,0
1990-12-03,324.1000061,-0.12156119966649515,0.48587343959979407,,0
1990-12-04,326.3500061,-0.115462812552795,0.4814125179204968,,0
1990-12-05,329.9200134,-0.10578668521317913,0.45551545082724343,,0
1990-12-06,329.0700073,-0.10809053687842651,0.44685150139696883,,0
1990-12-07,327.75,-0.11166827710434213,0.4511447896680676,,0
1990-12-10,328.8900146,-0.10857838806164444,0.45315120853111607,,0
1990-12-11,326.4400024,-0.11521888709670569,0.46683409308747537,,0
1990-12-12,330.1900024,-0.10505490857387201,0.4574944617172177,,0
1990-12-13,329.3399963,-0.1073587602391195,0.4631162265726576,,0
1990-12-14,326.8200073,-0.11418892399212666,0.48274099450483765,,0
1990-12-17,326.019989,-0.11635728901054632,0.4967716039555126,,0
1990-12-18,330.0499878,-0.10543440334381426,0.47223556972686276,,0
1990-12-19,330.2000122,-0.10502777806928065,0.4717476193974224,,0
1990-12-20,330.1199951,-0.10524465595884325,0.4805793014363261,,0
1990-12-21,331.75,-0.10082670001331961,0.46099204001598343,,0
1990-12-24,329.8999939,-0.10584094595132254,0.46129484942730126,,0
1990-12-26,330.8500061,-0.10326603832539472,0.45820496027618784,,0
1990-12-27,328.2900085,-0.11020464115870277,0.4722455693904432,,0
1990-12-28,328.7200012,-0.10903919140729601,0.497751791593517,,0
1990-12-31,330.2200012,-0.10497359999816258,0.5006521144641982,,0
1991-01-02,326.4500122,-0.11519175659211434,0.5142537299577812,,0
1991-01-03,321.9100037,-0.1274969696287762,0.5459795568318423,,0
1991-01-04,321.0,-0.12996343844544267,0.5391704118488168,,0
1991-01-07,315.4400024,-0.14503322409701758,0.5788731096056927,,0
1991-01-08,314.8999939,-0.14649686004265694,0.6026068632804241,,0
1991-01-09,311.4899902,-0.15573931454121248,0.6167134322757097,,0
1991-01-10,314.5299988,-0.14749969264264473,0.5942249058964483,,0
1991-01-11,315.230011,-0.14560238358490563,0.5948460130112462,,0
1991-01-14,312.4899902,-0.15302892026845683,0.6272685344445279,,0
1991-01-15,313.730011,-0.14966797499403905,0.5938561424991965,,0
1991-01-16,316.1700134,-0.14305460646356905,0.5540493348940269,,0
1991-01-17,327.9700012,-0.11107198711186272,0.6003840537906169,,0
1991-01-18,332.230011,-0.09952568094805991,0.5796340596188747,,0
1991-01-21,331.0599976,-0.10269687856646725,0.572372572209197,,0
1991-01-22,328.3099976,-0.11015046281654528,0.5970672101458911,,0
1991-01-23,330.2099915,-0.10500073023171452,0.5770801632123629,,0
1991-01-24,334.7799988,-0.09261420861934322,0.5559905301966916,,0
1991-01-25,336.0700073,-0.08911777696913714,0.5335515174303324,,0
1991-01-28,336.0299988,-0.08922621577839862,0.5729504129329805,,0
1991-01-29,335.8399963,-0.0897411974662079,0.5548802507744985,,0
1991-01-30,340.9100037,-0.07599947844641919,0.5207002759390359,,0
1991-01-31,343.9299927,-0.06781411755703415,0.511594755810118,,0
1991-02-01,343.0499878,-0.07019927779799107,0.5265552880445783,,0
1991-02-04,348.3399963,-0.055861269056762475,0.5110570734372482,,0
1991-02-05,351.2600098,-0.04794688118999346,0.4871657956281455,,0
1991-02-06,358.0700073,-0.02948910296851326,0.49945272869889273,,0
1991-02-07,356.519989,-0.03369026369149963,0.4981023091037921,,0
1991-02-08,359.3500061,-0.026019801551859234,0.47247704872148494,,0
1991-02-11,368.5799866,-0.001002915267013016,0.43612740811496514,,0
1991-02-12,365.5,-0.009350893307817021,0.4458124018977429,,0
1991-02-13,369.019989,0.0,0.41745534142701807,,0
1991-02-14,364.2200012,-0.013007392399006279,0.3438877756880003,,0
1991-02-15,369.0599976,0.0,0.31261779410520824,,0
1991-02-19,369.3900146,0.0,0.29314044606972883,,0
1991-02-20,365.1400146,-0.011505454484475375,0.3379103518884035,,0
1991-02-21,364.9700012,-0.011965708939875475,0.33174204185668005,,0
1991-02-22,365.6499939,-0.0101248559846695,0.3314045252294048,,0
1991-02-25,367.2600098,-0.005766276065438558,0.35505347505959106,,0
1991-02-26,362.8099976,-0.017813196729546843,0.37673414640629205,,0
1991-02-27,367.7399902,-0.004466889560581944,0.3648903879349332,,0
1991-02-28,367.0700073,-0.0062806443279530555,0.35866346032362334,,0
1991-03-01,370.4700012,0.0,0.34272989870670506,,0
1991-03-04,369.3299866,-0.003077211640098776,0.3420470468333809,,0
1991-03-05,376.7200012,0.0,0.3215021941067551,,0
1991-03-06,376.1700134,-0.0014599378802507834,0.30897919062403245,,0
1991-03-07,375.9100037,-0.002150131390475263,0.3264646571168215,,0
1991-03-08,374.9500122,-0.004698420562651018,0.35195460713823534,,0
1991-03-11,372.9599915,-0.009980913378697442,0.3706798154347206,,0
1991-03-12,370.0299988,-0.017758553776517694,0.3569864715342011,,0
1991-03-13,374.5700073,-0.005707140298235935,0.3236714480950025,,0
1991-03-14,373.5,-0.008547465464384785,0.31351911924066034,,0
1991-03-15,373.5899963,-0.00830857106081373,0.2480563938481097,,0
1991-03-18,372.1099854,-0.012237247253438333,0.25632759805290967,,0
1991-03-19,366.5899963,-0.026890010797759656,0.3055958365862394,,0
1991-03-20,367.9200134,-0.023359491855936998,0.28912825290955746,,0
1991-03-21,366.5799866,-0.026916581460236122,0.30092897424702947,,0
1991-03-22,367.480011,-0.024527474438753027,0.27282795846787755,,0
1991-03-25,369.8299866,-0.018289484439511172,0.24852915915399046,,0
1991-03-26,376.2999878,-0.0011149219544014377,0.21936209502968082,,0
1991-03-27,375.3500061,-0.0036366401986517305,0.22187784359723717,,0
1991-03-28,375.2200012,-0.003981737086488413,0.20624354866464312,,0
1991-04-01,371.2999878,-0.014387378909362813,0.24823761167399505,,0
1991-04-02,379.5,0.0,0.2797444273067876,,0
1991-04-03,378.9400024,-0.001475619499341163,0.27221205806611204,,0
1991-04-04,379.769989,0.0,0.262610575444563,,0
1991-04-05,375.3599854,-0.011612301465980246,0.2611843963039011,,0
1991-04-08,378.6600037,-0.002922783084895131,0.253864722574378,,0
1991-04-09,373.5599976,-0.016351980356194118,0.32865699044006436,,0
1991-04-10,373.1499939,-0.01743159094122093,0.27590703508173525,,0
1991-04-11,377.6300049,-0.0056349478947373965,0.23555045025662558,,0
1991-04-12,380.3999939,0.0,0.25278750773785125,,0
1991-04-15,381.1900024,0.0,0.223250385315959,,0
1991-04-16,387.6199951,0.0,0.20543529285597903,,0
1991-04-17,390.4500122,0.0,0.17962809084558312,,0
1991-04-18,388.4599915,-0.005096736170623228,0.19738290735392333,,0
1991-04-19,384.2000122,-0.016007170712543317,0.2672510524031587,,0
1991-04-22,380.9500122,-0.02433089948306577,0.3676176910260969,,0
1991-04-23,381.7600098,-0.022256376305473724,0.3671231790129592,,0
1991-04-24,382.7600098,-0.019695228991466807,0.3591015260211548,,0
1991-04-25,379.25,-0.02868488116287482,0.37487507511698853,,0
1991-04-26,379.019989,-0.029273973217716742,0.3727466968332961,,0
1991-04-29,373.6600037,-0.04300168517192837,0.392629084696063,,0
1991-04-30,375.3399963,-0.03869897663688693,0.35950055016238047,,0
1991-05-01,380.2900085,-0.026021266186555425,0.31299472644502413,,0
1991-05-02,380.519989,-0.02543225224670642,0.31322146620273345,,0
1991-05-03,380.7999878,-0.024715134072161304,0.30701105199135936,,0
1991-05-06,380.0799866,-0.026559163211623105,0.33093576380658324,,0
1991-05-07,377.3200073,-0.03362787678253276,0.3181109580522786,,0
1991-05-08,378.5100098,-0.03058010507599629,0.3210483896731467,,0
1991-05-09,383.25,-0.01844029190684704,0.3215982830828475,,0
1991-05-10,375.7399902,-0.03767453333428272,0.3745671156919625,,0
1991-05-13,376.7600098,-0.03506211287550842,0.36844067417885124,,0
1991-05-14,371.6199951,-0.04822644771836948,0.43458663681099724,,0
1991-05-15,368.5700073,-0.05603791578009332,0.4276671735673175,,0
1991-05-16,372.1900024,-0.04676657505301007,0.4000326670550103,,0
1991-05-17,372.3900146,-0.04625431434421157,0.3557974980626491,,0
1991-05-20,372.2799988,-0.046536081014879827,0.30426728499478467,,0
1991-05-21,375.3500061,-0.03867334006450318,0.2585801646087845,,0
1991-05-22,376.1900024,-0.03652198579698229,0.2195912409186447,,0
1991-05-23,374.9599915,-0.03967222490971667,0.22655058229570996,,0
1991-05-24,377.4899902,-0.03319252553477059,0.2143626892120776,,0
1991-05-28,381.9400024,-0.02179538874144249,0.20392575352407194,,0
1991-05-29,382.7900085,-0.019618397901538076,0.17396497217066875,,0
1991-05-30,386.9599915,-0.008938457141633549,0.153372485549069,,0
1991-05-31,389.8299866,-0.001587976900055632,0.13889251551184198,,0
1991-06-03,388.0599976,-0.006121179473227434,0.1450554858434013,,0
1991-06-04,387.7399902,-0.006940765566199603,0.1484479662984871,,0
1991-06-05,385.0899963,-0.013727790325319456,0.16326244540555485,,0
1991-06-06,383.6300049,-0.017467043377902614,0.1897229665978383,,0
1991-06-07,379.4299927,-0.0282238933427289,0.21696906770266092,,0
1991-06-10,378.5700073,-0.030426442640024143,0.2402245488653756,,0
1991-06-11,381.0499878,-0.024074847243659492,0.22782117334531263,,0
1991-06-12,376.6499939,-0.03534387980229137,0.2612320477213096,,0
1991-06-13,377.6300049,-0.03283392726194412,0.2181647963185478,,0
1991-06-14,382.2900085,-0.02089897155854159,0.19988846522049492,,0
1991-06-17,380.1300049,-0.02643105897692677,0.19844511914269952,,0
1991-06-18,378.5899963,-0.030375247866364363,0.236285132274472,,0
1991-06-19,375.0899963,-0.03933926346538863,0.32017661286809784,,0
1991-06-20,375.4200134,-0.03849404105614718,0.3117334754897551,,0
1991-06-21,377.75,-0.03252660213388514,0.31448102761425745,,0
1991-06-24,370.9400024,-0.04996800919551869,0.4120245696778402,,0
1991-06-25,370.6499939,-0.05071076368633287,0.4006666371038452,,0
1991-06-26,371.5899963,-0.048303279064412896,0.3875356075970489,,0
1991-06-27,374.3999939,-0.0411064612588069,0.3668011223780597,,0
1991-06-28,371.1600037,-0.04940455345694572,0.3585325465129785,,0
1991-07-01,377.9200134,-0.03209117277112994,0.3853302291036635,,0
1991-07-02,377.4700012,-0.03324372030843026,0.37881798763774477,,0
1991-07-03,373.3299866,-0.043846907581169825,0.41715229914888335,,0
1991-07-05,374.0799866,-0.04192604709566461,0.4022090999564717,,0
1991-07-08,377.9400024,-0.03203997799747027,0.3962661521259326,,0
1991-07-09,376.1099854,-0.03672692112160725,0.3791961015864528,,0
1991-07-10,375.7399902,-0.03767453333428272,0.36420364032136693,,0
1991-07-11,376.9700012,-0.03452429396543377,0.3009230606932441,,0
1991-07-12,380.25,-0.02612373384886779,0.30674713974906864,,0
1991-07-15,382.3900146,-0.02064284120414228,0.2772566567063833,,0
1991-07-16,381.5400085,-0.022819832044046695,0.2625817240568682,,0
1991-07-17,381.1799927,-0.023741885543216767,0.26684441205864107,,0
1991-07-18,385.3699951,-0.013010672150774338,0.20097567944674008,,0
1991-07-19,384.2200012,-0.015955975938883538,0.20988097689352023,,0
1991-07-22,382.8800049,-0.01938790386340772,0.2529143459184498,,0
1991-07-23,379.4200134,-0.028249451800119507,0.19950334547120474,,0
1991-07-24,378.6400146,-0.03024714363166825,0.182101164390442,,0
1991-07-25,380.9599915,-0.024305341025675054,0.16810815474873236,,0
1991-07-26,380.9299927,-0.02438217237171847,0.15361924847464556,,0
1991-07-29,383.1499939,-0.018696422261246348,0.13393802000361388,,0
1991-07-30,386.6900024,-0.009629938999909604,0.09307137358236238,,0
1991-07-31,387.8099976,-0.006761466301729135,0.08411009655841194,,0
1991-08-01,387.1199951,-0.008528664351262205,0.07052616119715296,,0
1991-08-02,387.1799927,-0.008375001659175263,0.06860755613715104,,0
1991-08-05,385.0599976,-0.013804621415248186,0.09175491276168397,,0
1991-08-06,390.6199951,0.0,0.08779580314811754,,0
1991-08-07,390.5599976,-0.0001535955679500267,0.08916678556274506,,0
1991-08-08,389.3200073,-0.0033280114082926415,0.09372945702593741,,0
1991-08-09,387.1199951,-0.008960114801865093,0.1061613202383762,,0
1991-08-12,388.019989,-0.006656100897585504,0.08263104563422066,,0
1991-08-13,389.6199951,-0.002560032800532852,0.07747170626096542,,0
1991-08-14,389.8999939,-0.0018432266884229609,0.07684700112465126,,0
1991-08-15,389.3299866,-0.0033024640729661936,0.07756013551783407,,0
1991-08-16,385.5799866,-0.012902587074964611,0.11270088669050618,,0
1991-08-19,376.4700012,-0.036224448511340324,0.4529100939806425,,0
1991-08-20,379.4299927,-0.028646773182041785,0.38002972052898387,,0
1991-08-21,390.5899963,-7.679791197656716e-05,0.36075622424963877,,0
1991-08-22,391.3299866,0.0,0.3400210983939431,,0
1991-08-23,394.1700134,0.0,0.330684719104341,,0
1991-08-26,393.8500061,-0.0008118509504052573,0.31336691989486953,,0
1991-08-27,393.0599976,-0.0028160838274463584,0.31844366555678916,,0
1991-08-28,396.6400146,0.0,0.3259472996515679,,0
1991-08-29,396.4700012,-0.0004286340100391195,0.3152023392272439,,0
1991-08-30,395.4299927,-0.0030506803536204385,0.32096441222883754,,0
1991-09-03,392.1499939,-0.011320140517158905,0.35396974254861885,,0
1991-09-04,389.9700012,-0.01681628971985205,0.37906150413850415,,0
1991-09-05,389.1400146,-0.018908833511322665,0.39414347801798866,,0
1991-09-06,389.1000061,-0.01900970205339436,0.3855225097900449,,0
1991-09-09,388.5700073,-0.020345923262781174,0.4074590619712032,,0
1991-09-10,384.5599976,-0.030455870702259746,0.444064637333359,,0
1991-09-11,385.0899963,-0.029119649744990594,0.4263092513273835,,0
1991-09-12,387.3399963,-0.023446999691593806,0.3763654734488899,,0
1991-09-13,383.5899963,-0.032901416447255194,0.4131137081421578,,0
1991-09-16,385.7799988,-0.027380030759004526,0.40483041306980283,,0
1991-09-17,385.5,-0.028085957518013793,0.3637818013607166,,0
1991-09-18,386.9400024,-0.024455455433013085,0.34753595411996285,,0
1991-09-19,387.5599976,-0.02289233729773066,0.24664035575175014,,0
1991-09-20,387.9200134,-0.021984673454577774,0.19256607083790273,,0
1991-09-23,385.9200134,-0.02702702905759713,0.1938837155832469,,0
1991-09-24,387.7099915,-0.022514176006688702,0.18488160670591905,,0
1991-09-25,386.8800049,-0.024606719798159205,0.16073962276108758,,0
1991-09-26,386.4899902,-0.025590016202061583,0.16162050811659043,,0
1991-09-27,385.8999939,-0.027077501776594404,0.17958511639135405,,0
1991-09-30,387.8599854,-0.022136014715646746,0.16653130835031252,,0
1991-10-01,389.2000122,-0.018757568894058774,0.17770189975250725,,0
1991-10-02,388.2600098,-0.021127482078304616,0.16530716872889217,,0
1991-10-03,384.4700012,-0.03068276762815536,0.19505720910245675,,0
1991-10-04,381.25,-0.03880096317442994,0.19949798855549467,,0
1991-10-07,379.5,-0.04321302432707197,0.2853722474469487,,0
1991-10-08,380.6700134,-0.040263212515523006,0.2606364424761813,,0
1991-10-09,376.7999878,-0.050020235149517256,0.2912306223316846,,0
1991-10-10,380.5499878,-0.04056581839385598,0.2746844184966682,,0
1991-10-11,381.4500122,-0.03829669685575887,0.2644124643598871,,0
1991-10-14,386.4700012,-0.025640412025136006,0.22823071248809956,,0
1991-10-15,391.0100098,-0.014194243124152961,0.1699468475191106,,0
1991-10-16,392.7999878,-0.009681390325362194,0.12303002107889927,,0
1991-10-17,391.9200134,-0.011899962248538953,0.126657359032257,,0
1991-10-18,392.5,-0.010437712907445995,0.12177282982857741,,0
1991-10-21,390.019989,-0.016690261588145794,0.14672125480336512,,0
1991-10-22,387.8299866,-0.022211647024278802,0.1629658556253904,,0
1991-10-23,387.9400024,-0.02193427763150335,0.15612872790690524,,0
1991-10-24,385.0700073,-0.029170045568065017,0.1839290342914402,,0
1991-10-25,384.2000122,-0.03136345790160722,0.2077795606404032,,0
1991-10-28,389.519989,-0.01795085048890066,0.19103889907466853,,0
1991-10-29,391.480011,-0.01300928653203004,0.16727233808581743,,0
1991-10-30,392.9599915,-0.009277992548762826,0.16381671039342718,,0
1991-10-31,392.4500122,-0.010563741039152252,0.17739774117374382,,0
1991-11-01,391.3200073,-0.013412684308629519,0.1882971903728898,,0
1991-11-04,390.2799988,-0.016034730652210838,0.17773870641878223,,0
1991-11-05,388.7099915,-0.01999299820517897,0.17935207979512463,,0
1991-11-06,389.9700012,-0.01681628971985205,0.1843869059571898,,0
1991-11-07,393.7200012,-0.007361872964190774,0.1586147271247425,,0
1991-11-08,392.8900146,-0.009454416755661388,0.13095632111179606,,0
1991-11-11,393.1199951,-0.008874595024281229,0.14258633926579767,,0
1991-11-12,396.7399902,0.0,0.13589366782704082,,0
1991-11-13,397.4100037,0.0,0.15865204954182216,,0
1991-11-14,397.1499939,-0.0006542608328407029,0.1677336008443313,,0
1991-11-15,382.6199951,-0.03721599472157433,0.36837122399417127,,0
1991-11-18,385.2399902,-0.03062331946023933,0.35436266993617477,,0
1991-11-19,379.4200134,-0.04526808618934619,0.4134504634728232,,0
1991-11-20,378.5299988,-0.04750762367384265,0.4094400707216224,,0
1991-11-21,380.0599976,-0.04365769844358858,0.392194436691841,,0
1991-11-22,376.1400146,-0.05352152412362643,0.4310128053222133,,0
1991-11-25,375.3399963,-0.055534604550771194,0.43093615258170054,,0
1991-11-26,377.9599915,-0.04894192903780692,0.38815989220609753,,0
1991-11-27,376.5499878,-0.052489911441049086,0.4028023884385494,,0
1991-11-29,375.2200012,-0.0558365473777831,0.4215418963318163,,0
1991-12-02,381.3999939,-0.040285875169075336,0.38086887184930446,,0
1991-12-03,380.9599915,-0.04139305011661942,0.3734488055695347,,0
1991-12-04,380.0700073,-0.04363251110580946,0.3714766532854611,,0
1991-12-05,377.3900146,-0.05037615790646499,0.38799813964388963,,0
1991-12-06,379.1000061,-0.046073318309878375,0.35762605549913723,,0
1991-12-09,378.2600098,-0.048186995097526886,0.3540307350711257,,0
1991-12-10,377.8999939,-0.04909290057712756,0.3583704593056028,,0
1991-12-11,377.7000122,-0.04959611312371204,0.3475437832831747,,0
1991-12-12,381.5499878,-0.03990844657240322,0.3309746561956788,,0
1991-12-13,384.4700012,-0.032560837370788076,0.3543719598237704,,0
1991-12-16,384.4599915,-0.03258602470856731,0.370123147474041,,0
1991-12-17,382.7399902,-0.036914051894562316,0.3771287003741713,,0
1991-12-18,383.480011,-0.03505194275510892,0.36380627630801304,,0
1991-12-19,382.519989,-0.037467639368334305,0.3994793372394293,,0
1991-12-20,387.0400085,-0.026093946059365436,0.3820657964957282,,0
1991-12-23,396.8200073,-0.0014846037958455849,0.3692484217100711,,0
1991-12-24,399.3299866,0.0,0.3344206160500238,,0
1991-12-26,404.8399963,0.0,0.34602589603505873,,0
1991-12-27,406.4599915,0.0,0.34059459878239773,,0
1991-12-30,415.1400146,0.0,0.39916133439558965,0.5062674880540361,0
1991-12-31,417.0899963,0.0,0.4280573333534218,0.5061818826523403,0
1992-01-02,417.2600098,0.0,0.4163849779111591,0.5060962772506447,0
1992-01-03,419.3399963,0.0,0.42120147974664324,0.506010671848949,0
1992-01-06,417.9599915,-0.0032908971530889453,0.4160356541256178,0.5059497279767265,0
1992-01-07,417.3999939,-0.004626323310720104,0.4238519481169216,0.5059381071634503,0
1992-01-08,418.1000061,-0.0029570043662444645,0.4334438500006857,0.5059264863501742,0
1992-01-09,417.6099854,-0.004125556625326765,0.41177965146826595,0.5059148655368981,0
1992-01-10,415.1000061,-0.010111103728266069,0.4079562691048486,0.505903244723622,0
1992-01-13,414.3399963,-0.011923498936702748,0.4092677804079746,0.5058916239103459,0
1992-01-14,420.4400024,0.0,0.367026941251684,0.5058800030970697,0
1992-01-15,420.769989,0.0,0.248601704262175,0.5058273443797434,0
1992-01-16,418.2099915,-0.006084078158910766,0.31040944234240775,0.505754166710392,0
1992-01-17,418.8599854,-0.004539305677525363,0.22456400384467626,0.5056809890410404,0
1992-01-20,416.3599854,-0.010480794056821341,0.20220787218842481,0.505607811371689,0
1992-01-21,412.6400146,-0.019321659368629618,0.2696046510139564,0.5055346337023375,0
1992-01-22,418.1300049,-0.0062741739406704244,0.22594461341157768,0.505461456032986,0
1992-01-23,414.9599915,-0.013808013051995527,0.22263041147749218,0.5053882783636345,0
1992-01-24,415.480011,-0.012572137125492655,0.2336725258195247,0.5053068485422317,0
1992-01-27,414.9899902,-0.013736718281017857,0.22083014337630189,0.505225418720829,0
1992-01-28,414.9599915,-0.013808013051995527,0.21588750473285503,0.5051439888994262,0
1992-01-29,410.3399963,-0.024787872169276803,0.2542957261692321,0.5050625590780234,0
1992-01-30,411.6199951,-0.021745832970991752,0.24051884240392496,0.5049811292566206,0
1992-01-31,408.7799988,-0.028495354976469156,0.24384992050914722,0.504899699435218,0
1992-02-03,409.5299988,-0.026712908462680374,0.24854050685249096,0.5048174279575209,0
1992-02-04,413.8500061,-0.016445999194110827,0.23631598228963183,0.5047334731672357,0
1992-02-05,413.8399963,-0.01646978843826241,0.22753562224207896,0.5046495183769504,0
1992-02-06,413.8200073,-0.016517294202747945,0.24277373648069844,0.504565563586665,0
1992-02-07,411.0899963,-0.02300542565548802,0.26221064864380317,0.5044816087963798,0
1992-02-10,413.769989,-0.016636167462028784,0.24443505828414674,0.5043976540060945,0
1992-02-11,413.7600098,-0.016659883982362733,0.21612189823978642,0.5043136992158093,0
1992-02-12,417.1300049,-0.008650769292388838,0.19212577340724607,0.5042857142857141,0
1992-02-13,413.6900024,-0.016826263243788442,0.2265710528158944,0.5042857142857141,0
1992-02-14,412.480011,-0.019701923180647785,0.23316769292766426,0.5042857142857141,0
1992-02-18,407.3800049,-0.03182257397164323,0.29861915444076365,0.5042857142857141,0
1992-02-19,408.2600098,-0.02973115841681384,0.26319918957952315,0.5042857142857141,0
1992-02-20,413.8999939,-0.016327198420988065,0.1877920594218653,0.5042857142857141,0
1992-02-21,411.4299927,-0.022197391791647036,0.19786642003946026,0.5042857142857141,0
1992-02-24,412.269989,-0.02020106048960635,0.17487573989717614,0.5042857142857141,0
1992-02-25,410.4500122,-0.02452640889272173,0.16911993418206772,0.5042857142857141,0
1992-02-26,415.3500061,-0.012881106166533263,0.158759793889308,0.5042857142857141,0
1992-02-27,413.8599854,-0.01642228243611732,0.14863659659191925,0.5042857142857141,0
1992-02-28,412.7000122,-0.01917906935135527,0.14985391662271993,0.5042857142857141,0
1992-03-02,412.4500122,-0.019773218189284902,0.1559878973984411,0.5042857142857141,0
1992-03-03,412.8500061,-0.01882259454582924,0.15178909794020137,0.5042679123318374,0
1992-03-04,409.3299866,-0.027188256527487353,0.20811417777408492,0.5042145064702073,0
1992-03-05,406.5100098,-0.03389020028232104,0.2431437537832747,0.5041611006085771,0
1992-03-06,404.4400024,-0.038809770247183684,0.2840031422647719,0.5041076947469469,0
1992-03-09,405.2099915,-0.03697981773124981,0.28091343765481736,0.5040542888853168,0
1992-03-10,406.8900146,-0.03298708264101036,0.28850903148163026,0.5040008830236866,0
1992-03-11,404.0299988,-0.03978418289713148,0.3035514843430116,0.5039474771620565,0
1992-03-12,403.8900146,-0.0401168686961656,0.3050079534494642,0.5039084203190601,0
1992-03-13,405.8399963,-0.03548255125200961,0.27157200276569915,0.5038765379853807,0
1992-03-16,406.3900146,-0.03417538031686962,0.270405497783372,0.5038446556517012,0
1992-03-17,409.5799866,-0.026594107689557722,0.2632727899490205,0.5038127733180219,0
1992-03-18,409.1499939,-0.0276160263416505,0.25710201419776313,0.5037808909843424,0
1992-03-19,409.7999878,-0.02607125386026521,0.2255984695318371,0.503749008650663,0
1992-03-20,411.2999878,-0.022506360832687644,0.23458237845225646,0.5037171263169835,0
1992-03-23,409.9100037,-0.025809790583710135,0.2500675359179254,0.5036994760430041,0
1992-03-24,408.8800049,-0.028257680944065555,0.2552725165140029,0.5036818257690249,0
1992-03-25,407.519989,-0.031489888410268674,0.1937686907449015,0.5036641754950455,0
1992-03-26,407.8599854,-0.03068185454642769,0.18834029347675163,0.5036465252210662,0
1992-03-27,403.5,-0.04104377558162786,0.2549397746810431,0.5036288749470869,0
1992-03-30,403.0,-0.04223207325748701,0.23934286310135194,0.5036112246731076,0
1992-03-31,403.6900024,-0.040592216760972466,0.2411902705220792,0.5035908236817778,0
1992-04-01,404.230011,-0.0393088348323245,0.2539785307119814,0.5035649212557471,0
1992-04-02,400.5,-0.04817356163678299,0.2665493732940444,0.5035390188297165,0
1992-04-03,401.5499878,-0.04567816551194204,0.23270660697673493,0.5035131164036859,0
1992-04-06,405.5899963,-0.03607670008993924,0.2457611582552491,0.5034872139776553,0
1992-04-07,398.0599976,-0.053972459998804845,0.27789607606355465,0.5034613115516248,0
1992-04-08,394.5,-0.06243313374709336,0.373832643037713,0.5034354091255941,0
1992-04-09,400.6400146,-0.04784080358925036,0.3126940430966684,0.5034257651297075,0
1992-04-10,404.2900085,-0.039166245052709825,0.33682380159679426,0.503424250348893,0
1992-04-13,406.0799866,-0.034912191420572114,0.3353762218408773,0.5034227355680785,0
1992-04-14,412.3900146,-0.01991580820655925,0.28722906577929885,0.5034212207872639,0
1992-04-15,416.2799988,-0.010670889838581221,0.25613332379108694,0.5034197060064495,0
1992-04-16,416.0400085,-0.011241249670018716,0.24596269977829782,0.5034181912256349,0
1992-04-20,410.1799927,-0.02516813598129497,0.298273022915358,0.5034166764448204,0
1992-04-21,410.2600098,-0.024977967713377125,0.31161625738772075,0.5033957070626706,0
1992-04-22,409.8099976,-0.026047464616113625,0.3043780331087754,0.5033747376805208,0
1992-04-23,411.6000061,-0.021793338735477286,0.29351989804977163,0.503353768298371,0
1992-04-24,409.019989,-0.02792499538269111,0.2989821834926271,0.5033327989162212,0
1992-04-27,408.4500122,-0.029279599596158445,0.3110193340491367,0.5033118295340715,0
1992-04-28,409.1099854,-0.027711110356779756,0.30617364968511296,0.5032908601519217,0
1992-04-29,412.019989,-0.02079520932753598,0.2872153913026197,0.5032113271500794,0
1992-04-30,414.9500122,-0.013831729809988924,0.26434241470230485,0.5030146669088523,0
1992-05-01,412.5299988,-0.019583122407525133,0.30217584068189934,0.5028180066676251,0
1992-05-04,416.9100037,-0.009173623121681351,0.2947980156916133,0.502621346426398,0
1992-05-05,416.8399963,-0.009340002383107282,0.29149076837051496,0.5024246861851709,0
1992-05-06,416.7900085,-0.009458803156229822,0.28093626616469164,0.5022280259439438,0
1992-05-07,415.8500061,-0.011692808490674111,0.22094639037748637,0.5020313657027167,0
1992-05-08,416.0499878,-0.011217532912025319,0.22501874415351336,0.5019232595878471,0
1992-05-11,418.4899902,-0.005418634550003465,0.15027199316294704,0.5018594305361564,0
1992-05-12,416.2900085,-0.010647100832089085,0.19923731031128095,0.5017956014844657,0
1992-05-13,416.4500122,-0.01026683678241136,0.18846296068543206,0.501731772432775,0
1992-05-14,413.1400146,-0.018133361692770467,0.18495442745204757,0.5016679433810843,0
1992-05-15,410.0899963,-0.025382021007206435,0.2427585874287067,0.5016041143293936,0
1992-05-18,412.8099976,-0.018917678560958495,0.1990711748423435,0.5015402852777029,0
1992-05-19,416.3699951,-0.010457005050329315,0.1743877438953364,0.5015235282003332,0
1992-05-20,415.3900146,-0.012786022151404008,0.1789267359102272,0.5015067711229634,0
1992-05-21,412.6000061,-0.019416743383758872,0.19055685787342613,0.5014900140455937,0
1992-05-22,414.019989,-0.016042018624099152,0.17866941570457473,0.5014732569682239,0
1992-05-26,411.4100037,-0.02224489755613257,0.19526846543168241,0.5014564998908542,0
1992-05-27,412.1700134,-0.02043866203585154,0.20512739265343077,0.5014397428134844,0
1992-05-28,416.7399902,-0.00957767641551066,0.2012671818616522,0.5014285714285712,0
1992-05-29,415.3500061,-0.012881106166533263,0.22431072583062092,0.5014285714285712,0
1992-06-01,417.2999878,-0.008246788722377274,0.20840724306648983,0.5014285714285712,0
1992-06-02,413.5,-0.017277822064443837,0.20330119612790554,0.5014285714285712,0
1992-06-03,414.5899963,-0.01468734192447363,0.18564346926399908,0.5014285714285712,0
1992-06-04,413.2600098,-0.017848181658221884,0.1674352080918606,0.5014285714285712,0
1992-06-05,413.480011,-0.01732532782892937,0.18372164370173177,0.5014285714285712,0
1992-06-08,413.3599854,-0.01761058011197658,0.19923971105446406,0.5014057541440567,0
1992-06-09,410.0599976,-0.025453315778184105,0.22805269793744884,0.5013715282172849,0
1992-06-10,407.25,-0.03213154301268384,0.2580224473880243,0.5013373022905132,0
1992-06-11,409.0499878,-0.02785370037405399,0.22759360879143073,0.5013030763637414,0
1992-06-12,409.7600098,-0.026166265389236276,0.17346424864260163,0.5012688504369697,0
1992-06-15,410.2900085,-0.024906672942399455,0.14308075331834466,0.5012346245101978,0
1992-06-16,408.3200073,-0.029588568637199164,0.11863815621640056,0.5012003985834261,0
1992-06-17,402.2600098,-0.04399073052712421,0.23115626242998946,0.501118155965542,0
1992-06-18,400.9599915,-0.04708034797605298,0.23843495101346684,0.5010359133476577,0
1992-06-19,403.6700134,-0.040639722525458,0.21585597987070274,0.5009536707297736,0
1992-06-22,403.3999939,-0.04128144961403124,0.22862156279821422,0.5008714281118893,0
1992-06-23,404.0400085,-0.039760393890639456,0.224572128025438,0.5007891854940052,0
1992-06-24,403.8399963,-0.040235741955446436,0.21404814052209514,0.500706942876121,0
1992-06-25,403.1199951,-0.0419468934605981,0.20341785595240008,0.5006195087409883,0
1992-06-26,403.4500122,-0.0411625763547504,0.1812669910993979,0.5005216915713585,0
1992-06-29,408.9400024,-0.02811509116445088,0.16038989769729214,0.5004238744017288,0
1992-06-30,408.1400146,-0.030016338451362423,0.17890916774863214,0.500326057232099,0
1992-07-01,412.8800049,-0.018751299537192012,0.18896113327627134,0.5002282400624692,0
1992-07-02,411.769989,-0.0213893581654655,0.1974375941834689,0.5001304228928395,0
1992-07-06,413.8399963,-0.01646978843826241,0.19160151103944698,0.5000326057232097,0
1992-07-07,409.1600037,-0.027592237097498917,0.22552495840996323,0.49999999999999983,0
1992-07-08,410.2799988,-0.02493046194889159,0.20489416545220426,0.49999999999999983,0
1992-07-09,414.230011,-0.015542881315140589,0.20695960945797606,0.49999999999999983,0
1992-07-10,414.6199951,-0.014616046915836511,0.18974791358821563,0.49999999999999983,0
1992-07-13,414.8699951,-0.014021898077906991,0.17147105495923337,0.49999999999999983,0
1992-07-14,417.6799927,-0.007343670843407035,0.1479162482194074,0.49999999999999983,0
1992-07-15,417.1000061,-0.008722064301026067,0.16348193766561384,0.49999999999999983,0
1992-07-16,417.5400085,-0.00767635664244104,0.1279684628759234,0.49991790930483376,0
1992-07-17,415.6199951,-0.012239451564118098,0.1954478333856159,0.4998358186096677,0
1992-07-20,413.75,-0.016683673226514317,0.2604152073590905,0.4997537279145016,0
1992-07-21,413.7600098,-0.016659883982362733,0.25776441671435096,0.49967163721933555,0
1992-07-22,410.9299927,-0.023385689467506188,0.28079438163722703,0.49958954652416954,0
1992-07-23,412.0799866,-0.020652619310261744,0.2723534723253908,0.49950745582900347,0
1992-07-24,411.6000061,-0.021793338735477286,0.26048805483319704,0.49940866369251946,0
1992-07-27,411.5400085,-0.02193592875275141,0.260068077873265,0.4992764686733998,0
1992-07-28,417.519989,-0.007723934893084761,0.2686448860409396,0.4991442736542802,0
1992-07-29,422.230011,0.0,0.24986333572424085,0.49901207863516056,0
1992-07-30,423.9200134,0.0,0.25325681963498725,0.4988798836160409,0
1992-07-31,424.2099915,0.0,0.24089533353478212,0.4987476885969212,0
1992-08-03,425.0899963,0.0,0.23422201551985117,0.49861549357780155,0
1992-08-04,424.3599854,-0.0017173090553859183,0.25453210673774573,0.4985714285714284,0
1992-08-05,422.1900024,-0.006822070444474471,0.26549328124615545,0.4985714285714284,0
1992-08-06,420.5899963,-0.010585993646447078,0.2775771129625452,0.4985714285714284,0
1992-08-07,418.8800049,-0.01460865100108677,0.29795052574233966,0.4985714285714284,0
1992-08-10,419.4200134,-0.013338311767747357,0.3050851917786394,0.4985714285714284,0
1992-08-11,418.8999939,-0.014561628017309314,0.31184364011580984,0.4985714285714284,0
1992-08-12,417.7799988,-0.01719635268678754,0.3160573137853746,0.4985714285714284,0
1992-08-13,417.730011,-0.017313946138609704,0.2968291943062638,0.4985714285714284,0
1992-08-14,419.9100037,-0.012185637500498392,0.26355760230411146,0.4985714285714284,0
1992-08-17,420.7399902,-0.010233141541467927,0.24643383066307648,0.4985714285714284,0
1992-08-18,421.3399963,-0.008821661372039213,0.2335050419166242,0.4985714285714284,0
1992-08-19,418.1900024,-0.016231842574649602,0.2159379511313699,0.4985714285714284,0
1992-08-20,418.2600098,-0.016067154154293162,0.21352389842581515,0.4985714285714284,0
1992-08-21,414.8500061,-0.02408899359930672,0.18776579195637638,0.4985714285714284,0
1992-08-24,410.7200012,-0.03380459485068332,0.26960294405228,0.4985714285714284,0
1992-08-25,411.6099854,-0.03171095772031929,0.21288712320637806,0.4985714285714284,0
1992-08-26,413.5100098,-0.027241258558876158,0.16589401068238538,0.4985714285714284,0
1992-08-27,413.5299988,-0.02719423557509859,0.1855309844231851,0.4985714285714284,0
1992-08-28,414.8399963,-0.024112541083573857,0.18090459886450286,0.4985714285714284,0
1992-08-31,414.0299988,-0.026018014058826755,0.17725074822314646,0.4985714285714284,0
1992-09-01,416.0700073,-0.021219010276671613,0.15735882717712957,0.4985714285714284,0
1992-09-02,417.980011,-0.016725835380473786,0.16511709687581086,0.4985714285714284,0
1992-09-03,417.980011,-0.016725835380473786,0.16986958856970683,0.4985714285714284,0
1992-09-04,417.0799866,-0.018843091509373244,0.18667948675630308,0.4985714285714284,0
1992-09-08,414.4400024,-0.025053503946688815,0.21731965779920567,0.4985714285714284,0
1992-09-09,416.3599854,-0.020536853315736292,0.20186856485140256,0.4985714285714284,0
1992-09-10,419.9500122,-0.012091519783430815,0.1747461923969612,0.4985714285714284,0
1992-09-11,419.5799866,-0.012961983928013732,0.17653090686133918,0.4985714285714284,0
1992-09-14,425.269989,0.0,0.1969449918771043,0.4985714285714284,0
1992-09-15,419.769989,-0.012932960571548802,0.22783826918513592,0.4985714285714284,0
1992-09-16,419.9200134,-0.01258018608973599,0.23916381203775222,0.4985714285714284,0
1992-09-17,419.9299927,-0.012556720290930246,0.21810329800459827,0.4985714285714284,0
1992-09-18,422.9299927,-0.0055023781609945255,0.20347767821896037,0.4985714285714284,0
1992-09-21,422.1400146,-0.007359970091846857,0.23974806875583898,0.49854797259804656,0
1992-09-22,417.1400146,-0.01911720697507302,0.2599096033758407,0.4984776046779011,0
1992-09-23,417.4400024,-0.01841180144973731,0.23489819799696549,0.49840723675775567,0
1992-09-24,418.4700012,-0.01598981347352968,0.214963543147853,0.49833686883761025,0
1992-09-25,414.3500061,-0.025677765143215958,0.27017159787306694,0.4982665009174648,0
1992-09-28,416.6199951,-0.020340005464152378,0.25621729211849226,0.49819613299731935,0
1992-09-29,416.7999878,-0.01991676210192206,0.24897836822105054,0.4981257650771739,0
1992-09-30,417.7999878,-0.01756531472527678,0.23706681461096954,0.4980672573527646,0
1992-10-01,416.2900085,-0.02111595158905044,0.27122716741007413,0.4980146797262233,0
1992-10-02,410.4700012,-0.03480139248669156,0.31997284086061867,0.49796210209968206,0
1992-10-05,407.5700073,-0.041620575535133764,0.3708702287269075,0.4979095244731408,0
1992-10-06,407.1799927,-0.04253767434315714,0.36738877272414994,0.49785694684659954,0
1992-10-07,404.25,-0.0494273979911618,0.3887345783013775,0.4978043692200583,0
1992-10-08,407.75,-0.041197332172903445,0.37050135310948024,0.497751791593517,0
1992-10-09,402.6600037,-0.05316619061967243,0.4097467237176414,0.4977098878839662,0
1992-10-12,407.4400024,-0.041926275216189746,0.33608080256636297,0.4976679841744153,0
1992-10-13,409.2999878,-0.037552617426761414,0.3218410696662195,0.4976260804648645,0
1992-10-14,409.3699951,-0.03738799894483036,0.3390015760709068,0.4975841767553137,0
1992-10-15,409.6000061,-0.03684714018228086,0.3215188957694692,0.4975422730457629,0
1992-10-16,411.730011,-0.03183854574793432,0.29284526789000515,0.49750036933621206,0
1992-10-19,414.980011,-0.024196341773837227,0.2889829893823934,0.49745617017220395,0
1992-10-20,415.480011,-0.0230206180855147,0.2919151799844827,0.4974073800992815,0
1992-10-21,415.6700134,-0.02257383744047825,0.2793673439287824,0.49735859002635896,0
1992-10-22,414.8999939,-0.024384497773718983,0.2687011486593292,0.4973097999534365,0
1992-10-23,414.1000061,-0.026265626987377222,0.2642960734732389,0.497261009880514,0
1992-10-26,418.1600037,-0.016718756281671188,0.24704342192367057,0.49721221980759145,0
1992-10-27,418.4899902,-0.015942810391917805,0.24076194150328883,0.497163429734669,0
1992-10-28,420.1300049,-0.012086402127943208,0.23686830192180355,0.4971096101348766,0
1992-10-29,420.8599854,-0.010369891396216024,0.23500382073977605,0.49705327577164926,0
1992-10-30,418.6799927,-0.015496029511736786,0.2597778446887161,0.49699694140842193,0
1992-11-02,422.75,-0.005925621523224844,0.19634325299761052,0.4969406070451946,0
1992-11-03,419.9200134,-0.01258018608973599,0.22846309118159325,0.4968842726819673,0
1992-11-04,417.1099854,-0.019187819058635647,0.21353521059246133,0.49682793831873995,0
1992-11-05,418.3399963,-0.01629551315458566,0.17221636665136827,0.4967716039555126,0
1992-11-06,417.5799866,-0.018082635969875693,0.15525245101519178,0.4966130062193286,0
1992-11-09,418.5899963,-0.015707651310424398,0.13222560688522597,0.4964544084831444,0
1992-11-10,418.6199951,-0.015637110710861934,0.10908397765377036,0.4962958107469604,0
1992-11-11,422.2000122,-0.007218888892721709,0.09867041311620395,0.49613721301077635,0
1992-11-12,422.8699951,-0.005643459360119674,0.10253747019808652,0.4959786152745923,0
1992-11-13,422.4299927,-0.006678101849317164,0.1081399054838488,0.49582001753840826,0
1992-11-16,420.6799927,-0.010793134758446343,0.13636229820293622,0.49571428571428555,0
1992-11-17,419.269989,-0.01410868425987144,0.1446601097459333,0.49571428571428555,0
1992-11-18,422.8500061,-0.0056904624417314364,0.1345744499228363,0.49571428571428555,0
1992-11-19,423.6099854,-0.003903411110441568,0.12638945439784302,0.49571428571428555,0
1992-11-20,426.6499939,0.0,0.09241663591393702,0.49571428571428555,0
1992-11-23,425.1199951,-0.003586074819817431,0.10763209486325168,0.49571428571428555,0
1992-11-24,427.5899963,0.0,0.09267236212063795,0.49571428571428555,0
1992-11-25,429.1900024,0.0,0.09916224091883633,0.49571428571428555,0
1992-11-27,430.1600037,0.0,0.10385287343985788,0.49571428571428555,0
1992-11-30,431.3500061,0.0,0.08962734120285581,0.49571428571428555,0
1992-12-01,430.7799988,-0.0013214496161797484,0.10340370961884955,0.49571428571428555,0
1992-12-02,429.8900146,-0.0033847026297747496,0.14219178528415946,0.49571428571428555,0
1992-12-03,429.9100037,-0.0033383618398886705,0.15457947109695291,0.49571428571428555,0
1992-12-04,432.0599976,0.0,0.14548087297051618,0.49571428571428555,0
1992-12-07,435.3099976,0.0,0.14262053028789784,0.49571428571428555,0
1992-12-08,436.9899902,0.0,0.14380888640862052,0.49571428571428555,0
1992-12-09,435.6499939,-0.00306642332788154,0.1461759650012366,0.49571428571428555,0
1992-12-10,434.6400146,-0.005377641714229053,0.18420414791231093,0.49571428571428555,0
1992-12-11,433.730011,-0.007460077514608532,0.20736107707604784,0.49571428571428555,0
1992-12-14,432.8399963,-0.00949677107729785,0.21101430521581532,0.49571428571428555,0
1992-12-15,432.5700073,-0.010114609027948473,0.20736774050797208,0.49571428571428555,0
1992-12-16,431.519989,-0.012517451938650836,0.20070162143993675,0.49571428571428555,0
1992-12-17,435.4299927,-0.0035698700999673427,0.1715503973640145,0.49571428571428555,0
1992-12-18,441.2799988,0.0,0.17380377928066404,0.49571428571428555,0
1992-12-21,440.7000122,-0.00131432786796859,0.15297046860521196,0.49571428571428555,0
1992-12-22,440.3099976,-0.002198153559277105,0.1353802413949337,0.49571428571428555,0
1992-12-23,439.0299988,-0.0050988034946486405,0.12121885134163904,0.49571428571428555,0
1992-12-24,439.769989,-0.00342188588675274,0.1282318416039856,0.49571428571428555,0
1992-12-28,439.1499939,-0.004826878412328206,0.10103750919933682,0.49571428571428555,0
1992-12-29,437.980011,-0.007478217478639082,0.09147246351959781,0.49571428571428555,0
1992-12-30,438.8200073,-0.005574672558669391,0.08941636458340257,0.49571428571428555,0
1992-12-31,435.7099915,-0.012622387860648177,0.08150804089395325,0.49571428571428555,0
1993-01-04,435.3800049,-0.01337018200698914,0.08848123681393852,0.49571428571428555,0
1993-01-05,434.3399963,-0.01572698177772025,0.08949318446462862,0.49571428571428555,0
1993-01-06,434.519989,-0.015319094040932901,0.09050585839735442,0.49571428571428555,0
1993-01-07,430.730011,-0.023907695405840368,0.13882214909433901,0.49571428571428555,0
1993-01-08,429.0499878,-0.0277148545895074,0.1587880483674019,0.49571428571428555,0
1993-01-11,430.9500122,-0.023409143011446143,0.13185230188310848,0.49571428571428555,0
1993-01-12,431.0400085,-0.023205199256359332,0.12457792776703067,0.49571428571428555,0
1993-01-13,433.0299988,-0.018695612813711793,0.11169767287468574,0.49571428571428555,0
1993-01-14,435.9400024,-0.012101152135880477,0.09464005931724731,0.49571428571428555,0
1993-01-15,437.1499939,-0.00935914818534933,0.0736674857589271,0.49571428571428555,0
1993-01-18,436.8399963,-0.010061644561443872,0.06990904699122957,0.49571428571428555,0
1993-01-19,435.1300049,-0.013936715728616766,0.07915081503779837,0.49571428571428555,0
1993-01-20,433.3699951,-0.017925135336997244,0.08492017315504485,0.49571428571428555,0
1993-01-21,435.4899902,-0.013120940481655796,0.08198405886864135,0.49571428571428555,0
1993-01-22,436.1099854,-0.011715947729466825,0.0742712154841271,0.49571428571428555,0
1993-01-25,440.0100098,-0.0028779663783846665,0.06083451203501396,0.4956278868733967,0
1993-01-26,439.9500122,-0.00301392903285147,0.05664581536852227,0.49549828861206346,0
1993-01-27,438.1099854,-0.0071836779564457,0.07489025481757608,0.4953686903507303,0
1993-01-28,438.6600037,-0.005937262298596591,0.07436016449376562,0.4952390920893969,0
1993-01-29,438.7799988,-0.005665337216276267,0.08609734645847328,0.4951094938280637,0
1993-02-01,442.519989,0.0,0.0881349206349206,0.4949798955667305,0
1993-02-02,442.5499878,0.0,0.09968253968253965,0.49485029730539726,0
1993-02-03,447.2000122,0.0,0.1066269841269841,0.4947088105286691,0
1993-02-04,449.5599976,0.0,0.08842592592592588,0.49456732375194085,0
1993-02-05,448.9299927,-0.0014013811356955452,0.0773562605374378,0.49442583697521264,0
1993-02-08,447.8500061,-0.0038037003050290785,0.09568877899037348,0.4942843501984845,0
1993-02-09,445.3299866,-0.009409224625371748,0.1340556198149963,0.49414286342175634,0
1993-02-10,446.230011,-0.007407212869866786,0.15264526920045388,0.4940013766450282,0
1993-02-11,447.6600037,-0.004226341111627341,0.12611658287892633,0.493854556663706,0
1993-02-12,444.5799866,-0.011077522525549499,0.15538297412060645,0.493697070273196,0
1993-02-16,433.9100037,-0.03481180261488637,0.22361278747648794,0.493539583882686,0
1993-02-17,433.2999878,-0.03616872027494644,0.1950294484569198,0.493382097492176,0
1993-02-18,431.8999939,-0.03928286278645521,0.1959357316400425,0.49322461110166604,0
1993-02-19,434.2200012,-0.03412224504380579,0.18539113849701136,0.49306712471115594,0
1993-02-22,435.2399902,-0.03185338436793328,0.1752478707653294,0.49290963832064594,0
1993-02-23,434.7999878,-0.03283212447459083,0.20323452820548776,0.49285714285714266,0
1993-02-24,440.8699951,-0.019330017231052654,0.2067542217354642,0.49285714285714266,0
1993-02-25,442.3399963,-0.01606015067742761,0.18592561996635223,0.49285714285714266,0
1993-02-26,443.3800049,-0.013746758459365127,0.2126998138549418,0.49285714285714266,0
1993-03-01,442.0100098,-0.01679417172414366,0.21106570448167072,0.49285714285714266,0
1993-03-02,447.8999939,-0.0036925075826629294,0.176454818623005,0.49285714285714266,0
1993-03-03,449.2600098,-0.0006672920224252143,0.16692508905124884,0.49285714285714266,0
1993-03-04,447.3399963,-0.004938164676242529,0.18178558597127936,0.49285714285714266,0
1993-03-05,446.1099854,-0.007674197478463429,0.19116670893182802,0.49285714285714266,0
1993-03-08,454.7099915,0.0,0.2783465608465608,0.49285714285714266,0
1993-03-09,454.3999939,-0.0006817479399943149,0.24105619276608836,0.49285714285714266,0
1993-03-10,456.3299866,0.0,0.21304232804232798,0.49285714285714266,0
1993-03-11,453.7200012,-0.005719513239632379,0.24304066456480747,0.49285714285714266,0
1993-03-12,449.8299866,-0.014244078169023844,0.3202674969774317,0.49285714285714266,0
1993-03-15,451.4299927,-0.010737830175282959,0.29006793589287916,0.49285714285714266,0
1993-03-16,451.3699951,-0.010869308714414383,0.31591354082766754,0.49285714285714266,0
1993-03-17,448.3099976,-0.01757497695857102,0.3505476443079571,0.49285714285714266,0
1993-03-18,451.8900146,-0.009729739728658093,0.33393759243629434,0.49285714285714266,0
1993-03-19,450.1799927,-0.013477075977018305,0.3200878350877658,0.49285714285714266,0
1993-03-22,448.8800049,-0.016325864875784135,0.3576333658932689,0.49285714285714266,0
1993-03-23,448.7600098,-0.016588821734907278,0.3407796019549045,0.49285714285714266,0
1993-03-24,448.0700073,-0.01810089089595668,0.3425147198687987,0.49285714285714266,0
1993-03-25,450.8800049,-0.01194307159300756,0.33236078644070954,0.49285714285714266,0
1993-03-26,447.7799988,-0.018736414548830793,0.33063184560674497,0.49285714285714266,0
1993-03-29,450.769989,-0.012184160066766814,0.32597019842932645,0.49285714285714266,0
1993-03-30,451.9700012,-0.009554457362061841,0.3070076768768022,0.49285714285714266,0
1993-03-31,451.6700134,-0.010211849619439328,0.30898702377613135,0.49285714285714266,0
1993-04-01,450.2999878,-0.013214119117895384,0.30249715458168597,0.49257066490943985,0
1993-04-02,441.3900146,-0.03273940446323498,0.3796841107527073,0.4922841869617368,0
1993-04-05,442.2900085,-0.03076716085350506,0.2887327623363753,0.491997709014034,0
1993-04-06,441.1600037,-0.03324344957697767,0.3032783828786165,0.49171123106633124,0
1993-04-07,442.730011,-0.02980294085280255,0.28113389939373334,0.49142475311862843,0
1993-04-08,441.8399963,-0.0317533160771688,0.27507487876350195,0.4911382751709256,0
1993-04-12,448.3699951,-0.017443498638579302,0.23918616662026335,0.4908999253788341,0
1993-04-13,449.2200012,-0.015580798125879647,0.28885568790978566,0.4907578318979655,0
1993-04-14,448.6600037,-0.01680797476656548,0.20596322051352933,0.490615738417097,0
1993-04-15,448.3999939,-0.017377759369013535,0.19509934298884793,0.4904736449362284,0
1993-04-16,448.9400024,-0.016194386555792417,0.1832956977293847,0.49033155145535984,0
1993-04-19,447.4599915,-0.019437677471270454,0.2044363240766356,0.4901894579744912,0
1993-04-20,445.1000061,-0.02460934155055594,0.21720316753262475,0.49004736449362263,0
1993-04-21,443.6300049,-0.027830697243072633,0.22300001129486172,0.4899999999999998,0
1993-04-22,439.4599915,-0.03696885060237676,0.22986526622549758,0.4899999999999998,0
1993-04-23,437.0299988,-0.04229392844375479,0.26313366651345804,0.4899999999999998,0
1993-04-26,433.5400085,-0.04994188146565248,0.3118747022032273,0.4899999999999998,0
1993-04-27,438.0100098,-0.040146335629831276,0.28498777206796677,0.4899999999999998,0
1993-04-28,438.019989,-0.0401244672444675,0.24784512788912813,0.4899999999999998,0
1993-04-29,438.8900146,-0.03821789606670567,0.2392477186662901,0.4899999999999998,0
1993-04-30,440.1900024,-0.03536910716793984,0.22299848415708332,0.4899999999999998,0
1993-05-03,442.4599915,-0.03039466067821195,0.20578576212602362,0.4899999999999998,0
1993-05-04,444.0499878,-0.026910348126572115,0.16590352886299758,0.4899999999999998,0
1993-05-05,444.519989,-0.025880389075443655,0.15796122879529423,0.4899999999999998,0
1993-05-06,443.2600098,-0.028641503262542778,0.19829837534362268,0.4899999999999998,0
1993-05-07,442.3099976,-0.030723356806900637,0.197648451448704,0.4899999999999998,0
1993-05-10,442.7999878,-0.02964959392830746,0.20654512117957738,0.4899999999999998,0
1993-05-11,444.3599854,-0.026231020427093577,0.16287934091462866,0.4899999999999998,0
1993-05-12,444.7999878,-0.025266800645530885,0.1670926475471238,0.4899999999999998,0
1993-05-13,439.230011,-0.037472829097661586,0.20644887639867532,0.4899999999999998,0
1993-05-14,439.5599976,-0.03674969757071844,0.19925836724359225,0.4899999999999998,0
1993-05-17,440.3699951,-0.034974671769685495,0.20195637861039503,0.4899999999999998,0
1993-05-18,440.3200073,-0.03508421486671598,0.21132063455963584,0.4899999999999998,0
1993-05-19,447.5700073,-0.019196589216650906,0.20556236208643605,0.4899999999999998,0
1993-05-20,450.5899963,-0.01257859546502127,0.19645674842045935,0.4899999999999998,0
1993-05-21,445.8399963,-0.02298772951161565,0.1979556457843091,0.4899999999999998,0
1993-05-24,448.0,-0.018254304658049336,0.18375701744151102,0.4899999999999998,0
1993-05-25,448.8500061,-0.016391604145349903,0.1655164858209807,0.4899999999999998,0
1993-05-26,453.4400024,-0.006333101669545149,0.14450448390821605,0.4899999999999998,0
1993-05-27,452.4100037,-0.008590237361359443,0.14873421075955723,0.4899999999999998,0
1993-05-28,450.1900024,-0.013455140754057071,0.18086839112709066,0.48998900081971575,0
1993-06-01,453.8299866,-0.005478491603470692,0.14776466611464095,0.4899780016394317,0
1993-06-02,453.8500061,-0.005434620938408408,0.15136281496735987,0.48996700245914765,0
1993-06-03,452.4899902,-0.008414955213903008,0.1616455653043026,0.4899560032788636,0
1993-06-04,450.0599976,-0.013740032836141447,0.15714941506474533,0.48994500409857955,0
1993-06-07,447.6900024,-0.018933632357527763,0.1768473429560174,0.48993400491829553,0
1993-06-08,444.7099915,-0.02546401823508826,0.17062295944824343,0.4898971485888461,0
1993-06-09,445.7799988,-0.02311920783160737,0.15899966315454256,0.4898085779610661,0
1993-06-10,445.3800049,-0.02399575312064306,0.1560435809934489,0.489720007333286,0
1993-06-11,447.2600098,-0.019875916696989626,0.13801776670305418,0.489631436705506,0
1993-06-14,447.7099915,-0.01888982831092345,0.11654345534876948,0.48954286607772596,0
1993-06-15,446.269989,-0.02204544495301408,0.12033019531927824,0.48945429544994584,0
1993-06-16,447.4299927,-0.01950341674083611,0.11373478791969113,0.48936572482216584,0
1993-06-17,448.5400085,-0.01707093184482822,0.12831580604448165,0.48933115258018667,0
1993-06-18,443.6799927,-0.02772115414604215,0.17163840084826643,0.4893235795311079,0
1993-06-21,446.2200012,-0.022154988050044455,0.16233995391402156,0.48931600648202916,0
1993-06-22,445.9299927,-0.02279051170291857,0.1372824764773647,0.4893084334329504,0
1993-06-23,443.1900024,-0.02879491724377503,0.1517496678882972,0.4893008603838716,0
1993-06-24,446.6199951,-0.021278442761008765,0.13607645935553853,0.4892932873347929,0
1993-06-25,447.6000061,-0.01913084994708525,0.11576125274073507,0.4892857142857141,0
1993-06-28,451.8500061,-0.009817414221184984,0.13801105579558068,0.48911538871321913,0
1993-06-29,450.6900024,-0.012359442433362844,0.17603503462373907,0.48894506314072406,0
1993-06-30,450.5299988,-0.012710073785012987,0.16492140071132771,0.4887747375682291,0
1993-07-01,449.019989,-0.016019104189196387,0.18534726365137422,0.4886044119957341,0
1993-07-02,445.8399963,-0.02298772951161565,0.22052178335044664,0.48843408642323916,0
1993-07-06,441.4299927,-0.03265179658916584,0.3128064945313376,0.4882637608507442,0
1993-07-07,442.8299866,-0.029583854658741804,0.27282866791853244,0.48810098972703403,0
1993-07-08,448.6400146,-0.016851778813170015,0.25132001817368754,0.48795332750089376,0
1993-07-09,448.1099854,-0.01801328302188754,0.23027996079028615,0.48780566527475344,0
1993-07-12,448.980011,-0.01610671184412582,0.20024075262564933,0.4876580030486132,0
1993-07-13,448.0899963,-0.01805708706849196,0.19693305474674055,0.4875103408224729,0
1993-07-14,450.0799866,-0.01369622900867673,0.18931907269400994,0.4873626785963325,0
1993-07-15,449.2200012,-0.015580798125879647,0.19371018526428302,0.4872150163701922,0
1993-07-16,445.75,-0.023184947101173026,0.15290130160077264,0.48716350177961665,0
1993-07-19,446.0299988,-0.022571358671260255,0.15164912246900433,0.48716006100682335,0
1993-07-20,447.3099976,-0.019766373599959253,0.16151065361095635,0.4871566202340301,0
1993-07-21,447.1799927,-0.020051265901183224,0.18066204818194892,0.4871531794612368,0
1993-07-22,444.5100098,-0.025902257460807432,0.18014355551381545,0.4871497386884435,0
1993-07-23,447.1000061,-0.020226548267779365,0.14671894786842515,0.4871462979156503,0
1993-07-26,449.0899963,-0.01586569042710373,0.17372136819506412,0.487142857142857,0
1993-07-27,448.2399902,-0.017728390939803162,0.11611533896903359,0.487142857142857,0
1993-07-28,447.1900024,-0.02002933067822188,0.10074154602021543,0.487142857142857,0
1993-07-29,450.2399902,-0.013345597657026698,0.09877926745298227,0.487142857142857,0
1993-07-30,448.1300049,-0.017969412356825254,0.11792572869062412,0.487142857142857,0
1993-08-02,450.1499939,-0.013542815246583961,0.10675402379854623,0.487142857142857,0
1993-08-03,449.269989,-0.015471255028849273,0.09705756952668258,0.487142857142857,0
1993-08-04,448.5400085,-0.01707093184482822,0.10387136160003721,0.487142857142857,0
1993-08-05,448.1300049,-0.017969412356825254,0.1039045646694601,0.487142857142857,0
1993-08-06,448.6799927,-0.016764170939100764,0.0990323490422648,0.487142857142857,0
1993-08-09,450.7200012,-0.012293703163797187,0.09717307871719152,0.487142857142857,0
1993-08-10,449.4500122,-0.015076752792997361,0.12220585996535341,0.487142857142857,0
1993-08-11,450.4599915,-0.012863487547105645,0.12240708452742621,0.487142857142857,0
1993-08-12,448.9599915,-0.016150582509188105,0.1337722334025601,0.487142857142857,0
1993-08-13,450.1400146,-0.013564683851087556,0.13298396982765423,0.487142857142857,0
1993-08-16,452.3800049,-0.0086559766309251,0.11294008201002013,0.487142857142857,0
1993-08-17,453.1300049,-0.00701242914988387,0.10137787794282357,0.487142857142857,0
1993-08-18,456.0400085,-0.0006354570344161425,0.09995567013442104,0.487142857142857,0
1993-08-19,456.4299927,0.0,0.07583333333333331,0.487142857142857,0
1993-08-20,456.1600037,-0.000591523353675516,0.12090824072282327,0.487142857142857,0
1993-08-23,455.230011,-0.0026290597007035954,0.1656813266672993,0.487142857142857,0
1993-08-24,459.769989,0.0,0.1578306878306878,0.4870166275427486,0
1993-08-25,460.1300049,0.0,0.15929894179894175,0.4868903979426401,0
1993-08-26,461.0400085,0.0,0.1551322751322751,0.4867641683425317,0
1993-08-27,460.5400085,-0.0010845045783048901,0.13378817798073833,0.48663793874242334,0
1993-08-30,461.8999939,0.0,0.10997354497354495,0.486511709142315,0
1993-08-31,463.5599976,0.0,0.12564814814814812,0.4863854795422066,0
1993-09-01,463.1499939,-0.0008844673874420783,0.15123331853688812,0.48629933315665563,0
1993-09-02,461.2999878,-0.0048753339625955405,0.17309907800379185,0.4862933532002197,0
1993-09-03,461.3399963,-0.004789026903731175,0.1586965677342128,0.48628737324378374,0
1993-09-07,458.519989,-0.010872397588432392,0.2560230675823093,0.48628139328734776,0
1993-09-08,456.6499939,-0.014906384795442373,0.27257020143707045,0.48627541333091184,0
1993-09-09,457.5,-0.013072736283058384,0.23845183380422028,0.48626943337447587,0
1993-09-10,461.7200012,-0.00396927346951037,0.208387466787751,0.48626345341803995,0
1993-09-13,462.0599976,-0.0032358270941539313,0.1987242623542545,0.48622265804928455,0
1993-09-14,459.8999939,-0.007895426091442226,0.224818426653646,0.48616445497436944,0
1993-09-15,461.6000061,-0.004228129066674247,0.18306317286942703,0.4861062518994544,0
1993-09-16,459.4299927,-0.008909321169605522,0.16375996847230967,0.4860480488245393,0
1993-09-17,458.8299866,-0.010203665166297338,0.1622840807392393,0.4859898457496242,0
1993-09-20,455.0499878,-0.01835794685490344,0.17520413940048726,0.4859316426747091,0
1993-09-21,452.9500122,-0.022888052150598193,0.19993920755426275,0.48587343959979407,0
1993-09-22,456.2000122,-0.015877093446598045,0.12851018409358958,0.485731952871853,0
1993-09-23,457.7399902,-0.012555025088730742,0.11298931052975728,0.4855904661439118,0
1993-09-24,457.6300049,-0.012792287364529864,0.10017878716547814,0.4854489794159708,0
1993-09-27,461.7999878,-0.0037967249312108597,0.08180474716613026,0.48530749268802975,0
1993-09-28,461.5299988,-0.004379150078759886,0.06692164676117851,0.4851660059600887,0
1993-09-29,460.1099854,-0.0074424286346141955,0.08206583499645764,0.4850245192321476,0
1993-09-30,458.9299927,-0.009987930200990203,0.09399609825177022,0.48489797072379653,0
1993-10-01,461.2799988,-0.004918454594452282,0.06174870635990357,0.4848012986546256,0
1993-10-04,461.3399963,-0.004789026903731175,0.08202990106754618,0.4847046265854547,0
1993-10-05,461.2000122,-0.005091003132751681,0.07961449476459301,0.4846079545162838,0
1993-10-06,460.7399902,-0.00608337090042288,0.06521009799056035,0.48451128244711295,0
1993-10-07,459.1799927,-0.009448625685297807,0.08932776881177534,0.4844146103779419,0
1993-10-08,460.3099976,-0.0070109587040001475,0.0687570657887155,0.48431793830877107,0
1993-10-11,460.8800049,-0.0057813286605297165,0.07402754148258273,0.4842857142857141,0
1993-10-12,461.1199951,-0.005263617466202186,0.07627665841976006,0.4842857142857141,0
1993-10-13,461.4899902,-0.004465457353345914,0.0670781255435918,0.4842857142857141,0
1993-10-14,466.8299866,0.0,0.05338624338624336,0.4842857142857141,0
1993-10-15,469.5,0.0,0.06931216931216928,0.4842857142857141,0
1993-10-18,468.4500122,-0.002236395740149111,0.0779614526659567,0.4842857142857141,0
1993-10-19,466.2099915,-0.007007472843450491,0.12782695683012996,0.4842857142857141,0
1993-10-20,466.0700073,-0.007305628753993654,0.1347323629704008,0.4842857142857141,0
1993-10-21,465.3599854,-0.008817922470713446,0.13763177151512065,0.4842857142857141,0
1993-10-22,463.269989,-0.013269458998935058,0.1428016576770289,0.4842857142857141,0
1993-10-25,464.2000122,-0.011288578913738023,0.15021296136315226,0.4842857142857141,0
1993-10-26,464.2999878,-0.0110756383386581,0.17355531627093995,0.4842857142857141,0
1993-10-27,464.6099854,-0.01041536656017028,0.15968097955474397,0.4842857142857141,0
1993-10-28,467.730011,-0.003769944621938248,0.13309536211775444,0.4842857142857141,0
1993-10-29,467.8299866,-0.0035570040468584363,0.11887157945940469,0.4842857142857141,0
1993-11-01,469.1000061,-0.0008519571884985089,0.11739801000185954,0.4842857142857141,0
1993-11-02,468.4400024,-0.002257715867944543,0.1068891532214276,0.4842857142857141,0
1993-11-03,463.019989,-0.013801940362087262,0.20635068822286443,0.4842857142857141,0
1993-11-04,457.4899902,-0.025580425559105335,0.34695312442754006,0.4842857142857141,0
1993-11-05,459.5700073,-0.02115014419595318,0.3320203846753554,0.4842857142857141,0
1993-11-08,460.2099915,-0.019787025559105387,0.31920739363388934,0.4842857142857141,0
1993-11-09,460.3299866,-0.019531444941427112,0.299456252448231,0.4842857142857141,0
1993-11-10,463.7200012,-0.012310966560170389,0.280355170454215,0.4842857142857141,0
1993-11-11,462.6400146,-0.014611257507987307,0.2630758370519128,0.4842857142857141,0
1993-11-12,465.3900146,-0.008753962513312064,0.21361322062444005,0.4842857142857141,0
1993-11-15,463.75,-0.012247071352502692,0.23973616816268573,0.4842857142857141,0
1993-11-16,466.7399902,-0.005878615122470676,0.24669719528982192,0.4842857142857141,0
1993-11-17,464.8099976,-0.009989355484558149,0.26053220012644324,0.4842857142857141,0
1993-11-18,463.6199951,-0.012523972097976621,0.25169543318423854,0.4842857142857141,0
1993-11-19,462.6000061,-0.014696472630458035,0.28955375657453897,0.4842857142857141,0
1993-11-22,459.1300049,-0.022087316506922194,0.37100213430566104,0.4842857142857141,0
1993-11-23,461.0299988,-0.018040471139510128,0.33479671351556023,0.4842857142857141,0
1993-11-24,462.3599854,-0.015207698828540894,0.3125084978535082,0.4842857142857141,0
1993-11-26,463.0599976,-0.013716725026624133,0.30460821818009703,0.4842857142857141,0
1993-11-29,461.8999939,-0.016187446432374797,0.2973085336024476,0.4842857142857141,0
1993-11-30,461.7900085,-0.016421707135250263,0.2836213924776442,0.4842857142857141,0
1993-12-01,461.8900146,-0.016208701597444142,0.3009319233984144,0.4842857142857141,0
1993-12-02,463.1099854,-0.01361025473908406,0.2910677554223506,0.4842857142857141,0
1993-12-03,464.8900146,-0.009818925239616694,0.24310546161029128,0.4842857142857141,0
1993-12-06,466.4299927,-0.0065388866879658725,0.2435741772530722,0.4842857142857141,0
1993-12-07,466.7600098,-0.005835974866879701,0.2367121645492503,0.4842857142857141,0
1993-12-08,466.2900085,-0.0068370425985090355,0.24919651461027428,0.4842857142857141,0
1993-12-09,464.1799927,-0.011331218956336486,0.2621556638058048,0.4842857142857141,0
1993-12-10,463.9299927,-0.011863700319488801,0.26066501181195795,0.4842857142857141,0
1993-12-13,465.7000122,-0.008093690734824244,0.22300607967543984,0.4842857142857141,0
1993-12-14,463.0599976,-0.013716725026624133,0.26925107532295417,0.4842857142857141,0
1993-12-15,461.8399963,-0.0163152368477103,0.2655571201960883,0.4842857142857141,0
1993-12-16,463.3399963,-0.013120348668796633,0.26259627025440774,0.4842857142857141,0
1993-12-17,466.3800049,-0.006645356975505834,0.2523262802224588,0.4842857142857141,0
1993-12-20,465.8500061,-0.007774214909478272,0.24083699439931036,0.4842857142857141,0
1993-12-21,465.2999878,-0.008945712886048951,0.1944253316537349,0.4842857142857141,0
1993-12-22,467.3200073,-0.004643221938232189,0.2002014959555082,0.4842857142857141,0
1993-12-23,467.3800049,-0.004515431522896685,0.2088576712666294,0.4842857142857141,0
1993-12-27,470.5400085,0.0,0.1905555555555555,0.4842084782966702,0
1993-12-28,470.9400024,0.0,0.1536375661375661,0.48397677032953873,0
1993-12-29,470.5799866,-0.000764462135654953,0.12645968260511398,0.48374506236240733,0
1993-12-30,468.6400146,-0.004883823392107023,0.09751402722396756,0.4835133543952759,0
1993-12-31,466.4500122,-0.009534102384843424,0.09644092286181208,0.4832816464281444,0
1994-01-03,465.4400024,-0.011678770059818544,0.11000658756384571,0.48304993846101285,0
1994-01-04,466.8900146,-0.008599795683867484,0.09483033683122297,0.4828182304938814,0
1994-01-05,467.5499878,-0.007198400184150522,0.07410104318394356,0.482609752197211,0
1994-01-06,467.1199951,-0.008111452160641575,0.07552739338642067,0.48241288873577104,0
1994-01-07,469.8999939,-0.002208367296683056,0.06491194551792441,0.4822160252743311,0
1994-01-10,475.269989,0.0,0.06780423280423278,0.48201916181289106,0
1994-01-11,474.1300049,-0.002398603165326252,0.09233599575606344,0.48182229835145113,0
1994-01-12,474.1700134,-0.0023144225923341644,0.07710270393619781,0.4816254348900112,0
1994-01-13,472.4700012,-0.005891362519841348,0.12429185724603181,0.48142857142857126,0
1994-01-14,474.9100037,-0.0007574332659998628,0.11428193579221568,0.48142857142857126,0
1994-01-17,473.2999878,-0.004145014929608837,0.13181264225415493,0.48142857142857126,0
1994-01-18,474.25,-0.0021461254099930382,0.12182138223802336,0.48142857142857126,0
1994-01-19,474.2999878,-0.0020409477190869163,0.09030628012004713,0.48142857142857126,0
1994-01-20,474.980011,-0.0006101332015727712,0.06447554608527355,0.48142857142857126,0
1994-01-21,474.7200012,-0.0011572112961670822,0.07005267471942164,0.48142857142857126,0
1994-01-24,471.9700012,-0.006943396125102308,0.09909927111731852,0.48142857142857126,0
1994-01-25,470.9200134,-0.00915264102653024,0.12569216394083096,0.48142857142857126,0
1994-01-26,473.2000122,-0.004355370311421081,0.13000157664883755,0.48142857142857126,0
1994-01-27,477.0499878,0.0,0.13390211640211636,0.48142857142857126,0
1994-01-28,478.7000122,0.0,0.1605555555555555,0.48142857142857126,0
1994-01-31,481.6099854,0.0,0.200568783068783,0.48142857142857126,0
1994-02-01,479.6199951,-0.004131953988344428,0.2028022601299286,0.48142857142857126,0
1994-02-02,482.0,0.0,0.20578042328042323,0.48142857142857126,0
1994-02-03,480.7099915,-0.0026763661825726093,0.23343650714395478,0.48142857142857126,0
1994-02-04,469.8099976,-0.02529046141078839,0.3693300351744275,0.48142857142857126,0
1994-02-07,471.7600098,-0.02124479294605819,0.3395281430696613,0.48142857142857126,0
1994-02-08,471.0499878,-0.022717867634854727,0.32458948348986794,0.48142857142857126,0
1994-02-09,472.769989,-0.019149400414937734,0.3084686984873432,0.48142857142857126,0
1994-02-10,468.9299927,-0.02711619771784235,0.32342568064765415,0.48142857142857126,0
1994-02-11,470.1799927,-0.024522836721991625,0.28645121359019937,0.4814261634023601,0
1994-02-14,470.230011,-0.02441906431535268,0.2796467925223385,0.4814237553761489,0
1994-02-15,472.519989,-0.019668072614107857,0.25686888290412513,0.48142134734993774,0
1994-02-16,472.7900085,-0.019107866182572653,0.2395828785725263,0.4814189393237266,0
1994-02-17,470.3399963,-0.02419087904564321,0.26267984850556547,0.4814165312975154,0
1994-02-18,467.6900024,-0.02968879170124472,0.2983249627399063,0.48141412327130423,0
1994-02-22,471.4599915,-0.021867237551867258,0.26194174326329883,0.4813842352419361,0
1994-02-23,470.6900024,-0.02346472531120325,0.27626613598190947,0.4812993872062541,0
1994-02-24,464.2600098,-0.03680495892116187,0.41826647980592324,0.48121453917057216,0
1994-02-25,466.0700073,-0.0330497773858921,0.3860353942387318,0.4811296911348902,0
1994-02-28,467.1400146,-0.030829845228215857,0.3898661846442293,0.4810448430992082,0
1994-03-01,464.4400024,-0.036431530290456426,0.3525802702109815,0.4809599950635262,0
1994-03-02,464.8099976,-0.03566390539419095,0.36159298276932533,0.48087514702784423,0
1994-03-03,463.0100098,-0.03939831991701248,0.36890496802739897,0.4808201080579878,0
1994-03-04,464.7399902,-0.035809148962655524,0.3818863226705304,0.4807799736210442,0
1994-03-07,466.9100037,-0.031307046265560134,0.39744940789962446,0.4807398391841006,0
1994-03-08,465.8800049,-0.03344397323651449,0.4174608102118596,0.48069970474715695,0
1994-03-09,467.0599976,-0.03099585560165985,0.3774728044997695,0.48065957031021334,0
1994-03-10,463.8999939,-0.03755187987551867,0.43309135637972285,0.4806194358732697,0
1994-03-11,466.4400024,-0.032282152697095334,0.4024026044005355,0.4805793014363261,0
1994-03-14,467.3900146,-0.030311173029045735,0.43838398964543673,0.48047237272160737,0
1994-03-15,467.0100098,-0.03109956473029052,0.39956815492502584,0.4803654440068886,0
1994-03-16,469.4200134,-0.026099557261410777,0.39541999781422194,0.48025851529216984,0
1994-03-17,470.8999939,-0.023029058298755123,0.35725127207490814,0.4801515865774511,0
1994-03-18,471.0599976,-0.022697100414937776,0.36764657340797813,0.4800446578627324,0
1994-03-21,468.5400085,-0.027925293568464737,0.42677754804935336,0.4799377291480137,0
1994-03-22,468.7999878,-0.027385917427385942,0.3956937887435508,0.4798504159182134,0
1994-03-23,468.5400085,-0.027925293568464737,0.3641849554567608,0.4798023336582503,0
1994-03-24,464.3500061,-0.0366182446058092,0.4159260205110979,0.4797542513982872,0
1994-03-25,460.5799866,-0.044439861825726124,0.4397564056194427,0.4797061691383241,0
1994-03-28,460.0,-0.0456431535269709,0.42893845089903165,0.47965808687836103,0
1994-03-29,452.480011,-0.06124479045643161,0.4962450712990406,0.47961000461839787,0
1994-03-30,445.5499878,-0.07562243195020746,0.6038289289222594,0.4799020862431074,0
1994-03-31,445.769989,-0.0751659979253112,0.6018129541241299,0.4805080156265136,1
1994-04-04,438.9200134,-0.08937756556016596,0.5874779463970667,0.4807799736210442,1
1994-04-05,448.2900085,-0.06993774170124478,0.6044411630573666,0.4811862564920115,1
1994-04-06,448.0499878,-0.07043570995850623,0.5910969260242814,0.4814197419991303,1
1994-04-07,450.8800049,-0.06456430518672196,0.5724639387108388,0.48142857142857126,1
1994-04-08,447.1000061,-0.07240662634854778,0.583118110348416,0.48142857142857126,1
1994-04-11,449.8699951,-0.06665976120331951,0.5766054700577399,0.48142857142857126,1
1994-04-12,447.5700073,-0.0714315201244814,0.5874241733557268,0.48142857142857126,1
1994-04-13,446.2600098,-0.07414935726141081,0.6041379588724229,0.4823472675819576,1
1994-04-14,446.3800049,-0.07390040477178417,0.5982042952499504,0.4835905903843196,1
1994-04-15,446.1799927,-0.07431536784232362,0.5961096583420051,0.4842857142857141,1
1994-04-18,442.4599915,-0.0820332126556017,0.64403509328196,0.4842857142857141,1
1994-04-19,442.5400085,-0.08186720228215771,0.6392194787174251,0.4842857142857141,1
1994-04-20,441.9599915,-0.08307055705394195,0.6403592716393334,0.4842857142857141,1
1994-04-21,448.730011,-0.06902487344398345,0.6005150333179652,0.4842857142857141,1
1994-04-22,447.6300049,-0.07130704377593355,0.5902113096739773,0.4842857142857141,1
1994-04-25,452.7099915,-0.06076765248962657,0.5540719766383454,0.4842857142857141,1
1994-04-26,451.8699951,-0.06251038360995853,0.5419701322896221,0.4842857142857141,1
1994-04-28,449.1000061,-0.0682572487551868,0.5671071112046367,0.4842857142857141,1
1994-04-29,450.9100037,-0.0645020670124481,0.5223892529017101,0.48431793830877107,1
1994-05-02,453.019989,-0.06012450414937753,0.5146229499527979,0.4848657467007396,1
1994-05-03,453.0299988,-0.06010373692946058,0.5079181351090034,0.48563762838655894,1
1994-05-04,451.7200012,-0.06282157427385893,0.4389176351603767,0.4861062518994544,0
1994-05-05,451.3800049,-0.06352696078838171,0.42927468098838606,0.4860480488245393,0
1994-05-06,447.8200073,-0.07091284792531127,0.43743668735164326,0.4859898457496242,0
1994-05-09,442.3200073,-0.08232363630705397,0.5131666704467716,0.4859316426747091,0
1994-05-10,446.0100098,-0.07466802946058093,0.5034640692151308,0.48626146009922794,0
1994-05-11,441.4899902,-0.08404566348547715,0.5084870713148476,0.48629534651903167,1
1994-05-12,443.75,-0.0793568464730291,0.520902818942238,0.4868903979426401,1
1994-05-13,444.1400146,-0.07854768755186725,0.4908048441098596,0.487142857142857,1
1994-05-16,444.4899902,-0.07782159709543568,0.47347850910711536,0.487142857142857,0
1994-05-17,449.3699951,-0.06769710560165976,0.46402753201299685,0.487142857142857,0
1994-05-18,453.6900024,-0.0587344348547717,0.4091321154765196,0.487142857142857,0
1994-05-19,456.480011,-0.052946035269709535,0.37964635343476244,0.487142857142857,0
1994-05-20,454.9200134,-0.056182544813278,0.40417831303519275,0.487142857142857,0
1994-05-23,453.2000122,-0.059751012033194995,0.4163572990959185,0.487142857142857,0
1994-05-24,454.8099976,-0.05641079336099586,0.3995051213453642,0.487142857142857,0
1994-05-25,456.3399963,-0.05323652219917019,0.38603991129508874,0.487142857142857,0
1994-05-26,457.0599976,-0.051742743568464755,0.37099340868427405,0.487142857142857,0
1994-05-27,457.3299866,-0.05118260041493783,0.34512282420162904,0.487142857142857,0
1994-05-31,456.5,-0.05290456431535273,0.35738759358053956,0.487058704076118,0
1994-06-01,457.6300049,-0.05056015580912865,0.32388647268524,0.4869324744760096,0
1994-06-02,457.6499939,-0.050518684854771734,0.2646568133601176,0.4868062448759013,0
1994-06-03,460.1300049,-0.04537343381742731,0.24176293539572752,0.4866800152757928,0
1994-06-06,458.8800049,-0.047966794813277924,0.2617400479558276,0.4865537856756844,0
1994-06-07,458.2099915,-0.04935686410788387,0.2421118348130585,0.48642755607557603,0
1994-06-08,457.0599976,-0.051742743568464755,0.24385055154141694,0.48630132647546764,0
1994-06-09,457.8599854,-0.05008301784232361,0.24008639389756078,0.48629534651903167,0
1994-06-10,458.6700134,-0.04840246182572616,0.2288236949316121,0.48628936656259575,0
1994-06-13,459.1000061,-0.04751036078838178,0.20963148056510572,0.4862833866061598,0
1994-06-14,462.3699951,-0.04072615124481327,0.18799836562076003,0.4862774066497238,0
1994-06-15,460.6099854,-0.04437762365145226,0.19200976213835644,0.4862714266932879,0
1994-06-16,461.9299927,-0.041639019294605784,0.17966259034929408,0.4862654467368519,0
1994-06-17,458.4500122,-0.04885889585062242,0.22937141576148762,0.4862420590742562,0
1994-06-20,455.480011,-0.055020724066390025,0.30057513342993253,0.48618385599934116,0
1994-06-21,451.3399963,-0.06360996618257264,0.41446688005400767,0.48612565292442605,0
1994-06-22,453.0899963,-0.05997926078838178,0.38889310236404745,0.486067449849511,0
1994-06-23,449.6300049,-0.06715766618257257,0.38652835285824044,0.48600924677459595,0
1994-06-24,442.7999878,-0.08132782614107881,0.5359664072423103,0.48595104369968084,0
1994-06-27,447.3099976,-0.07197095933609965,0.4914841988223671,0.48626345341803995,0
1994-06-28,446.0700073,-0.07454355331950213,0.4653517348828734,0.4862973398378437,0
1994-06-29,447.6300049,-0.07130704377593355,0.463941468404136,0.4862913598814077,0
1994-06-30,444.269989,-0.07827803112033194,0.49790189131265217,0.4862853799249718,0
1994-07-01,446.2000122,-0.07427383360995854,0.45427410297745274,0.4866800152757928,0
1994-07-05,446.3699951,-0.07392117199170123,0.4588773640619991,0.4865537856756844,0
1994-07-06,446.1300049,-0.07441907697095429,0.4226097706720234,0.48642755607557603,0
1994-07-07,448.3800049,-0.06975102717842319,0.4111615500744252,0.48630132647546764,0
1994-07-08,449.5499878,-0.0673236767634855,0.378222274550045,0.48629534651903167,0
1994-07-11,448.0599976,-0.07041494273858928,0.4008206826090584,0.48628936656259575,0
1994-07-12,447.9500122,-0.07064312821576768,0.4065442406314079,0.4862833866061598,0
1994-07-13,448.730011,-0.06902487344398345,0.38269757300050494,0.4862774066497238,0
1994-07-14,453.4100037,-0.05931534502074687,0.36297735582383794,0.4862714266932879,0
1994-07-15,454.1600037,-0.0577593284232365,0.35095140574809536,0.4862654467368519,0
1994-07-18,455.2200012,-0.0555601634854771,0.3414473284577047,0.4862420590742562,0
1994-07-19,453.8599854,-0.05838177302904557,0.3166454292221562,0.48618385599934116,0
1994-07-20,451.6000061,-0.06307052676348557,0.2938327802643308,0.48612565292442605,0
1994-07-21,452.6099854,-0.06097513402489618,0.29437386453357905,0.486067449849511,0
1994-07-22,453.1099854,-0.05993778962655594,0.31369783432435383,0.48600924677459595,0
1994-07-25,454.25,-0.057572614107883835,0.2204098882522119,0.48595104369968084,0
1994-07-26,453.3599854,-0.059419117427385815,0.25554897265889465,0.48589284062476573,0
1994-07-27,452.5700073,-0.06105807614107883,0.290730008829612,0.4857791151145,0
1994-07-28,454.2399902,-0.057593381327800786,0.29700888299018624,0.48563762838655894,0
1994-07-29,458.2600098,-0.04925309170124481,0.30346878940657307,0.4854961416586179,0
1994-08-01,461.0100098,-0.04354769751037346,0.2963313110865221,0.4853546549306767,0
1994-08-02,460.5599976,-0.04448133278008304,0.29619505965355986,0.4852131682027357,0
1994-08-03,461.4500122,-0.04263482946058095,0.2901961868870886,0.4850716814747946,0
1994-08-04,458.3999939,-0.048962668257261366,0.3402366833901951,0.48493019474685356,0
1994-08-05,457.0899963,-0.05168050560165971,0.36689755910294397,0.48483352267768265,0
1994-08-08,457.8900146,-0.050020716597510395,0.37093755832971076,0.4847368506085117,0
1994-08-09,457.9200134,-0.04995847842323653,0.38866710532481497,0.48464017853934077,0
1994-08-10,460.2999878,-0.04502077219917011,0.34849582610990354,0.48454350647016986,0
1994-08-11,458.8800049,-0.047966794813277924,0.3531553918711715,0.48444683440099895,0
1994-08-12,461.9400024,-0.04161825228215765,0.28697893977562616,0.48435016233182804,0
1994-08-15,461.230011,-0.043091263485477205,0.3057703627434191,0.4842857142857141,0
1994-08-16,465.0100098,-0.0352489423236515,0.2793225403121913,0.4842857142857141,0
1994-08-17,465.1700134,-0.03491698464730286,0.26807763025401204,0.4842857142857141,0
1994-08-18,463.1700134,-0.03906636224066384,0.3070648198739817,0.4842857142857141,0
1994-08-19,463.6799927,-0.038008313900414925,0.3286919872625084,0.4842857142857141,0
1994-08-22,462.3200073,-0.04082986037344405,0.3010857795380799,0.4842857142857141,0
1994-08-23,464.5100098,-0.036286286721991745,0.2636361366589826,0.4842857142857141,0
1994-08-24,469.0299988,-0.026908716182572623,0.26493596206458975,0.4842857142857141,0
1994-08-25,468.0799866,-0.028879695850622444,0.2622350001001119,0.4842857142857141,0
1994-08-26,473.7999878,-0.017012473443983378,0.27466099987881176,0.4842857142857141,0
1994-08-29,474.5899963,-0.015373451659751014,0.24252221606577523,0.4842857142857141,0
1994-08-30,476.0700073,-0.012302889419087193,0.23243542497486225,0.4842857142857141,0
1994-08-31,475.4899902,-0.01350624439834025,0.2538926784631934,0.4842857142857141,0
1994-09-01,473.1700134,-0.018319474273858938,0.2819304590757206,0.4842857142857141,0
1994-09-02,470.9899902,-0.022842343983402458,0.28917007203934214,0.4842857142857141,0
1994-09-06,471.8599854,-0.02103737468879663,0.29286389724560347,0.4842857142857141,0
1994-09-07,470.9899902,-0.022842343983402458,0.2874372678065379,0.4842857142857141,0
1994-09-08,473.1400146,-0.018381712448132803,0.2674681078478122,0.4842857142857141,0
1994-09-09,468.1799927,-0.028672214315352718,0.33730348257524856,0.4842857142857141,0
1994-09-12,466.2099915,-0.03275935373443983,0.3960837112538145,0.4842857142857141,0
1994-09-13,467.5100098,-0.030062220331950273,0.3836275744512503,0.4842857142857141,0
1994-09-14,468.7999878,-0.027385917427385942,0.35495304800281013,0.4842857142857141,0
1994-09-15,474.8099976,-0.014917017427385937,0.32791364842609055,0.4842857142857141,0
1994-09-16,471.1900024,-0.022427380912863004,0.37223031741289586,0.4842857142857141,0
1994-09-19,470.8500061,-0.023132767427385903,0.37465085530439735,0.4842857142857141,0
1994-09-20,463.3599854,-0.03867222946058091,0.44507069651671816,0.4842857142857141,0
1994-09-21,461.4599915,-0.042614125518672163,0.46031684480230073,0.4842857142857141,0
1994-09-22,461.269989,-0.043008321576763486,0.4453798271619574,0.4842857142857141,0
1994-09-23,459.6700134,-0.04632777302904556,0.45998486202638894,0.4842857142857141,0
1994-09-26,460.8200073,-0.043941893568464785,0.38946307651496187,0.4842857142857141,0
1994-09-27,462.0499878,-0.04139006680497925,0.35689030238819724,0.4842857142857141,0
1994-09-28,464.8399963,-0.03560166742738591,0.3341505723414344,0.4842857142857141,0
1994-09-29,462.2399902,-0.04099587095435675,0.3543802303304132,0.4842857142857141,0
1994-09-30,462.7099915,-0.04002076452282155,0.3350884094908778,0.4842857142857141,0
1994-10-03,461.7399902,-0.042033215352696995,0.3568155197988977,0.4842857142857141,0
1994-10-04,454.5899963,-0.05686722759336105,0.44731474718610725,0.4842857142857141,0
1994-10-05,453.519989,-0.05908715975103729,0.4600448033414563,0.4842857142857141,0
1994-10-06,452.3599854,-0.061493806224066305,0.4579063240826361,0.4842857142857141,0
1994-10-07,455.1000061,-0.05580911597510374,0.4497751719743572,0.4842857142857141,0
1994-10-10,459.0400085,-0.04763483713692951,0.44759831250082327,0.4842857142857141,0
1994-10-11,465.7900085,-0.033630687759336086,0.45056846552284346,0.4842857142857141,0
1994-10-12,465.4700012,-0.03429460331950207,0.4758625186923971,0.4842857142857141,0
1994-10-13,467.7900085,-0.029481310165975105,0.46466328648488425,0.4842857142857141,0
1994-10-14,469.1000061,-0.026763472821576872,0.4255288657985906,0.4842857142857141,0
1994-10-17,468.9599915,-0.027053959543568484,0.4704409419284726,0.4842857142857141,0
1994-10-18,467.6600037,-0.029751029668049767,0.509008113908538,0.4842857142857141,0
1994-10-19,470.2799988,-0.02431535518672201,0.5085831881288282,0.4842857142857141,0
1994-10-20,466.8500061,-0.031431522614107976,0.5228633297824321,0.4842857142857141,1
1994-10-21,464.8900146,-0.03549789502074696,0.5583514422788645,0.4842857142857141,1
1994-10-24,460.8299866,-0.043921189626556,0.57811548046192,0.4842857142857141,1
1994-10-25,461.5299988,-0.04246888215767641,0.5781584257849788,0.4842857142857141,1
1994-10-26,462.6199951,-0.040207479045643146,0.5533283399341368,0.4842857142857141,1
1994-10-27,465.8500061,-0.03350621141078847,0.5545593055447979,0.4842857142857141,1
1994-10-28,473.769989,-0.017074711618257243,0.5399737809260355,0.4842857142857141,1
1994-10-31,472.3500061,-0.020020734232365167,0.5336280556820128,0.4848335226776826,1
1994-11-01,468.4200134,-0.028174246058091268,0.5565736455342596,0.48559046614391194,1
1994-11-02,466.5100098,-0.032136909128630764,0.5859320158220817,0.48608685087448267,1
1994-11-03,467.9100037,-0.029232357468879644,0.5835708924547189,0.4862774066497238,1
1994-11-04,462.2799988,-0.040912865560166045,0.6291880312647917,0.486511709142315,1
1994-11-07,463.0700073,-0.03927384377593368,0.6371021575046653,0.487142857142857,1
1994-11-08,465.6499939,-0.0339211744813277,0.6061683723405561,0.487142857142857,1
1994-11-09,465.3999939,-0.03443984668049782,0.5916717313605125,0.487142857142857,1
1994-11-10,464.3699951,-0.03657677365145229,0.5856381601277744,0.487142857142857,1
1994-11-11,462.3500061,-0.040767622199170184,0.6066989244167819,0.48715432638550127,1
1994-11-14,466.0400085,-0.033112015560165964,0.6020227784605588,0.4875103408224728,1
1994-11-15,465.0299988,-0.035207471369294585,0.577341558235746,0.4883773112324076,1
1994-11-16,465.6199951,-0.033983412655601675,0.5516927935994203,0.48928823863540705,1
1994-11-17,463.5700073,-0.038236499377593436,0.5660689844382972,0.48933115258018667,1
1994-11-18,461.4700012,-0.04259335850622403,0.5733474799429185,0.48977905441847275,1
1994-11-21,458.2999878,-0.04917014979253109,0.602271375518233,0.4899706688525757,1
1994-11-22,450.0899963,-0.06620332717842325,0.6858725640426792,0.4899999999999998,1
1994-11-23,449.9299927,-0.06653528485477178,0.7043926063759905,0.4899999999999998,1
1994-11-25,452.2900085,-0.06163898651452282,0.6772207520713954,0.4899999999999998,1
1994-11-28,454.1600037,-0.0577593284232365,0.6500783898750794,0.4899999999999998,1
1994-11-29,455.1700134,-0.05566387261410788,0.6275506153908975,0.4899999999999998,1
1994-11-30,453.6900024,-0.0587344348547717,0.594938993783398,0.4905633908769017,1
1994-12-01,448.9200134,-0.06863067759336094,0.6350684533236731,0.49088318927928815,1
1994-12-02,453.2999878,-0.059543593775933656,0.6315449051237129,0.491162053452421,1
1994-12-05,453.3200073,-0.059502059543568464,0.6263363338861444,0.491827434831061,1
1994-12-06,453.1099854,-0.05993778962655594,0.6223750830016025,0.49285714285714266,1
1994-12-07,451.230011,-0.06383815145228222,0.6171877923247492,0.49285714285714266,1
1994-12-08,445.4500122,-0.07582985020746891,0.6628344445875868,0.49285714285714266,1
1994-12-09,446.9599915,-0.07269711307053939,0.6335592870073985,0.49285714285714266,1
1994-12-12,449.4700012,-0.06748962406639003,0.6290034218955409,0.49285714285714266,1
1994-12-13,450.1499939,-0.06607885082987541,0.5998369490381784,0.49322461110166593,1
1994-12-14,454.9700012,-0.05607883568464722,0.5548078303348041,0.494095701162847,1
1994-12-15,455.3399963,-0.05531121099585068,0.53829144261301,0.49489349672584165,1
1994-12-16,458.7999878,-0.04813280539419085,0.5212382024518648,0.4956278868733966,1
1994-12-19,457.9100037,-0.04997924543568466,0.5260332955810225,0.49571428571428555,1
1994-12-20,457.1000061,-0.05165973838174276,0.5177324267988319,0.49571428571428555,1
1994-12-21,459.6099854,-0.04645231244813275,0.46143060562558985,0.49571428571428555,0
1994-12-22,459.6799927,-0.04630706908713689,0.4587959961320774,0.49571428571428555,0
1994-12-23,459.8299866,-0.0459958784232366,0.4508299747428045,0.49571428571428555,0
1994-12-27,462.4700012,-0.04051866970954354,0.41371499624404473,0.49571428571428555,0
1994-12-28,460.8599854,-0.043858951452282136,0.458649260261257,0.49571428571428555,0
1994-12-29,461.1700134,-0.043215739834024824,0.45348587192781387,0.49571428571428555,0
1994-12-30,459.269989,-0.04715769917012447,0.44193315434806457,0.49571428571428555,0
1995-01-03,459.1099854,-0.047489656846472994,0.491484942713122,0.49571428571428555,0
1995-01-04,460.7099915,-0.04417014211618253,0.4440755991108475,0.49571428571428555,0
1995-01-05,460.3399963,-0.044937767012448115,0.44704701353663073,0.49571428571428555,0
1995-01-06,460.6799927,-0.0442323802904564,0.4002746235443148,0.49571428571428555,0
1995-01-09,460.8299866,-0.043921189626556,0.3878112476576872,0.49571428571428555,0
1995-01-10,461.6799927,-0.042157691493775906,0.34073473243803365,0.49571428571428555,0
1995-01-11,461.6600037,-0.04219916244813282,0.35796703726580165,0.49571428571428555,0
1995-01-12,461.6400146,-0.042240633609958556,0.3804242100673999,0.49571428571428555,0
1995-01-13,465.9700012,-0.033257258921161825,0.2757949540916375,0.49571428571428555,0
1995-01-16,469.3800049,-0.026182562448132773,0.2873450008636852,0.49571428571428555,0
1995-01-17,470.0499878,-0.02479255643153533,0.3066293745961492,0.4956278868733966,0
1995-01-18,469.7099915,-0.025497942946058116,0.29936737280511094,0.49549828861206346,0
1995-01-19,466.9500122,-0.03122404107883814,0.37901646834222474,0.49536869035073017,0
1995-01-20,464.7799988,-0.03572614356846471,0.386799943710729,0.49523909208939704,0
1995-01-23,465.8200073,-0.03356844958506222,0.4203350495549846,0.4951094938280637,0
1995-01-24,465.8599854,-0.03348550746887957,0.3864656777457242,0.4949798955667304,0
1995-01-25,467.4400024,-0.030207463900414844,0.3595690625006035,0.49485029730539726,0
1995-01-26,468.3200073,-0.028381727593360995,0.33940198845594843,0.494708810528669,0
1995-01-27,470.3900146,-0.024087106639004152,0.32698653854881543,0.49456732375194096,0
1995-01-30,468.5100098,-0.027987531535269783,0.3305294822867681,0.49442583697521264,0
1995-01-31,470.4200134,-0.024024868464730287,0.3103906887185228,0.4942843501984844,0
1995-02-01,470.3999939,-0.024066402697095368,0.29951460387143497,0.49414286342175634,0
1995-02-02,472.7900085,-0.016475594724558618,0.2757098671086237,0.4940013766450281,0
1995-02-03,478.6499939,0.0,0.2802513227513227,0.4938545566637061,0
1995-02-06,481.1400146,0.0,0.23468253968253963,0.493697070273196,0
1995-02-07,480.8099976,-0.0006859063681792232,0.23484425166297904,0.4935395838826859,0
1995-02-08,481.1900024,0.0,0.24908730158730152,0.493382097492176,0
1995-02-09,480.1900024,-0.0020781811654696503,0.2586710660758122,0.49322461110166593,0
1995-02-10,481.4599915,0.0,0.24341269841269836,0.49306712471115605,0
1995-02-13,481.6499939,0.0,0.25272486772486763,0.49290963832064594,0
1995-02-14,482.5499878,0.0,0.2509391534391534,0.49285714285714266,0
1995-02-15,484.5400085,0.0,0.24228835978835972,0.49285714285714266,0
1995-02-16,485.2200012,0.0,0.23892857142857135,0.49285714285714266,0
1995-02-17,481.9700012,-0.006697992646557016,0.23815663879491597,0.49285714285714266,0
1995-02-21,482.7200012,-0.005152302035813072,0.16320657196678517,0.49285714285714266,0
1995-02-22,485.0700073,-0.0003091255505318635,0.13351909880878635,0.49285714285714266,0
1995-02-23,486.9100037,0.0,0.125542328042328,0.49285714285714266,0
1995-02-24,488.1099854,0.0,0.12587301587301583,0.49285714285714266,0
1995-02-27,483.8099976,-0.008809464933351552,0.2715898764385403,0.49285714285714266,0
1995-02-28,487.3900146,-0.00147501756066315,0.257087481390256,0.49285714285714266,0
1995-03-01,485.6499939,-0.005039830311981963,0.24816419849078042,0.49285714285714266,0
1995-03-02,485.1300049,-0.006105141441755113,0.2633182332221696,0.49285714285714266,0
1995-03-03,485.4200134,-0.005510995637173055,0.23917933233074518,0.49285714285714266,0
1995-03-06,485.6300049,-0.005080782147834362,0.2082001131805758,0.49285714285714266,0
1995-03-07,482.1199951,-0.0122718044686001,0.2970409801771349,0.49285714285714266,0
1995-03-08,483.1400146,-0.010182071558989314,0.2667290678813691,0.49285714285714266,0
1995-03-09,483.1600037,-0.01014111951826513,0.24243389368646834,0.49285714285714266,0
1995-03-10,489.5700073,0.0,0.22720899470899464,0.49285714285714266,0
1995-03-13,490.0499878,0.0,0.19359788359788355,0.49285714285714266,0
1995-03-14,492.8900146,0.0,0.19162698412698406,0.49285714285714266,0
1995-03-15,491.8800049,-0.002049158372217419,0.20859655618422698,0.49285714285714266,0
1995-03-16,495.4100037,0.0,0.18252645502645498,0.49285714285714266,0
1995-03-17,495.519989,0.0,0.1671428571428571,0.49285714285714266,0
1995-03-20,496.1400146,0.0,0.14806878306878302,0.49285714285714266,0
1995-03-21,495.0700073,-0.002156663982973983,0.16928111847269042,0.49285714285714266,0
1995-03-22,495.6700134,-0.0009473156491497381,0.16384841899061986,0.49285714285714266,0
1995-03-23,495.9500122,-0.00038296124966485934,0.1643881249281692,0.49285714285714266,0
1995-03-24,500.9700012,0.0,0.1746693121693121,0.4926513128355394,0
1995-03-27,503.2000122,0.0,0.16681216931216925,0.4924454828139365,0
1995-03-28,503.8999939,0.0,0.13556878306878303,0.4922396527923333,0
1995-03-29,503.1199951,-0.0015479238131422823,0.18233369905196115,0.49203382277073004,0
1995-03-30,502.2200012,-0.003333980393604441,0.18195051192206071,0.49182799274912714,0
1995-03-31,500.7099915,-0.006330625994476757,0.2486417247383456,0.4916221627275239,0
1995-04-03,501.8500061,-0.00406824335149103,0.2147760719159691,0.49148490551858426,0
1995-04-04,505.2399902,0.0,0.16846560846560843,0.491484793934971,0
1995-04-05,505.5700073,0.0,0.1669708994708994,0.4914846823513578,0
1995-04-06,506.0799866,0.0,0.16902116402116396,0.49148457076774454,0
1995-04-07,506.4200134,0.0,0.16751322751322745,0.4914844591841313,0
1995-04-10,507.0100098,0.0,0.16890211640211633,0.49148434760051807,0
1995-04-11,505.5299988,-0.0029190962138673227,0.1684103228640481,0.49148423601690483,0
1995-04-12,507.1700134,0.0,0.1676851851851851,0.491430507927376,0
1995-04-13,509.230011,0.0,0.148558201058201,0.4913499715848896,0
1995-04-17,506.1300049,-0.006087634336225278,0.22030780670611577,0.491269435242403,0
1995-04-18,505.3699951,-0.007580102933092858,0.26078924521283303,0.49118889889991657,0
1995-04-19,504.9200134,-0.0084637541128737,0.26199512927407276,0.49110836255743,0
1995-04-20,505.2900085,-0.007737176550656977,0.22903328910946555,0.49102782621494345,0
1995-04-21,508.4899902,-0.0014532152151573996,0.23978618630051687,0.490947289872457,0
1995-04-24,512.8900146,0.0,0.24041005291005282,0.49092592300806737,0
1995-04-25,512.0999756,-0.001540367286378408,0.21244367883889215,0.4909045561436778,0
1995-04-26,512.6599731,-0.00044852013775187327,0.2041625627896408,0.49088318927928815,0
1995-04-27,513.5499878,0.0,0.18883597883597877,0.4908618224148985,0
1995-04-28,514.710022,0.0,0.20388888888888881,0.4908404555505089,0
1995-05-01,514.2600098,-0.0008743023853534648,0.19040101471427595,0.4908190886861193,0
1995-05-02,514.8599854,0.0,0.1947486772486772,0.49076460190436666,0
1995-05-03,520.4799805,0.0,0.17705026455026449,0.4906438752878876,0
1995-05-04,520.539978,0.0,0.21800264550264548,0.49052314867140856,0
1995-05-05,520.1199951,-0.0008068216040075793,0.21549199544861855,0.4904024220549297,0
1995-05-08,523.960022,0.0,0.21242063492063484,0.4902816954384507,0
1995-05-09,523.5599976,-0.0007634635911211163,0.23889234678553575,0.4901609688219718,0
1995-05-10,524.3599854,0.0,0.2464682539682539,0.49004024220549275,0
1995-05-11,524.3699951,0.0,0.21271164021164016,0.4899999999999998,0
1995-05-12,525.5499878,0.0,0.1646560846560846,0.4899999999999998,0
1995-05-15,527.7399902,0.0,0.1739417989417989,0.4899999999999998,0
1995-05-16,528.1900024,0.0,0.1319576719576719,0.4899999999999998,0
1995-05-17,527.0700073,-0.0021204397942234943,0.15463447484301523,0.4899999999999998,0
1995-05-18,519.5800171,-0.01630092440386577,0.3059896807132103,0.4899999999999998,0
1995-05-19,519.1900024,-0.017039322893476982,0.2908440128689977,0.4899999999999998,0
1995-05-22,523.6500244,-0.008595350119031342,0.23479854712696452,0.4899999999999998,0
1995-05-23,528.5900269,0.0,0.24369047619047612,0.4899999999999998,0
1995-05-24,528.6099854,0.0,0.23308201058201056,0.4899999999999998,0
1995-05-25,528.5900269,-3.775657015814282e-05,0.24327282111170292,0.4899999999999998,0
1995-05-26,523.6500244,-0.0093830255519044,0.32533370473635925,0.4899999999999998,0
1995-05-30,523.5800171,-0.009515462134514707,0.32427569741856044,0.4899999999999998,0
1995-05-31,533.4000244,0.0,0.3447354497354496,0.4899999999999998,0
1995-06-01,533.4899902,0.0,0.31898148148148137,0.4899999999999998,0
1995-06-02,532.5100098,-0.0018369236874201667,0.33696621318680886,0.4899999999999998,0
1995-06-05,535.5999756,0.0,0.330648148148148,0.4899999999999998,0
1995-06-06,535.5499878,-9.333047475201806e-05,0.3144903034480092,0.4899999999999998,0
1995-06-07,533.1300049,-0.004611595990520745,0.3376238622785719,0.4899999999999998,0
1995-06-08,532.3499756,-0.006067961441482916,0.35443763838586406,0.4899999999999998,0
1995-06-09,527.9400024,-0.014301668313966953,0.4299265522413105,0.4899999999999998,0
1995-06-12,530.8800049,-0.0088124923730859,0.39274430301701513,0.4899999999999998,0
1995-06-13,536.0499878,0.0,0.35391534391534385,0.4899999999999998,0
1995-06-14,536.4699707,0.0,0.33891534391534384,0.4899999999999998,0
1995-06-15,537.1199951,0.0,0.32432539682539674,0.4899999999999998,0
1995-06-16,539.8300171,0.0,0.28556878306878297,0.4899999999999998,0
1995-06-19,545.2199707,0.0,0.3007671957671957,0.4899999999999998,0
1995-06-20,544.9799805,-0.0004401713306499966,0.30080598337455766,0.48998900081971575,0
1995-06-21,543.9799805,-0.0022742934350110655,0.3056259775188386,0.4899780016394317,0
1995-06-22,551.0700073,0.0,0.3525132275132274,0.48996700245914765,0
1995-06-23,549.710022,-0.0024678993267359672,0.3417577754883794,0.4899560032788636,0
1995-06-26,544.1300049,-0.012593685571825941,0.42065475072851904,0.48994500409857955,0
1995-06-27,542.4299927,-0.015678615213214675,0.4762085181500374,0.48993400491829553,0
1995-06-28,544.7299805,-0.011504938966036993,0.44712603257935013,0.48989714858884614,0
1995-06-29,543.8699951,-0.013065512738167251,0.42209395920114456,0.4898085779610661,0
1995-06-30,544.75,-0.011468610550890435,0.41304804694678265,0.48972000733328597,0
1995-07-03,547.0900269,-0.007222277291954571,0.3878466269302396,0.489631436705506,0
1995-07-05,547.2600098,-0.0069138175722306405,0.43495002024011586,0.4895428660777259,0
1995-07-06,553.9899902,0.0,0.40911375661375654,0.4894542954499459,0
1995-07-07,556.3699951,0.0,0.4377116402116401,0.48936572482216584,0
1995-07-10,557.1900024,0.0,0.4485714285714284,0.48933115258018667,0
1995-07-11,554.7800293,-0.0043252267442335235,0.46351037791318594,0.4893235795311079,0
1995-07-12,560.8900146,0.0,0.4709126984126983,0.48931600648202916,0
1995-07-13,561.0,0.0,0.48407407407407393,0.4893084334329504,0
1995-07-14,559.8900146,-0.001978583600713013,0.48605154899810415,0.4893008603838716,0
1995-07-17,562.7199707,0.0,0.4610449735449734,0.4892932873347929,0
1995-07-18,558.460022,-0.007570281706371307,0.5107113221746296,0.4892857142857141,0
1995-07-19,550.9799805,-0.02086293504990755,0.5812127707371376,0.4893286282304937,0
1995-07-20,553.539978,-0.016313607438848243,0.5446556940059828,0.4897495308758794,1
1995-07-21,553.6199951,-0.01617141042405157,0.5202257983289675,0.48996700245914765,1
1995-07-24,556.6300049,-0.010822373679797215,0.5227355256644338,0.4899999999999998,1
1995-07-25,561.0999756,-0.002878865482568105,0.4871980248224679,0.4899999999999998,0
1995-07-26,561.6099854,-0.0019725358220700207,0.4857268313462722,0.4899999999999998,0
1995-07-27,565.2199707,0.0,0.4390211640211639,0.4899999999999998,0
1995-07-28,562.9299927,-0.004051481049340833,0.45589352329095495,0.4899999999999998,0
1995-07-31,562.0599976,-0.005590696125061689,0.4768940205352591,0.4899999999999998,0
1995-08-01,559.6400146,-0.00987218497090514,0.508698473816938,0.4899999999999998,0
1995-08-02,558.7999878,-0.01135837945012641,0.5100983093084055,0.4899999999999998,0
1995-08-03,558.75,-0.011446819000374697,0.5254822145464813,0.4899999999999998,1
1995-08-04,558.9400024,-0.01111066244213288,0.43392803302579747,0.4899999999999998,0
1995-08-07,560.0300293,-0.009182162112163939,0.3956746791906813,0.4899999999999998,0
1995-08-08,560.3900146,-0.008545267949429114,0.3908892421742355,0.4899999999999998,0
1995-08-09,559.710022,-0.00974832628998612,0.3922403195903113,0.4899999999999998,0
1995-08-10,557.4500122,-0.01374678691974962,0.4123162501238053,0.4899999999999998,0
1995-08-11,555.1099854,-0.017886815441922832,0.4299430145091433,0.4899999999999998,0
1995-08-14,559.7399902,-0.009695305870408788,0.40240156281168626,0.4899999999999998,0
1995-08-15,558.5700073,-0.011765266170203126,0.33339080617673045,0.4899999999999998,0
1995-08-16,559.9699707,-0.009288419150332072,0.28458525641955185,0.4899999999999998,0
1995-08-17,559.039978,-0.010933783341636527,0.27404646593588966,0.4899999999999998,0
1995-08-18,559.210022,-0.010632937637636841,0.2407224881281271,0.4899999999999998,0
1995-08-21,558.1099854,-0.012579147356018838,0.28976428899653467,0.4899999999999998,0
1995-08-22,559.5200195,-0.010084483025150082,0.2503818029106033,0.4899999999999998,0
1995-08-23,557.1400146,-0.014295241709158524,0.26909873449543464,0.4899999999999998,0
1995-08-24,557.460022,-0.013729077354414199,0.2475198663702705,0.4899999999999998,0
1995-08-25,560.0999756,-0.009058411530751598,0.21948120494801296,0.4899999999999998,0
1995-08-28,559.0499878,-0.010916073776301105,0.22938235731463005,0.4899999999999998,0
1995-08-29,560.0,-0.00923529063124795,0.2251961053712541,0.4899999999999998,0
1995-08-30,560.9199829,-0.007607636005278806,0.19206567114284245,0.4899999999999998,0
1995-08-31,561.8800049,-0.005909143294890229,0.13432642168931797,0.4899999999999998,0
1995-09-01,563.8400269,-0.0024414278892003205,0.11950378754111442,0.4899999999999998,0
1995-09-05,569.1699829,0.0,0.14999999999999997,0.4899926672131438,0
1995-09-06,570.1699829,0.0,0.14318783068783064,0.48998166803285975,0
1995-09-07,570.289978,0.0,0.11898148148148144,0.4899706688525757,0
1995-09-08,572.6799927,0.0,0.10175925925925922,0.48995966967229165,0
1995-09-11,573.9099731,0.0,0.10195767195767193,0.4899486704920076,0
1995-09-12,576.5100098,0.0,0.11543650793650789,0.4899376713117235,0
1995-09-13,578.7700195,0.0,0.11771164021164016,0.4899266721314395,0
1995-09-14,583.6099854,0.0,0.07030423280423277,0.48983810150365936,0
1995-09-15,583.3499756,-0.00044551979319173984,0.0925716607888671,0.4897495308758794,0
1995-09-18,582.7700195,-0.0014392589589163896,0.19285144937503823,0.4896609602480993,0
1995-09-19,584.2000122,0.0,0.18361111111111106,0.48957238962031924,0
1995-09-20,586.7700195,0.0,0.16903439153439148,0.48948381899253923,0
1995-09-21,583.0,-0.006425037705935499,0.25801427805135535,0.48939524836475917,0
1995-09-22,581.7299805,-0.00858946236601299,0.29357455060641124,0.48933367692987956,0
1995-09-25,581.8099976,-0.008453093605952366,0.31394000862343907,0.48932610388080083,0
1995-09-26,581.4099731,-0.009134833447297486,0.2917554509304077,0.48931853083172205,0
1995-09-27,581.039978,-0.009765395827282863,0.2962422845165489,0.48931095778264333,0
1995-09-28,585.8699951,-0.0015338622800922241,0.24690677230224817,0.48930338473356455,0
1995-09-29,584.4099731,-0.004022097792268031,0.24634768137188556,0.48929581168448577,0
1995-10-02,581.7199707,-0.008606521519799681,0.2893622173581511,0.48928823863540705,0
1995-10-03,582.3400269,-0.007549793705845631,0.28702271540997765,0.4891721639040506,0
1995-10-04,581.4699707,-0.00903258282438546,0.28725444330460637,0.4890018383315558,0
1995-10-05,582.6300049,-0.007055600085920877,0.283466720103105,0.4888315127590607,0
1995-10-06,582.4899902,-0.007294219468893637,0.22822396283357177,0.48866118718656587,0
1995-10-09,578.3699951,-0.014315701417665916,0.3066497411720985,0.4884908616140708,0
1995-10-10,577.5200195,-0.015764268269674253,0.32444622245270954,0.4883205360415757,0
1995-10-11,579.460022,-0.012458028285475486,0.2695395810325176,0.48815021046908086,0
1995-10-12,583.0999756,-0.006254654767684498,0.27430452752016315,0.4880073826220888,0
1995-10-13,584.5,-0.0038686698784207163,0.2794572186689196,0.487864554775097,0
1995-10-16,583.0300293,-0.00637386041500021,0.28461953196889966,0.48772172692810495,0
1995-10-17,586.7800293,0.0,0.2656084656084655,0.48757889908111296,0
1995-10-18,587.4400024,0.0,0.268068783068783,0.48743607123412114,0
1995-10-19,590.6500244,0.0,0.23767195767195762,0.4872932433871291,0
1995-10-20,587.460022,-0.005400833434723973,0.25420586784653637,0.48719641336275177,0
1995-10-23,585.0599976,-0.009464194648393653,0.29184645156749034,0.4871915789836034,0
1995-10-24,586.539978,-0.006958513891834883,0.2754269362469214,0.48718674460445505,0
1995-10-25,582.4699707,-0.013849239587028883,0.30526988115522824,0.48718191022530666,0
1995-10-26,576.7199707,-0.023584276855233566,0.40913446555961347,0.4871770758461583,0
1995-10-27,579.7000122,-0.01853891771379068,0.3770615160713635,0.48717224146701,0
1995-10-30,583.25,-0.01252861101210856,0.37254756072775763,0.4871674070878616,0
1995-10-31,581.5,-0.015491448441562139,0.34799450003463633,0.48716350177961665,0
1995-11-01,584.2199707,-0.010886402157575192,0.3465425185679261,0.48716006100682335,0
1995-11-02,589.7199707,-0.0015746273792924814,0.3568101877757858,0.4871566202340301,0
1995-11-03,590.5700073,-0.00013547294792926046,0.3128609802359277,0.4871531794612368,0
1995-11-06,588.460022,-0.003707783475036197,0.318126588847292,0.4871497386884435,0
1995-11-07,586.3200073,-0.007330935276602335,0.32481564085044123,0.4871462979156503,0
1995-11-08,591.710022,0.0,0.2900925925925925,0.487142857142857,0
1995-11-09,593.2600098,0.0,0.2718518518518518,0.487142857142857,0
1995-11-10,592.7199707,-0.0009102907512376079,0.2756293859385221,0.487142857142857,0
1995-11-13,592.2999878,-0.0016182145840634155,0.2828810109400295,0.487142857142857,0
1995-11-14,589.289978,-0.006691891808683348,0.28894296858311835,0.487142857142857,0
1995-11-15,593.960022,0.0,0.28322751322751316,0.487142857142857,0
1995-11-16,597.3400269,0.0,0.279100529100529,0.487142857142857,0
1995-11-17,600.0700073,0.0,0.2568518518518518,0.487142857142857,0
1995-11-20,596.8499756,-0.005366093390483773,0.24125412688339523,0.487142857142857,0
1995-11-21,600.2399902,0.0,0.2046560846560846,0.487142857142857,0
1995-11-22,598.4000244,-0.0030653835633092097,0.2219853385828493,0.487142857142857,0
1995-11-24,599.9699707,-0.00044985256632101844,0.1977091352488973,0.487142857142857,0
1995-11-27,601.3200073,0.0,0.2221428571428571,0.487142857142857,0
1995-11-28,606.4500122,0.0,0.18092592592592585,0.487142857142857,0
1995-11-29,607.6400146,0.0,0.18382275132275125,0.487142857142857,0
1995-11-30,605.3699951,-0.0037357965990674202,0.17849089242681734,0.487142857142857,0
1995-12-01,606.9799805,-0.0010862255350883032,0.14955743889607415,0.487142857142857,0
1995-12-04,613.6799927,0.0,0.15646825396825392,0.487142857142857,0
1995-12-05,617.6799927,0.0,0.1778439153439153,0.487142857142857,0
1995-12-06,620.1799927,0.0,0.225542328042328,0.487142857142857,0
1995-12-07,616.1699829,-0.0064658806269161095,0.2592140832073257,0.487142857142857,0
1995-12-08,617.4799805,-0.004353594491568913,0.193557646723216,0.4870166275427485,0
1995-12-11,619.5200195,-0.001064163964926923,0.18750715548807095,0.4868903979426402,0
1995-12-12,618.7800293,-0.0022573501507281435,0.18604215351420703,0.4867641683425317,0
1995-12-13,621.6900024,0.0,0.17333333333333328,0.4866379387424233,0
1995-12-14,616.9199829,-0.00767266560759472,0.19527862730054216,0.486511709142315,0
1995-12-15,616.3400269,-0.00860553568393696,0.22514145763553908,0.4863854795422065,0
1995-12-18,606.8099976,-0.023934766109406036,0.5153487034582712,0.48629933315665563,0
1995-12-19,611.9299927,-0.015699158201550767,0.46100830201117293,0.4869745510093791,0
1995-12-20,605.9400024,-0.025334169665264028,0.43931634751366067,0.4868483214092706,0
1995-12-21,610.4899902,-0.018015429163671604,0.38107618695407774,0.4867220918091623,0
1995-12-22,611.9500122,-0.01566695646125782,0.36209399854716007,0.4865958622090538,0
1995-12-26,614.2999878,-0.01188697674318584,0.3249257477531986,0.48646963260894555,0
1995-12-27,614.5300293,-0.011516950686611183,0.3418097588133513,0.48634340300883705,0
1995-12-28,614.1199951,-0.012176498368602462,0.36597423190475675,0.4862973398378437,0
1995-12-29,615.9299927,-0.009265083365928128,0.383472597393611,0.4862913598814077,0
1996-01-02,620.7299805,-0.001544213187109178,0.362911256882732,0.4862853799249718,0
1996-01-03,621.3200073,-0.0005951440405533859,0.3530554426899338,0.4862793999685358,0
1996-01-04,617.7000122,-0.006417973885050388,0.41038675384724554,0.48627342001209983,0
1996-01-05,616.710022,-0.008010391643383574,0.40659659695618716,0.4862674400556639,0
1996-01-08,618.460022,-0.00519548390279867,0.3747927817415594,0.48626146009922794,0
1996-01-09,609.4500122,-0.01968825323352197,0.5068534171077395,0.4862299734340593,0
1996-01-10,598.4799805,-0.037333754460259994,0.6250650556168622,0.48628936656259575,0
1996-01-11,602.6900024,-0.030561855469207422,0.5881557080445303,0.4867641683425317,1
1996-01-12,601.8099976,-0.03197735965393422,0.5766267998386891,0.487142857142857,1
1996-01-15,599.8200073,-0.03517829628202496,0.5921081354326097,0.487142857142857,1
1996-01-16,608.4400024,-0.02131287289299988,0.5701786220747743,0.487142857142857,1
1996-01-17,606.3699951,-0.024642518362621213,0.5006027680668914,0.487142857142857,1
1996-01-18,608.2399902,-0.021634596258709338,0.48461230916124476,0.4871612079310878,0
1996-01-19,611.8300171,-0.01585997082458479,0.46535471631225295,0.4871577671582945,0
1996-01-22,613.4000244,-0.013334584709416286,0.4656840413338391,0.48715432638550127,0
1996-01-23,612.789978,-0.014315855757116802,0.49172929145880456,0.487150885612708,0
1996-01-24,619.960022,-0.0027827058394401805,0.46730750097558205,0.48717224146701,0
1996-01-25,617.0300293,-0.0074956539143470335,0.48456356776599935,0.4871674070878616,0
1996-01-26,621.6199951,-0.00011260805181001476,0.4285213730484153,0.48716350177961665,0
1996-01-29,624.2199707,0.0,0.4444179894179893,0.48716006100682335,0
1996-01-30,630.1500244,0.0,0.45447089947089936,0.4871566202340301,0
1996-01-31,636.0200195,0.0,0.4665079365079364,0.4871531794612368,0
1996-02-01,638.460022,0.0,0.4839947089947089,0.4871497386884435,0
1996-02-02,635.8400269,-0.004103616529963383,0.5148978848095009,0.4871462979156503,0
1996-02-05,641.4299927,0.0,0.500701058201058,0.4871657956281455,0
1996-02-06,646.3300171,0.0,0.5294179894179893,0.4871931904433195,1
1996-02-07,649.9299927,0.0,0.46140211640211626,0.487864554775097,0
1996-02-08,656.0700073,0.0,0.4645370370370369,0.48772172692810495,0
1996-02-09,656.3699951,0.0,0.4779365079365078,0.48757889908111296,0
1996-02-12,661.4500122,0.0,0.4854629629629628,0.48743607123412114,0
1996-02-13,660.5100098,-0.0014211238682624305,0.47669212112868725,0.4872932433871291,0
1996-02-14,655.5800171,-0.008874434941011256,0.4453715441514356,0.48719641336275177,0
1996-02-15,651.3200073,-0.015314845737635197,0.4614465979539452,0.4871915789836034,0
1996-02-16,647.9799805,-0.020364398596347866,0.45557484445318347,0.48718674460445505,0
1996-02-20,640.6500244,-0.03144604643791393,0.5744151499053908,0.48718191022530666,0
1996-02-21,648.0999756,-0.020182986399225222,0.5156878376473241,0.48753128979878235,0
1996-02-22,658.8599854,-0.003915680326900928,0.4606908798843445,0.4883773112324076,0
1996-02-23,659.0800171,-0.003583029792557313,0.4582678897193226,0.4882069856599125,0
1996-02-26,650.460022,-0.01661499735021088,0.504937996820253,0.4880549919044194,0
1996-02-27,647.2399902,-0.02148313816298386,0.5174464324622472,0.4890018383315558,0
1996-02-28,644.75,-0.025247580152663818,0.5029425988286992,0.48931600648202916,1
1996-02-29,640.4299927,-0.03177869697225777,0.5141397273720002,0.4896019131629127,1
1996-03-01,644.3699951,-0.025822082976748928,0.4990552826408817,0.4899486704920076,1
1996-03-04,650.8099976,-0.016085893724018585,0.4817104798762296,0.4899999999999998,0
1996-03-05,655.789978,-0.008557009744658561,0.4733504222756007,0.4899999999999998,0
1996-03-06,652.0,-0.014286812345152056,0.48873147640148396,0.48998900081971575,0
1996-03-07,653.6500244,-0.011792255886513558,0.4632115536246627,0.4899780016394317,0
1996-03-08,633.5,-0.042255668129837165,0.5715136800626828,0.48996700245914765,0
1996-03-11,640.0200195,-0.03239850677260292,0.5362194779683932,0.4899999999999998,0
1996-03-12,637.0900269,-0.036828157609337664,0.5448816198190357,0.4899999999999998,1
1996-03-13,638.5499878,-0.03462094485996581,0.5302885200753451,0.4899999999999998,1
1996-03-14,640.8699951,-0.03111348812520287,0.5304711063851639,0.4899999999999998,1
1996-03-15,641.4299927,-0.030266866929842373,0.5221403461359165,0.4899999999999998,1
1996-03-18,652.6500244,-0.013304085928928955,0.5219040565538681,0.49052314867140856,1
1996-03-19,651.6900024,-0.014755476029908676,0.5066351426644617,0.49087606699115827,1
1996-03-20,649.9799805,-0.017340738511516962,0.5179649708699049,0.4911352080049255,1
1996-03-21,649.1900024,-0.018535051135947223,0.5243981460192212,0.49148434760051807,1
1996-03-22,650.6199951,-0.016373145211652562,0.516658356264565,0.4914971601504061,1
1996-03-25,650.039978,-0.017250032488547173,0.5094831077693253,0.4917048565842363,1
1996-03-26,652.9699707,-0.012820381500629363,0.5013236112399085,0.4925751800075581,1
1996-03-27,648.9099731,-0.018958407844443803,0.5060040576673007,0.49285714285714266,1
1996-03-28,648.9400024,-0.0189130086465511,0.5041638643441151,0.49285714285714266,1
1996-03-29,645.5,-0.024113707620852187,0.5139232216317949,0.49285714285714266,1
1996-04-01,653.7299805,-0.011671375852459254,0.5035294605467605,0.49285714285714266,1
1996-04-02,655.2600098,-0.0093582315909434,0.48642829060754467,0.49285714285714266,0
1996-04-03,655.8800049,-0.008420904372613003,0.48228762492967514,0.49285714285714266,0
1996-04-04,655.8599854,-0.008451170454147117,0.47609378549735737,0.49285714285714266,0
1996-04-08,644.2399902,-0.02601862829023016,0.47581230103822314,0.49285714285714266,0
1996-04-09,642.1900024,-0.029117861432855108,0.5040948728728651,0.49285714285714266,0
1996-04-10,633.5,-0.042255668129837165,0.5418046853536881,0.4931196201746593,0
1996-04-11,631.1799927,-0.045763124864600324,0.6028522577740282,0.4940013766450281,1
1996-04-12,636.710022,-0.037402660433422774,0.5702667904037051,0.49480313504648793,1
1996-04-15,642.4899902,-0.028664330864457077,0.587042699682851,0.49554148803250786,1
1996-04-16,645.0,-0.02486962264205994,0.5461530709799957,0.49571428571428555,1
1996-04-17,641.6099854,-0.029994748558566764,0.6046577194343011,0.49571428571428555,1
1996-04-18,643.6099854,-0.02697108847373597,0.5679737717769486,0.49571428571428555,1
1996-04-19,645.0700073,-0.02476378350273145,0.5480631010498385,0.49571428571428555,1
1996-04-22,647.8900146,-0.02050041174676087,0.5651825046781235,0.49571428571428555,1
1996-04-23,651.5800171,-0.01492175511067284,0.5915304447571458,0.49571428571428555,1
1996-04-24,650.1699829,-0.01705348717506594,0.5816149782608726,0.49571428571428555,1
1996-04-25,652.8699951,-0.012971527616217893,0.5754600130336412,0.49571428571428555,1
1996-04-26,653.460022,-0.012079507222964692,0.570077419249568,0.49595313922742534,1
1996-04-29,654.1599731,-0.011021300121762945,0.5741779410984964,0.49640303109598216,1
1996-04-30,654.1699829,-0.011006167005404244,0.5559587231578077,0.4968279383187399,1
1996-05-01,654.5800171,-0.010386264983426652,0.541180449197043,0.49714716637702816,1
1996-05-02,643.3800049,-0.027318779902805623,0.6311290967299275,0.4974236434569223,1
1996-05-03,641.6300049,-0.02996448247703265,0.6337483842634444,0.4976679841744154,1
1996-05-06,640.8099976,-0.03120419414817266,0.6085296890624632,0.49783434643904134,1
1996-05-07,638.2600098,-0.03505934231200536,0.6159600996632951,0.49798205842910814,1
1996-05-08,644.7700195,-0.025217314071129704,0.5981972848218634,0.4982195889707012,1
1996-05-09,645.4400024,-0.024204413795005042,0.5807913283000378,0.4985714285714284,1
1996-05-10,652.0900269,-0.014150706973106497,0.5624570388439182,0.4985714285714284,1
1996-05-13,661.5100098,0.0,0.5085052910052908,0.4985714285714284,1
1996-05-14,665.5999756,0.0,0.4903174603174602,0.4985714285714284,0
1996-05-15,665.4199829,-0.00027042173467284325,0.4631155113726126,0.4985714285714284,0
1996-05-16,664.8499756,-0.0011268029259224877,0.46905057620951957,0.4985714285714284,0
1996-05-17,668.9099731,0.0,0.4728835978835977,0.4985714285714284,0
1996-05-20,673.1500244,0.0,0.4593783068783067,0.4985714285714284,0
1996-05-21,672.7600098,-0.0005793873369426272,0.4682481748572411,0.4985714285714284,0
1996-05-22,678.4199829,0.0,0.47002645502645496,0.4985714285714284,0
1996-05-23,676.0,-0.0035670867029232722,0.5066879114509153,0.4985714285714284,0
1996-05-24,678.5100098,0.0,0.49533068783068773,0.4985714285714284,0
1996-05-28,672.2299805,-0.00925561776435857,0.5172972175077063,0.4985714285714284,0
1996-05-29,667.9299927,-0.015593015500417917,0.514399449288332,0.4985714285714284,0
1996-05-30,671.7000122,-0.010036694376855837,0.4913958851040787,0.4985714285714284,0
1996-05-31,669.1199951,-0.013839169009117303,0.43236097106490895,0.4985714285714284,0
1996-06-03,667.6799927,-0.015961469902547765,0.4591008538301471,0.4985714285714284,0
1996-06-04,672.5599976,-0.008769232751266176,0.41498075125919126,0.4985714285714284,0
1996-06-05,678.4400024,-0.00010317813884663796,0.38271640635920845,0.4985714285714284,0
1996-06-06,673.0300293,-0.00807649175524372,0.3977738006883029,0.4985714285714284,0
1996-06-07,673.3099976,-0.007663869544876523,0.3991569609141692,0.4985714285714284,0
1996-06-10,672.1599731,-0.00935879590320532,0.3802649466182378,0.4985714285714284,0
1996-06-11,670.9699707,-0.011112642394505823,0.38016056769880374,0.4985714285714284,0
1996-06-12,669.039978,-0.01395709962007996,0.38295222324779954,0.4985714285714284,0
1996-06-13,667.9199829,-0.015607768119915488,0.3924462529608297,0.4985714285714284,0
1996-06-14,665.8499756,-0.018658581328419577,0.40723156743537325,0.4985714285714284,0
1996-06-17,665.1599731,-0.019675519162842048,0.40017146955625693,0.4985714285714284,0
1996-06-18,662.0599976,-0.024244317640721214,0.40540270497838915,0.4985714285714284,0
1996-06-19,661.960022,-0.02439166344042354,0.4034102077687198,0.4985714285714284,0
1996-06-20,662.0999756,-0.024185397360367733,0.3881626884726529,0.4985714285714284,0
1996-06-21,666.8400269,-0.01719942628914184,0.3597530681607267,0.4985714285714284,0
1996-06-24,668.8499756,-0.014237128502860963,0.35557661769549653,0.4985714285714284,0
1996-06-25,668.4799805,-0.014782433796306838,0.35424685706350456,0.4985714285714284,0
1996-06-26,664.3900146,-0.02081029755797137,0.3642448438420523,0.4985714285714284,0
1996-06-27,668.5499878,-0.014679255804841862,0.3497711916218948,0.4985714285714284,0
1996-06-28,670.6300049,-0.011613689976840202,0.292309443845224,0.4985714285714284,0
1996-07-01,675.8800049,-0.003876147532112628,0.28879158867874677,0.4985714285714284,0
1996-07-02,673.6099854,-0.0072217422428954015,0.29467138169676543,0.4985714285714284,0
1996-07-03,672.4000244,-0.009005004070317346,0.2966922482706241,0.4985714285714284,0
1996-07-05,657.4400024,-0.031053347917756824,0.4052798905171811,0.4985714285714284,0
1996-07-08,652.539978,-0.038275090160652225,0.46217349443616873,0.4985714285714284,0
1996-07-09,654.75,-0.035017920821836634,0.4382781187428176,0.4985479725980466,0
1996-07-10,656.0599976,-0.03308722329183844,0.4108025515480896,0.4984776046779011,0
1996-07-11,645.6699829,-0.048400209909475134,0.47811993443105255,0.4984072367577556,0
1996-07-12,646.1900024,-0.047633796013601626,0.48701505257081923,0.49833686883761025,0
1996-07-15,629.7999878,-0.07178968813497377,0.6009095305238731,0.49826650091746477,0
1996-07-16,628.3699951,-0.07389723655628821,0.6353168955077574,0.4985714285714284,0
1996-07-17,634.0700073,-0.065496458207152,0.6510692948221272,0.4985714285714284,1
1996-07-18,643.5599976,-0.05150994339833259,0.6631875934536604,0.4985714285714284,1
1996-07-19,638.7299805,-0.058628507649762907,0.6634494472749534,0.4985714285714284,1
1996-07-22,633.7700195,-0.06593858550913312,0.6884384719231289,0.4985714285714284,1
1996-07-23,626.8699951,-0.07610796296906752,0.6791734709067963,0.4985714285714284,1
1996-07-24,626.6500244,-0.07643215966008587,0.6981471630206743,0.4987165847922644,1
1996-07-25,631.1699829,-0.06977056523300829,0.6992140962690278,0.4991148995495833,1
1996-07-26,635.9000244,-0.06279934678128019,0.6818803801587,0.49945272869889273,1
1996-07-29,630.9099731,-0.07015377225463604,0.6895548970759334,0.4999179093048337,1
1996-07-30,635.2600098,-0.06374261156846972,0.6848509222419519,0.49999999999999983,1
1996-07-31,639.9500122,-0.05683040344735102,0.6643869603272973,0.5003315224367901,1
1996-08-01,650.0200195,-0.0419890493706907,0.6613260126839821,0.5006225066258141,1
1996-08-02,662.4899902,-0.023610586975308157,0.6327110112486765,0.5006643503984132,1
1996-08-05,660.2299805,-0.026941429066593026,0.644353524403721,0.5007509922392948,1
1996-08-06,662.3800049,-0.02377268524712639,0.6278129365822658,0.5011754315643078,1
1996-08-07,664.1599731,-0.02114933677136155,0.6176675639139936,0.501298968708612,1
1996-08-08,662.5900269,-0.023463151125349913,0.6281028712975096,0.5013918353625393,1
1996-08-09,662.0999756,-0.024185397360367733,0.6408875561975205,0.5014285714285712,1
1996-08-12,665.7700195,-0.01877642203650809,0.6310766799887831,0.5014676712757673,1
1996-08-13,660.2000122,-0.026985596874830486,0.6534673723344525,0.5016253906799572,1
1996-08-14,662.0499878,-0.024259070260218896,0.6413860165873947,0.5020146516159605,1
1996-08-15,662.2800293,-0.023920031046828605,0.6277516563038131,0.5028449201747266,1
1996-08-16,665.210022,-0.019601756212735078,0.6041173455505201,0.5031933101300412,1
1996-08-19,666.5800171,-0.01758263331076959,0.5853055091792725,0.5033607580924209,1
1996-08-20,665.6900024,-0.018894352647470747,0.5904245459282874,0.5034212207872639,1
1996-08-21,665.0700073,-0.01980811234304647,0.5465210575629783,0.5034379632530479,1
1996-08-22,670.6799927,-0.01154001707698915,0.517432676577043,0.5034738779148752,1
1996-08-23,667.0300293,-0.016919397406360837,0.5562027477871039,0.5035294605467605,1
1996-08-26,663.8800049,-0.021561958834347084,0.5940754088022746,0.5035889582322339,1
1996-08-27,666.4000244,-0.017847909721434463,0.5861132588614885,0.5036818257690249,1
1996-08-28,664.8099976,-0.020191319217292447,0.5834227047538725,0.5038340282071414,1
1996-08-29,657.4000244,-0.031112268198110304,0.6320040340070443,0.5039957542740539,1
1996-08-30,651.9899902,-0.039085671864763194,0.6318763512112606,0.5041121207406776,1
1996-09-03,654.7199707,-0.03506217853294824,0.6115455137104372,0.504176049338275,1
1996-09-04,655.6099854,-0.033750459196246974,0.6184899690249142,0.5042796217886342,1
1996-09-05,649.4400024,-0.042843888785913053,0.6158571109875399,0.5042857142857141,1
1996-09-06,655.6799927,-0.03364728120478211,0.5691068961758972,0.5042857142857141,1
1996-09-09,663.7600098,-0.02173880972566311,0.5573696404538644,0.504565563586665,1
1996-09-10,663.8099976,-0.02166513682581206,0.5356939313867415,0.504877817264039,1
1996-09-11,667.2800293,-0.01655094300423099,0.546765893509839,0.5050280531289293,1
1996-09-12,671.1500244,-0.010847276080966695,0.5256622339426625,0.505412670920085,1
1996-09-13,680.539978,0.0,0.5214814814814814,0.5058273443797433,1
1996-09-16,683.9799805,0.0,0.5269047619047619,0.505934233559025,1
1996-09-17,682.9400024,-0.001520480320549411,0.5324727245328074,0.5059838752328412,1
1996-09-18,681.4699707,-0.0036697123769107165,0.5350385754872133,0.5062381686336208,1
1996-09-19,683.0,-0.0014327619637107825,0.5397748699120084,0.5065575557807247,1
1996-09-20,687.0300293,0.0,0.5327248677248676,0.5066430579824298,1
1996-09-23,686.4799805,-0.0008006182794665362,0.5572173556919734,0.5066879114509153,1
1996-09-24,685.6099854,-0.002066931341337175,0.5447157673450542,0.5068285912592159,1
1996-09-25,685.8300171,-0.0017466663010680117,0.523551026016308,0.5070560251323217,1
1996-09-26,685.8599854,-0.0017030462281133474,0.5213822798123602,0.507142857142857,1
1996-09-27,686.1900024,-0.0012226931344702097,0.4830280783222107,0.5074529683293154,0
1996-09-30,687.3300171,0.0,0.39806878306878296,0.5073366766343936,0
1996-10-01,689.0800171,0.0,0.3909126984126983,0.5072203849394715,0
1996-10-02,694.0100098,0.0,0.3998412698412698,0.507142857142857,0
1996-10-03,692.7800293,-0.0017722806337541197,0.4321664193001874,0.507142857142857,0
1996-10-04,701.460022,0.0,0.40988095238095223,0.507142857142857,0
1996-10-07,703.3400269,0.0,0.38923280423280415,0.507142857142857,0
1996-10-08,700.6400146,-0.003838843513429002,0.43885264396214646,0.507142857142857,0
1996-10-09,696.7399902,-0.009383849130682909,0.46635321154941195,0.507142857142857,0
1996-10-10,694.6099854,-0.01241226315311239,0.48422011260913156,0.507142857142857,0
1996-10-11,700.6599731,-0.0038104667692701044,0.3863185918691558,0.5071139131393452,0
1996-10-14,703.539978,0.0,0.3708201058201057,0.5070704971340776,0
1996-10-15,702.5700073,-0.0013787001880936067,0.38941899049026246,0.50702708112881,0
1996-10-16,704.4099731,0.0,0.369563492063492,0.5069836651235423,0
1996-10-17,706.9899902,0.0,0.34443121693121687,0.5069402491182747,0
1996-10-18,710.8200073,0.0,0.35374338624338614,0.506896833113007,0
1996-10-21,709.8499756,-0.0013646657241467297,0.36482542955680664,0.5068534171077395,0
1996-10-22,706.5700073,-0.005979010095879755,0.4531668756071191,0.5068285912592159,0
1996-10-23,707.2700195,-0.004994214799164731,0.4296835339494738,0.5068037654106922,0
1996-10-24,702.289978,-0.012000266188905928,0.48061725064361815,0.5067789395621686,0
1996-10-25,700.9199829,-0.01392761078518956,0.4643983181274125,0.506754113713645,0
1996-10-28,697.2600098,-0.019076555753553825,0.4599950415074391,0.5067292878651213,0
1996-10-29,701.5,-0.013111627703617179,0.43117046118084845,0.5067044620165977,0
1996-10-30,700.9000244,-0.013955688920012865,0.39304312300031163,0.5066852730115926,0
1996-10-31,705.2700195,-0.007807866608990466,0.3603350483963969,0.5066773576936245,0
1996-11-01,703.7700195,-0.00991810546635985,0.36042024507815024,0.5066694423756566,0
1996-11-04,706.7299805,-0.00575395565402792,0.3254364928165795,0.5066615270576885,0
1996-11-05,714.1400146,0.0,0.32414021164021156,0.5066536117397205,0
1996-11-06,724.5900269,0.0,0.41514550264550254,0.5066456964217525,0
1996-11-07,727.6500244,0.0,0.4178306878306878,0.5066377811037844,0
1996-11-08,730.8200073,0.0,0.36063492063492053,0.5066240588239279,0
1996-11-11,731.8699951,0.0,0.31784391534391526,0.506607433063127,0
1996-11-12,729.5599976,-0.003156294854913977,0.3339198289581718,0.5065908073023263,0
1996-11-13,731.1300049,-0.0010110951466166807,0.3166233670859928,0.5065741815415254,0
1996-11-14,735.8800049,0.0,0.3082936507936507,0.5065575557807247,0
1996-11-15,737.6199951,0.0,0.2930555555555555,0.5065409300199238,0
1996-11-18,737.0200195,-0.0008133938938553742,0.31272210441865816,0.5065243042591231,0
1996-11-19,742.1599731,0.0,0.29300264550264543,0.5064462672703497,0
1996-11-20,743.9500122,0.0,0.2993518518518518,0.5063682302815764,0
1996-11-21,742.75,-0.0016130279996249275,0.31783510449902075,0.506290193292803,0
1996-11-22,748.7299805,0.0,0.3146031746031745,0.5062121563040296,0
1996-11-25,757.0300293,0.0,0.3609656084656084,0.5061341193152563,0
1996-11-26,755.960022,-0.0014134278147320822,0.36930193348349855,0.5060560823264829,0
1996-11-27,755.0,-0.0026815703755861398,0.38911735535017417,0.5060015348629933,0
1996-11-29,757.0200195,-1.3222460949480208e-05,0.35218517912245145,0.505993966450071,0
1996-12-02,756.5599976,-0.0006208891085003332,0.3540122626973961,0.5059863980371486,0
1996-12-03,748.2800293,-0.011558326171143829,0.3611715787069598,0.5059788296242262,0
1996-12-04,745.0999756,-0.015759023074727097,0.3970854308642756,0.505971261211304,0
1996-12-05,744.3800049,-0.01671006949578613,0.32687748022034013,0.5059636927983816,0
1996-12-06,739.5999756,-0.02302425666801755,0.5038328117053247,0.5059561243854593,0
1996-12-09,749.7600098,-0.009603343617322957,0.5007171340339092,0.5059458543723011,0
1996-12-10,747.539978,-0.012535898092147169,0.5006383158058145,0.505934233559025,0
1996-12-11,740.7299805,-0.02153157492982427,0.5488140803919795,0.5059226127457489,0
1996-12-12,729.2999878,-0.036630041645297706,0.6116941452124524,0.5059763068199189,0
1996-12-13,728.6400146,-0.037501834274990875,0.6098170159448039,0.5061601316448474,1
1996-12-16,720.9799805,-0.04762036828754901,0.6370783043789212,0.5065409300199238,1
1996-12-17,726.039978,-0.04093635668410067,0.6377479666452592,0.5066351426644617,1
1996-12-18,731.539978,-0.03367112309081022,0.6040296863333108,0.5066799961329472,1
1996-12-19,745.7600098,-0.014887149866988802,0.5927455322213389,0.5068037654106922,1
1996-12-20,748.8699951,-0.010779009925861671,0.5638078277840497,0.5070126091270541,1
1996-12-23,746.9199829,-0.013354881588182654,0.5613300907100518,0.507142857142857,1
1996-12-24,751.0300293,-0.007925709374498657,0.5315611157996628,0.5073366766343936,1
1996-12-26,755.8200073,-0.0015983804514582145,0.5189815486052417,0.5079750287295878,1
1996-12-27,756.789978,-0.0003170961397951366,0.5219545894418282,0.5084586245045554,1
1996-12-30,753.8499756,-0.0042006969035832675,0.5410064447499082,0.5085016470672022,1
1996-12-31,740.7399902,-0.021518352600970014,0.5858087956079364,0.5085559241355901,1
1997-01-02,737.0100098,-0.02644547603813263,0.6158615553727431,0.5086408309728832,1
1997-01-03,748.0300293,-0.011888564061747986,0.6037504038582243,0.508806847848998,1
1997-01-06,747.6500244,-0.012390532128128906,0.5998421835272996,0.5090592468514445,1
1997-01-07,753.2299805,-0.005019680399618753,0.5567379021938281,0.5092741535960301,1
1997-01-08,748.4099731,-0.011386676705507526,0.5106878215704184,0.5094505281363423,1
1997-01-09,754.8499756,-0.0028797453411667506,0.4725959060496116,0.5094801503475593,0
1997-01-10,759.5,0.0,0.45391534391534377,0.5094783758944997,0
1997-01-13,759.5100098,0.0,0.46376984126984117,0.5094766014414401,0
1997-01-14,768.8599854,0.0,0.44620370370370366,0.5094748269883805,0
1997-01-15,767.2000122,-0.0021590058417937374,0.4517839287032741,0.509473052535321,0
1997-01-16,769.75,0.0,0.4493518518518517,0.5094712780822614,0
1997-01-17,776.1699829,0.0,0.44302910052910044,0.5094401531633828,0
1997-01-20,776.7000122,0.0,0.4477513227513227,0.5094090282445042,0
1997-01-21,782.7199707,0.0,0.4459126984126983,0.5093779033256256,0
1997-01-22,786.2299805,0.0,0.43198412698412686,0.5093467784067469,0
1997-01-23,777.5599976,-0.01102728605501202,0.464925864959136,0.5093156534878683,0
1997-01-24,770.5200195,-0.01998138126201865,0.5464512024879673,0.5092845285689896,0
1997-01-27,765.0200195,-0.026976789903778053,0.5828615658739514,0.5094609031093019,0
1997-01-28,765.0200195,-0.026976789903778053,0.586816592328978,0.5094807418319125,1
1997-01-29,772.5,-0.017463058952888688,0.5621196919074876,0.5098190877192637,1
1997-01-30,784.1699829,-0.002620095456916993,0.49802506692925264,0.5099999999999998,0
1997-01-31,786.1599731,-8.904188562675053e-05,0.46097986613576786,0.5099999999999998,0
1997-02-03,786.7299805,0.0,0.44834656084656077,0.5099999999999998,0
1997-02-04,789.2600098,0.0,0.4524470899470899,0.5099999999999998,0
1997-02-05,778.2800293,-0.013911740571757036,0.4640618135538332,0.5099483107769323,0
1997-02-06,780.1500244,-0.011542438850168701,0.4736128313821071,0.5098707769423312,0
1997-02-07,789.5599976,0.0,0.4698809523809523,0.5097932431077299,0
1997-02-10,785.4299927,-0.005230767658637503,0.46783776775121144,0.5097157092731288,0
1997-02-11,789.5900269,0.0,0.4499470899470899,0.5096381754385276,0
1997-02-12,802.7700195,0.0,0.4655687830687829,0.5095606416039263,0
1997-02-13,811.8200073,0.0,0.4517857142857141,0.5094831077693253,0
1997-02-14,808.4799805,-0.004114245485410617,0.4695402691856672,0.5094813333162657,0
1997-02-18,816.289978,0.0,0.4551455026455026,0.5094795588632062,0
1997-02-19,812.4899902,-0.0046551935003666944,0.4696073962216039,0.5094777844101466,0
1997-02-20,802.7999878,-0.016525977977889572,0.4861671524094462,0.509476009957087,0
1997-02-21,801.7700195,-0.017787745643497277,0.5015437074706093,0.5094742355040274,0
1997-02-24,810.2800293,-0.007362516828547938,0.4505281418873791,0.5094724610509678,0
1997-02-25,812.0300293,-0.005218670833663008,0.4308258970638875,0.5094609031093019,0
1997-02-26,805.6799927,-0.012997813994967466,0.4494333556299397,0.5094297781904232,0
1997-02-27,795.0700073,-0.02599562811244016,0.4564063939465683,0.5093986532715447,0
1997-02-28,790.8200073,-0.031202111242874975,0.4843869779358943,0.509367528352666,0
1997-03-03,795.3099976,-0.025701626830459512,0.4591885130431122,0.5093364034337874,0
1997-03-04,790.9500122,-0.031042848109057775,0.4751614706409222,0.5093052785149088,0
1997-03-05,801.9899902,-0.017518269469676162,0.4482441455858335,0.5092741535960301,0
1997-03-06,798.5599976,-0.021720198554244674,0.4609055081063633,0.5092382121516172,0
1997-03-07,804.9699707,-0.01386762989267043,0.4302522669823155,0.5091998624444374,0
1997-03-10,813.6500244,-0.0032340879725955007,0.4139734981597071,0.5091615127372575,0
1997-03-11,811.3400269,-0.0060639616232064375,0.4219328386039323,0.5091231630300777,0
1997-03-12,804.2600098,-0.014737370939521655,0.46243352237610313,0.5090848133228977,0
1997-03-13,789.5599976,-0.032745692242224345,0.5412921851880236,0.5090464636157178,0
1997-03-14,793.1699829,-0.028323262226796597,0.5304958511800923,0.5092637786230706,0
1997-03-17,795.710022,-0.025211574997433095,0.5173173820604117,0.5094401531633828,1
1997-03-18,789.6599731,-0.03262321677064617,0.5406690241459393,0.5094795588632062,1
1997-03-19,785.7700195,-0.037388623311016556,0.5445092051160769,0.5097673984961962,1
1997-03-20,782.6500244,-0.04121078845341408,0.5613709355620862,0.5099999999999998,1
1997-03-21,784.0999756,-0.039434518697472054,0.5536970838126277,0.5099999999999998,1
1997-03-24,790.8900146,-0.03111634846017919,0.5242046975172943,0.5099999999999998,1
1997-03-25,789.0700073,-0.033345957237759905,0.5089701751403383,0.5099999999999998,0
1997-03-26,790.5,-0.031594137739125894,0.4975558224298081,0.5099999999999998,0
1997-03-27,773.8800049,-0.051954543413492704,0.5916443938951329,0.5099999999999998,0
1997-03-31,757.1199951,-0.07248647477575676,0.6203303305774688,0.5100491546542026,0
1997-04-01,759.6400146,-0.06939931265455279,0.6141389635452515,0.51030463860011,1
1997-04-02,750.1099854,-0.08107412118687063,0.6346698978051969,0.5106925216912606,1
1997-04-03,750.3200073,-0.08081683283878316,0.637297659724,0.5107286097377605,1
1997-04-04,757.9000244,-0.0715308960953579,0.6143820488594028,0.5110224983109862,1
1997-04-07,762.1300049,-0.06634893795057717,0.6035605244824913,0.5114603352169006,1
1997-04-08,766.1199951,-0.0614609810877772,0.6012928598450151,0.5117964005223568,1
1997-04-09,760.5999756,-0.06822330777164098,0.5954393978973976,0.5124835277108034,1
1997-04-10,758.3400269,-0.07099186889686404,0.5986690786550728,0.5131613338458397,1
1997-04-11,737.6500244,-0.09633825689331199,0.6187540564201224,0.5132801531245249,1
1997-04-14,743.7299805,-0.08888997715956282,0.6009272318507345,0.5139232216317949,1
1997-04-15,754.7199707,-0.07542663631722313,0.6041363022050062,0.5141072515109694,1
1997-04-16,763.5300293,-0.06463383126333078,0.5900341424895417,0.5142195291820469,1
1997-04-17,761.7700195,-0.06678993981229553,0.5923833775102042,0.5143338755895841,1
1997-04-18,766.3400269,-0.061191430063104346,0.5846201922662012,0.514424751986936,1
1997-04-21,760.3699951,-0.06850504649954192,0.5968356854290798,0.5145027670143311,1
1997-04-22,774.6099854,-0.05106027725848172,0.609314660752506,0.5146306952135569,1
1997-04-23,773.6400146,-0.052248544695473464,0.6129892589255733,0.5146965299300083,1
1997-04-24,771.1799927,-0.05526220646555591,0.6181929546369738,0.5148583883596783,1
1997-04-25,765.3699951,-0.062379772228442154,0.6267472610656648,0.5151909169312016,1
1997-04-28,772.960022,-0.05308157293093707,0.5929968293160661,0.5155182705527976,1
1997-04-29,794.0499878,-0.02724520795231422,0.5381043024528298,0.5160275191633583,1
1997-04-30,801.3400269,-0.018314510165405973,0.5411176238386987,0.5167861285131933,1
1997-05-01,798.5300293,-0.021756911365632403,0.5399442724747375,0.5172982257353416,1
1997-05-02,812.9699707,-0.004067191058910735,0.503081687471751,0.5173153656051411,0
1997-05-05,830.289978,0.0,0.5428968253968253,0.5173123409222353,0
1997-05-06,827.7600098,-0.0030470898927313916,0.5420162962310658,0.5173865587703904,0
1997-05-07,815.6199951,-0.017668505327906092,0.588001148192429,0.5174388667253849,1
1997-05-08,820.2600098,-0.012080078605983147,0.5601045599356452,0.5175322307632226,1
1997-05-09,824.7800293,-0.0066361739223594896,0.540172403415826,0.5177673084094928,1
1997-05-12,837.6599731,0.0,0.5353174603174603,0.5179649708699049,1
1997-05-13,833.1300049,-0.005407884279387876,0.5753122124580167,0.518829061944941,1
1997-05-14,836.039978,-0.0019339530979434194,0.5659979923947807,0.5192911512136917,1
1997-05-15,841.8800049,0.0,0.5630687830687829,0.5196042144210016,1
1997-05-16,829.75,-0.014408234937758002,0.590755490390918,0.5199018879186798,1
1997-05-19,833.2700195,-0.010227093350462346,0.5937539935020362,0.5201517199517707,1
1997-05-20,841.6599731,-0.0002613576741570256,0.5482898196851788,0.5202732460899744,1
1997-05-21,839.3499756,-0.003005213670920437,0.5354845632834113,0.5206765520585325,1
1997-05-22,835.6599731,-0.00738826408015103,0.5490907846210489,0.5208623103415976,1
1997-05-23,847.0300293,0.0,0.4741798941798941,0.5211208182234954,0
1997-05-27,849.710022,0.0,0.48370370370370364,0.5210705106970515,0
1997-05-28,847.210022,-0.002942180197093136,0.48771051041640584,0.5210202031706074,0
1997-05-29,844.0800171,-0.006625795570527004,0.494670531404209,0.5209698956441634,0
1997-05-30,848.2800293,-0.001682918481571094,0.4815168566752397,0.5209195881177193,0
1997-06-02,846.3599854,-0.003942564537622872,0.4894268446409145,0.5208825646419177,0
1997-06-03,845.4799805,-0.004978217733672907,0.4652463480528941,0.5208521831914374,0
1997-06-04,840.1099854,-0.011298015030355768,0.47866343814224693,0.5208218017409572,0
1997-06-05,843.4299927,-0.0073907911374500035,0.4608266213226119,0.5207914202904769,0
1997-06-06,858.0100098,0.0,0.4330158730158729,0.5207610388399965,0
1997-06-09,862.9099731,0.0,0.4283068783068782,0.5207306573895162,0
1997-06-10,865.2700195,0.0,0.40486772486772477,0.5207002759390359,0
1997-06-11,869.5700073,0.0,0.3937301587301586,0.5206291042975256,0
1997-06-12,883.460022,0.0,0.38730158730158715,0.5205579326560154,0
1997-06-13,893.2700195,0.0,0.39615079365079353,0.5204867610145051,0
1997-06-16,893.9000244,0.0,0.40667989417989403,0.5204155893729948,0
1997-06-17,894.4199829,0.0,0.41981481481481475,0.5203444177314847,0
1997-06-18,889.0599976,-0.005992694039126056,0.4422573704130887,0.5202732460899744,0
1997-06-19,897.9899902,0.0,0.44273809523809515,0.5202208597704877,0
1997-06-20,898.7000122,0.0,0.4442195767195766,0.5202060440950483,0
1997-06-23,878.6199951,-0.022343403613453217,0.49818774571180513,0.520191228419609,0
1997-06-24,896.3400269,-0.0026259989629050517,0.4609289765332637,0.5201764127441697,0
1997-06-25,888.9899902,-0.010804519715349792,0.4634283866213826,0.5201615970687302,0
1997-06-26,883.6799927,-0.016713051403249968,0.47809798972622786,0.520146781393291,0
1997-06-27,887.2999878,-0.012685016407302463,0.4705527075194506,0.5201319657178516,0
1997-06-30,885.1400146,-0.01508845823514049,0.4685162027922214,0.5200895039525897,0
1997-07-01,891.0300293,-0.008534530762077108,0.4384292676023231,0.5200332191424167,0
1997-07-02,904.0300293,0.0,0.41703703703703693,0.5199769343322437,0
1997-07-03,916.9199829,0.0,0.386058201058201,0.5199206495220708,0
1997-07-07,912.2000122,-0.005147636421961255,0.4124999150291047,0.5198643647118978,0
1997-07-08,918.75,0.0,0.3980291005291004,0.5198080799017247,0
1997-07-09,907.539978,-0.012201384489795908,0.4508056825517761,0.5197517950915518,0
1997-07-10,913.7800293,-0.005409491918367371,0.4388987977094481,0.5197026015347017,0
1997-07-11,916.6799927,-0.002253069170068067,0.4419629422633409,0.5196534079778516,0
1997-07-14,918.3800049,-0.0004027157551019789,0.44047003139289476,0.5196042144210016,0
1997-07-15,925.7600098,0.0,0.4214021164021163,0.5195550208641515,0
1997-07-16,936.5900269,0.0,0.43358465608465596,0.5195058273073014,0
1997-07-17,931.6099854,-0.005317205348089549,0.44663196916903014,0.5194566337504514,0
1997-07-18,915.2999878,-0.022731439037918633,0.585081959649735,0.5194017235738525,0
1997-07-21,912.9400024,-0.0252512025760927,0.6175898028796709,0.5196862036824184,0
1997-07-22,933.9799805,-0.002786754422998583,0.5773388143023072,0.5199956959356347,1
1997-07-23,936.5599976,-3.206237429131953e-05,0.5889802737909484,0.5201764127441697,1
1997-07-24,940.2999878,0.0,0.5862698412698412,0.5203918654924914,1
1997-07-25,938.789978,-0.0016058809099136484,0.5769138295786687,0.5207407845396763,1
1997-07-28,936.4500122,-0.004094412049294838,0.5794767865226457,0.5209195881177193,1
1997-07-29,942.289978,0.0,0.571190476190476,0.521204664100902,1
1997-07-30,952.289978,0.0,0.585674603174603,0.5213448440087364,1
1997-07-31,954.3099976,0.0,0.5779365079365077,0.5213815243651602,1
1997-08-01,947.1400146,-0.007513264052594892,0.6059471337943306,0.5214269205634647,1
1997-08-04,950.2999878,-0.0042019991513080335,0.5963783778175483,0.5216082540031974,1
1997-08-05,952.3699951,-0.0020328850215117766,0.5871616842480362,0.5219116364870621,1
1997-08-06,960.3200073,0.0,0.5782275132275132,0.5219545894418282,1
1997-08-07,951.1900024,-0.009507252614333828,0.5880621422906396,0.5221124826318032,1
1997-08-08,933.539978,-0.027886568119406152,0.6379744637538692,0.522314580871972,1
1997-08-11,937.0,-0.024283579559657098,0.6292196605509535,0.5224604909517215,1
1997-08-12,926.5300293,-0.03518616476085157,0.644445619935244,0.5226054762431758,1
1997-08-13,922.0200195,-0.03988252614634458,0.651999243015825,0.5227674766939334,1
1997-08-14,924.7700195,-0.03701889737770958,0.6462877562183307,0.5229320994058196,1
1997-08-15,900.8099976,-0.06196893665405989,0.6913733059954537,0.5235166412046143,1
1997-08-18,912.4899902,-0.049806331989767805,0.6700056936258164,0.5239081875927035,1
1997-08-19,926.0100098,-0.035727671233742875,0.6023573324646183,0.5241321706816221,1
1997-08-20,939.3499756,-0.021836504020111613,0.5962699423902713,0.5242637213284567,1
1997-08-21,925.0499878,-0.03672736091291473,0.6401178066404711,0.5243491354474799,1
1997-08-22,923.539978,-0.038299763641714946,0.6491607745711161,0.5246149597246732,1
1997-08-25,920.1599731,-0.041819428830721206,0.6562415156550664,0.5254912155162903,1
1997-08-26,913.0200195,-0.04925440211642251,0.676658192592617,0.5256442320030443,1
1997-08-27,913.7000122,-0.048546312422538374,0.6786920828435538,0.5259405301714325,1
1997-08-28,903.6699829,-0.058990778042076975,0.6953921082536668,0.526346491059156,1
1997-08-29,899.4699707,-0.06336433286554533,0.6892382576397125,0.5265840415202239,1
1997-09-02,927.5800171,-0.034092791935107725,0.6597737841845629,0.526631981200406,1
1997-09-03,927.8599854,-0.033801255470312874,0.6469239404268092,0.526698278116902,1
1997-09-04,930.8699951,-0.030666873517298243,0.6364166503371599,0.5269047619047619,1
1997-09-05,929.0499878,-0.03256208270399119,0.6312438114141015,0.529041005291005,1
1997-09-08,931.2000122,-0.030323220258497763,0.6227635256858586,0.5300273608781384,1
1997-09-09,933.6199951,-0.02780324474866336,0.6229273857618879,0.5303889425457454,1
1997-09-10,919.0300293,-0.042996061402583274,0.6664894535772797,0.5304810043031353,1
1997-09-11,912.5900269,-0.04970216181811715,0.6929627000018462,0.5306213094704658,1
1997-09-12,923.9099731,-0.03791448050985535,0.6749153660298157,0.5310540274873937,1
1997-09-15,919.7700195,-0.04222549513886409,0.6705780015740442,0.531532944226759,1
1997-09-16,945.6400146,-0.015286563425116806,0.6466375269037908,0.5320529718217102,1
1997-09-17,943.0,-0.018035662246271733,0.6459549640076953,0.5321776842575748,1
1997-09-18,947.289978,-0.013568424276231394,0.6122080350574034,0.5323256751264399,1
1997-09-19,950.5100098,-0.010215342204086153,0.6100494159359086,0.5325609746500284,1
1997-09-22,955.4299927,-0.00509206781367455,0.5921025448684728,0.5328901976659606,1
1997-09-23,951.9299927,-0.008736686246482717,0.6056559811677368,0.5335553443429164,1
1997-09-24,944.4799805,-0.016494529614701325,0.6063410545852606,0.5336204018568447,1
1997-09-25,937.9099731,-0.02333600677862291,0.6275931552242945,0.5340272587976762,1
1997-09-26,945.2199707,-0.01572396335098214,0.5774798671322896,0.5346872758934869,1
1997-09-29,953.3400269,-0.007268390064708474,0.5568437611993432,0.5351640736608245,1
1997-09-30,947.2800293,-0.0135787840520607,0.5343104138783458,0.5353675912072456,0
1997-10-01,955.4099731,-0.005112914614582409,0.5214794128814142,0.535342525762353,0
1997-10-02,960.460022,0.0,0.4966402116402115,0.5353174603174603,0
1997-10-03,965.0300293,0.0,0.4989417989417988,0.5352756275929232,0
1997-10-06,972.6900024,0.0,0.47835978835978826,0.5352337948683862,0
1997-10-07,983.1199951,0.0,0.4594179894179893,0.5351919621438491,0
1997-10-08,973.8400269,-0.00943930369258339,0.45517637078030637,0.5351501294193121,0
1997-10-09,970.6199951,-0.012714622896799588,0.46359088080949273,0.5351082966947751,0
1997-10-10,966.9799805,-0.01641713593502725,0.4698725207939902,0.535066463970238,0
1997-10-13,968.0999756,-0.01527791070760609,0.4718123288279632,0.53500216740677,0
1997-10-14,970.2800293,-0.013060425852384316,0.4419291247794748,0.5348929431654398,0
1997-10-15,965.7199707,-0.017698779891288985,0.46696604909705985,0.5347837189241096,0
1997-10-16,955.25,-0.02834851822657225,0.4593489097025744,0.5346744946827795,0
1997-10-17,944.1599731,-0.039628959022481314,0.5073034280756546,0.5345652704414493,0
1997-10-20,955.6099854,-0.027982351937823946,0.47409469534126164,0.5344560462001193,0
1997-10-21,972.2800293,-0.011026086188896334,0.43520220289757494,0.5343468219587891,0
1997-10-22,968.4899902,-0.014881199622546526,0.4516669633565795,0.5342954051408009,0
1997-10-23,950.6900024,-0.03298681021811711,0.6512772939548621,0.5342728920344837,0
1997-10-24,941.6400146,-0.04219218478592823,0.6480115741240661,0.5347473108436662,0
1997-10-27,876.9899902,-0.10795223922711983,0.8011828987127553,0.5351640736608245,1
1997-10-28,921.8499756,-0.062322015425764765,0.6912943550188541,0.5353675912072456,1
1997-10-29,919.1599731,-0.0650582048160806,0.6958476235570743,0.5355159684989108,1
1997-10-30,903.6799927,-0.08080397387494864,0.7226790543642239,0.5356939313867415,1
1997-10-31,914.6199951,-0.069676133474462,0.6995505136085077,0.535925535863975,1
1997-11-03,938.9899902,-0.04488770965899358,0.6621059923315329,0.5361435567505684,1
1997-11-04,940.7600098,-0.04308729912027798,0.6570222192617937,0.5372561314348332,1
1997-11-05,942.7600098,-0.041052959456790106,0.6548455619301585,0.5381791585169019,1
1997-11-06,938.0300293,-0.04586415292612733,0.6571004755748446,0.5385111849219617,1
1997-11-07,927.5100098,-0.056564799390885656,0.6931819920732953,0.5392308576551359,1
1997-11-10,921.1300049,-0.0630543479015443,0.715585852402488,0.5397446470088488,1
1997-11-11,923.7800293,-0.06035882302847895,0.7084358786394656,0.5399103919621917,1
1997-11-12,905.960022,-0.07848479685549625,0.7497637668086058,0.5399634529680812,1
1997-11-13,916.6599731,-0.0676011293954406,0.7296398737930471,0.5399878653105259,1
1997-11-14,928.3499756,-0.055710411519429015,0.6993657213365422,0.5400616084972996,1
1997-11-17,946.2000122,-0.03755389279438326,0.6744694332580217,0.5402717275618486,1
1997-11-18,938.2299805,-0.045660768597666324,0.6929013879256651,0.5406858951761377,1
1997-11-19,944.5900269,-0.03919152127109449,0.6721885556840433,0.5409727026895113,1
1997-11-20,958.9799805,-0.02455449458897896,0.6464759755173566,0.541089829066501,1
1997-11-21,963.0900269,-0.02037387938383106,0.6417766975886395,0.5411553190537053,1
1997-11-24,946.6699829,-0.037075852776539575,0.6446232984641225,0.5412307303929843,1
1997-11-25,950.8200073,-0.03285457315585827,0.6724678158293578,0.5414459352377229,1
1997-11-26,951.6400146,-0.03202048646848843,0.6654219382595404,0.5418295023940781,1
1997-11-28,955.4000244,-0.0281959179328668,0.6626975353818738,0.5419701322896221,1
1997-12-01,974.7700195,-0.008493343276118281,0.6365941283334582,0.5420093716398493,1
1997-12-02,971.6799927,-0.011636425316358667,0.6357891072050271,0.5426326666470975,1
1997-12-03,976.7700195,-0.0064590036126302985,0.6287957778801297,0.5437836342424136,1
1997-12-04,973.0999756,-0.0101920615488863,0.6374685690967586,0.5445266040057698,1
1997-12-05,983.789978,0.0,0.6170105820105818,0.5445784502567275,1
1997-12-08,982.3699951,-0.0014433801235572696,0.62810771752393,0.5446617013398899,1
1997-12-09,975.7800293,-0.008141929557245353,0.641926400124779,0.5447127636781006,1
1997-12-10,969.789978,-0.014230679629875231,0.66197099545003,0.5448484493242394,1
1997-12-11,954.9400024,-0.029325340006665535,0.6946216249392154,0.5455952788773598,1
1997-12-12,953.3900146,-0.03090086713609519,0.7076101410924146,0.546066313905919,1
1997-12-15,963.3900146,-0.020736095971898627,0.6944864897694529,0.5462574170077857,1
1997-12-16,968.039978,-0.016009514583609663,0.6659309942199082,0.5464651735029695,1
1997-12-17,965.539978,-0.018550707374658804,0.6566391557278973,0.5465332993603214,1
1997-12-18,955.2999878,-0.02895942308532029,0.6685740590251356,0.5467414099151529,1
1997-12-19,946.7800293,-0.03761976593341554,0.6848130312894106,0.5473708696580162,1
1997-12-22,953.7000122,-0.030585761669550293,0.6728007976013438,0.5478668719795332,1
1997-12-23,939.1300049,-0.0453958406760675,0.6852422045784766,0.5481651244357416,1
1997-12-24,932.7000122,-0.05193178111436303,0.6832440632631614,0.548447097897219,1
1997-12-26,936.460022,-0.048109817195149396,0.6651788705812691,0.5488555860263399,1
1997-12-29,953.3499756,-0.0309415658633595,0.6321431065492588,0.5490907846210489,1
1997-12-30,970.8400269,-0.013163328951903641,0.594248375694665,0.5506586738834275,1
1997-12-31,970.4299927,-0.013580119333153062,0.586282915686556,0.5514655635867485,1
1998-01-02,975.039978,-0.008894174768672047,0.5695618986112952,0.5517496032545764,1
1998-01-05,977.0700073,-0.00683069643956058,0.5719269944576313,0.5520921903100019,1
1998-01-06,966.5800171,-0.01749353142932719,0.6022488514718062,0.5526908444590641,1
1998-01-07,964.0,-0.02011605977144848,0.614059906646373,0.5531671046812883,1
1998-01-08,956.0499878,-0.02819706524800558,0.6399343618954901,0.5532757066584534,1
1998-01-09,927.6900024,-0.05702434142910129,0.7154133366990484,0.5533190909493196,1
1998-01-12,939.210022,-0.04531450512499535,0.669575818848407,0.5535680234551559,1
1998-01-13,952.1199951,-0.03219181289525197,0.64396086330499,0.5538732093533273,1
1998-01-14,957.9400024,-0.026275908657406588,0.6197982861560835,0.5540572595045383,1
1998-01-15,950.7299805,-0.03360473092764116,0.6112516030390952,0.554169442419636,1
1998-01-16,961.5100098,-0.022647077829857643,0.5874939537132894,0.5545717317842982,1
1998-01-20,978.5999756,-0.005275518673763191,0.5686454372233305,0.5547829778558034,1
1998-01-21,970.8099976,-0.013193853048175774,0.585171247996435,0.5548621456645749,1
1998-01-22,963.039978,-0.021091900165707944,0.6248208622094313,0.555527334204484,1
1998-01-23,957.5900269,-0.026631650744464053,0.6260452824806583,0.5559730363253055,1
1998-01-26,956.9500122,-0.027282211041186333,0.6326063781171484,0.5560541954738153,1
1998-01-27,969.0200195,-0.015013324825718044,0.6181614924363641,0.5562583824491771,1
1998-01-28,977.460022,-0.0064342554219433135,0.5909353922206175,0.5565736455342596,1
1998-01-29,985.4899902,0.0,0.5575264550264549,0.5567132636948928,1
1998-01-30,980.2800293,-0.005286670541364558,0.5603651686708013,0.5568120034976887,1
1998-02-02,1001.27002,0.0,0.5625925925925924,0.5570492381702898,1
1998-02-03,1006.0,0.0,0.5577777777777776,0.5572782695967298,1
1998-02-04,1006.900024,0.0,0.561732804232804,0.557408844097012,1
1998-02-05,1003.539978,-0.003337020478609065,0.5853668584367646,0.5575515873015872,1
1998-02-06,1012.460022,0.0,0.5582142857142856,0.5577652116402114,1
1998-02-09,1010.73999,-0.0016988641157428264,0.5799619173621717,0.5581269841269839,1
1998-02-10,1019.01001,0.0,0.5629629629629628,0.5583013338726078,1
1998-02-11,1020.01001,0.0,0.5567989417989416,0.5583498241183613,0
1998-02-12,1024.140015,0.0,0.5455555555555553,0.5583493386702104,0
1998-02-13,1020.090027,-0.003954525690513133,0.5664253250085097,0.5583488532220595,0
1998-02-17,1022.76001,-0.0013474768877183019,0.5579132685615582,0.5583888201872809,0
1998-02-18,1032.079956,0.0,0.528068783068783,0.5583511186467638,0
1998-02-19,1028.280029,-0.0036818145511974265,0.5392462197894791,0.5583506331986129,0
1998-02-20,1034.209961,0.0,0.49806878306878294,0.558350147750462,0
1998-02-23,1038.140015,0.0,0.49349206349206337,0.5583496623023111,0
1998-02-24,1030.560059,-0.007301477537208778,0.5378226196054969,0.5583491768541601,0
1998-02-25,1042.900024,0.0,0.5197751322751322,0.5583486914060092,0
1998-02-26,1048.670044,0.0,0.5027910052910051,0.5583482059578583,0
1998-02-27,1049.339966,0.0,0.490648148148148,0.5583281179213223,0
1998-03-02,1047.699951,-0.0015629014934517294,0.48809241300907324,0.5583080298847864,0
1998-03-03,1052.02002,0.0,0.40489417989417986,0.5582879418482506,0
1998-03-04,1047.329956,-0.0044581509009684606,0.455759833991215,0.5582678538117146,0
1998-03-05,1035.050049,-0.016130844163973257,0.5420025156422704,0.5582477657751788,0
1998-03-06,1055.689941,0.0,0.5217592592592591,0.5582276777386428,0
1998-03-09,1052.310059,-0.003201585871698831,0.5369900511941866,0.5581992348566492,0
1998-03-10,1064.25,0.0,0.4606878306878306,0.5581540822837401,0
1998-03-11,1068.469971,0.0,0.4335052910052909,0.5581089297108309,0
1998-03-12,1069.920044,0.0,0.4158862433862433,0.5580637771379219,0
1998-03-13,1068.609985,-0.0012244457025986089,0.4259270068007902,0.5580186245650127,0
1998-03-16,1079.27002,0.0,0.4068915343915343,0.5579734719921037,0
1998-03-17,1080.449951,0.0,0.41595238095238085,0.5579283194191945,0
1998-03-18,1085.52002,0.0,0.4104894179894179,0.5578997194831802,0
1998-03-19,1089.73999,0.0,0.38813492063492055,0.5578793958656131,0
1998-03-20,1099.160034,0.0,0.3812433862433861,0.557859072248046,0
1998-03-23,1095.550049,-0.0032843124643667787,0.41141471993078504,0.5578387486304789,0
1998-03-24,1105.650024,0.0,0.40383597883597877,0.5578184250129118,0
1998-03-25,1101.930054,-0.0033645094914772633,0.40588926324162444,0.5577981013953447,0
1998-03-26,1100.800049,-0.004386537235764654,0.4153167547358275,0.5577777777777776,0
1998-03-27,1095.439941,-0.009234461880679112,0.4368485500240106,0.5577400793650792,0
1998-03-30,1093.599976,-0.010898609630926037,0.4592423527211323,0.5577023809523808,0
1998-03-31,1101.75,-0.0035273584907913325,0.432724893681013,0.5576646825396824,0
1998-04-01,1108.150024,0.0,0.4122089947089946,0.557626984126984,0
1998-04-02,1120.01001,0.0,0.3245370370370369,0.5575892857142856,0
1998-04-03,1122.699951,0.0,0.2647222222222222,0.5575515873015872,0
1998-04-06,1121.380005,-0.0011756890154172028,0.25649019189786565,0.5575186142978255,0
1998-04-07,1109.550049,-0.01171274835122893,0.30506058902676564,0.5574950921119368,0
1998-04-08,1101.650024,-0.018749379102805386,0.31353100095511244,0.5574715699260482,0
1998-04-09,1110.670044,-0.010715157677957388,0.2928185066738662,0.5574480477401597,0
1998-04-13,1109.689941,-0.011588145157049201,0.30238461016729495,0.557424525554271,0
1998-04-14,1115.75,-0.006190390401112689,0.2881692092220759,0.5574010033683825,0
1998-04-15,1119.319946,-0.0030106040327064765,0.26473706346358633,0.5573774811824939,0
1998-04-16,1108.170044,-0.012941932514611953,0.3417737052609205,0.5573544119776753,0
1998-04-17,1122.719971,0.0,0.3076984126984126,0.5573315692633917,0
1998-04-20,1123.650024,0.0,0.30505291005290996,0.557308726549108,0
1998-04-21,1126.670044,0.0,0.29585978835978827,0.5572858838348244,0
1998-04-22,1130.540039,0.0,0.27576719576719566,0.5572630411205407,0
1998-04-23,1119.579956,-0.009694555364615387,0.3190673288714008,0.557240198406257,0
1998-04-24,1107.900024,-0.020025840942374584,0.3719146070144473,0.5572173556919734,0
1998-04-27,1086.540039,-0.03891945307741551,0.5360551955447503,0.5571613165180789,0
1998-04-28,1085.109985,-0.040184383067214724,0.525086339045737,0.5571052773441844,0
1998-04-29,1094.619995,-0.031772465159015884,0.4930740481379089,0.5570492381702898,0
1998-04-30,1111.75,-0.016620410026893295,0.47740480949258934,0.5569931989963952,0
1998-05-01,1121.0,-0.008438479550391231,0.42975580509009903,0.5569371598225008,0
1998-05-04,1122.069946,-0.007492076978973694,0.4176941960784721,0.5568811206486062,0
1998-05-05,1115.5,-0.01330341118506817,0.4573132997712881,0.5568415202293231,0
1998-05-06,1104.920044,-0.022661731664684548,0.49391365471719806,0.5568347973192629,0
1998-05-07,1095.140015,-0.03131249029562233,0.540881866661625,0.5568280744092027,0
1998-05-08,1108.140015,-0.01981356097729503,0.503855638252119,0.5568213514991425,0
1998-05-11,1106.640015,-0.021140360514025125,0.5134636707120681,0.5568146285890822,0
1998-05-12,1115.790039,-0.013046862111179114,0.4875213138984942,0.5568079056790219,0
1998-05-13,1118.859985,-0.010331393490788154,0.45828391557518905,0.5568011827689617,0
1998-05-14,1117.369995,-0.01164933885194308,0.4309368785800035,0.5567928378384303,0
1998-05-15,1108.72998,-0.0192917174515036,0.482449002740746,0.5567836818976633,0
1998-05-18,1105.819946,-0.02186573862688279,0.5060933837067565,0.5567745259568962,0
1998-05-19,1109.52002,-0.018592900980838323,0.4792956081611328,0.5567653700161292,0
1998-05-20,1119.060059,-0.010154421430447091,0.46427525280648346,0.5567562140753621,0
1998-05-21,1114.640015,-0.014064096318131436,0.4520091907140328,0.5567470581345951,0
1998-05-22,1110.469971,-0.01775263794969406,0.4564883507248179,0.5567379021938281,0
1998-05-26,1094.02002,-0.03230316286038237,0.4607611499298132,0.5567132636948928,0
1998-05-27,1092.22998,-0.033886512355534415,0.5047378889007152,0.5566886251959575,0
1998-05-28,1097.599976,-0.02913657355217303,0.48423637503509426,0.5566639866970223,0
1998-05-29,1090.819946,-0.035133733994183514,0.4758377294702688,0.556639348198087,0
1998-06-01,1090.97998,-0.0349921786361429,0.4741334715062285,0.5566147096991517,0
1998-06-02,1093.219971,-0.033010832622089925,0.45995691449042314,0.5565900712002164,0
1998-06-03,1082.72998,-0.04228957608815831,0.4504300309883295,0.5565551006469018,0
1998-06-04,1094.829956,-0.03158674772066161,0.41226917662987317,0.5564994659848285,0
1998-06-05,1113.859985,-0.014754058613221654,0.37536360049459605,0.556443831322755,0
1998-06-08,1115.719971,-0.013108839571138842,0.3599898667446258,0.5563881966606817,0
1998-06-09,1118.410034,-0.010729390009688977,0.35722711986347855,0.5563325619986084,0
1998-06-10,1112.280029,-0.016151581872457688,0.4170670834321343,0.556276927336535,0
1998-06-11,1094.579956,-0.03180788097678333,0.5020980286007114,0.5562212926744616,0
1998-06-12,1098.839966,-0.02803976144713971,0.48344930103815487,0.5561815260280626,0
1998-06-15,1077.01001,-0.047349078452231685,0.572903550227334,0.5561496933895008,0
1998-06-16,1087.589966,-0.0379907579726152,0.5620307085089371,0.5564252864353972,0
1998-06-17,1107.109985,-0.02072465652850697,0.5514965719611923,0.5566475610310654,0
1998-06-18,1106.369995,-0.02137920212129696,0.529848164238678,0.5566229225321302,0
1998-06-19,1100.650024,-0.026438705369903226,0.533565070782508,0.5565982840331949,0
1998-06-22,1103.209961,-0.02417435655279787,0.5097631961173256,0.5565736455342596,0
1998-06-23,1119.48999,-0.009774133262696383,0.46860726679354237,0.5565180108721862,0
1998-06-24,1132.880005,0.0,0.45805555555555544,0.5564623762101129,0
1998-06-25,1129.280029,-0.0031777204859396724,0.44853548680534977,0.5564067415480395,0
1998-06-26,1133.199951,0.0,0.4090343915343915,0.5563511068859661,0
1998-06-29,1138.48999,0.0,0.4025925925925925,0.5562954722238929,0
1998-06-30,1133.839966,-0.004084378466955196,0.4096499314090234,0.5562398375618194,0
1998-07-01,1148.560059,0.0,0.40660052910052896,0.5561921369075833,0
1998-07-02,1146.420044,-0.0018632155830520247,0.4063496153134189,0.5561603042690214,0
1998-07-06,1157.329956,0.0,0.40920634920634913,0.5561284716304595,0
1998-07-07,1154.660034,-0.002306966985653691,0.4167101593245833,0.5560966389918978,0
1998-07-08,1166.380005,0.0,0.4029100529100528,0.5560648063533359,0
1998-07-09,1158.560059,-0.006704458209569553,0.42915646096259447,0.5560329737147741,0
1998-07-10,1164.329956,-0.0017576167211473814,0.4050853305415672,0.5560011410762122,0
1998-07-13,1165.189941,-0.001020305556421075,0.4127323031756417,0.5559873494928033,0
1998-07-14,1177.579956,0.0,0.3468386243386243,0.5559825784369706,0
1998-07-15,1174.810059,-0.0023521944186354338,0.3517379772177064,0.5559778073811381,0
1998-07-16,1183.98999,0.0,0.28992063492063486,0.5559730363253055,0
1998-07-17,1186.75,0.0,0.2843386243386243,0.5559682652694728,0
1998-07-20,1184.099976,-0.0022330094796714217,0.29529865899465324,0.5559634942136403,0
1998-07-21,1165.069946,-0.018268425531914878,0.41104909476528184,0.5559587231578077,0
1998-07-22,1164.079956,-0.01910262818622288,0.4475660109663245,0.5557969523003112,0
1998-07-23,1139.75,-0.03960396039603964,0.5687416836921786,0.555635181442815,0
1998-07-24,1140.800049,-0.03871914977880775,0.5782222389938284,0.5559762170291939,0
1998-07-27,1147.27002,-0.03326730987992421,0.5582673327024698,0.5560754172328565,1
1998-07-28,1130.23999,-0.0476174510216979,0.5905536396387358,0.5562954722238929,1
1998-07-29,1125.209961,-0.051855941858015564,0.6016318921343804,0.5565900712002164,1
1998-07-30,1142.949951,-0.03690756182852328,0.5512599736651274,0.5567296893608497,0
1998-07-31,1120.670044,-0.05568144596587321,0.6002701161114287,0.5567050508619145,0
1998-08-03,1112.439941,-0.06261643901411407,0.639451896129106,0.5567775779371519,0
1998-08-04,1072.119995,-0.09659153570676215,0.7263992608375325,0.5568213514991425,1
1998-08-05,1081.430054,-0.08874653128291554,0.691972028015689,0.5569745192717638,1
1998-08-06,1089.630005,-0.08183694543922482,0.6808895197122549,0.5572478126443516,1
1998-08-07,1089.449951,-0.08198866568358953,0.6706615310954396,0.5573774811824939,1
1998-08-10,1083.140015,-0.08730565409732471,0.6719360970861017,0.5575107735691959,1
1998-08-11,1068.97998,-0.09923742995576146,0.6893097836717813,0.557714947089947,1
1998-08-12,1084.219971,-0.08639564272171896,0.6733969934882847,0.557859072248046,1
1998-08-13,1074.910034,-0.09424054434379614,0.6712632563871584,0.5580487262802856,1
1998-08-14,1062.75,-0.10448704444912571,0.6759664639209612,0.5582301998107408,1
1998-08-17,1083.670044,-0.086859031809564,0.642127663568302,0.5582794636907781,1
1998-08-18,1101.199951,-0.07208767558457974,0.6449575916538764,0.5583482059578583,1
1998-08-19,1098.060059,-0.0747334661891722,0.6553150800619272,0.5583509568307136,1
1998-08-20,1091.599976,-0.08017697408889823,0.6571515223458311,0.5588747329966951,1
1998-08-21,1081.23999,-0.08890668632820731,0.687111304017129,0.5596520581658421,1
1998-08-24,1088.140015,-0.08309246682115023,0.6829120183864383,0.5601626338651173,1
1998-08-25,1092.849976,-0.0791236772698547,0.6825013227767356,0.5602786007371944,1
1998-08-26,1084.189941,-0.08642094712449966,0.7069723323165952,0.5604616608747263,1
1998-08-27,1042.589966,-0.12147464419633447,0.7699362397022679,0.5612818446080893,1
1998-08-28,1027.140015,-0.13449335159047826,0.79508249809905,0.5613627665916793,1
1998-08-31,957.2800293,-0.19335999216347166,0.85637061493479,0.5616000999837478,1
1998-09-01,994.2600098,-0.162199275500316,0.8287925697538181,0.5617281502218002,1
1998-09-02,990.4799805,-0.16538446977038124,0.8227603055233991,0.5618370707294505,1
1998-09-03,982.2600098,-0.1723109249631346,0.8379635861462376,0.5620485051886472,1
1998-09-04,973.8900146,-0.17936379641879086,0.8369296773956705,0.562129905632163,1
1998-09-08,1023.460022,-0.13759425152728044,0.804663366383001,0.5623035389516453,1
1998-09-09,1006.200012,-0.15213818243100907,0.8364017977531895,0.5624237707331877,1
1998-09-10,980.1900024,-0.17405519073098796,0.8781783981893547,0.5625383710931227,1
1998-09-11,1009.059998,-0.14972825110596166,0.832927869581122,0.5627592592592591,1
1998-09-14,1029.719971,-0.13231938403202026,0.8017329962881594,0.5629947089947088,1
1998-09-15,1037.680054,-0.12561191994944176,0.796276631981658,0.5631796397760729,1
1998-09-16,1045.47998,-0.11903941015378128,0.7698578741951193,0.5638078277840497,1
1998-09-17,1018.869995,-0.1414619801980198,0.8005347995180468,0.5642116213929401,1
1998-09-18,1020.090027,-0.1404339355382347,0.798507495132654,0.5649126170012745,1
1998-09-21,1023.890015,-0.13723192331999157,0.8056306889363707,0.5653208016701051,1
1998-09-22,1029.630005,-0.1323951927533179,0.7985038609336109,0.5656595692105845,1
1998-09-23,1066.089966,-0.10167266399831476,0.7575892073799881,0.5660157404056598,1
1998-09-24,1042.719971,-0.1213650971139667,0.7738524022510456,0.5661046184953185,1
1998-09-25,1044.75,-0.11965451864335375,0.7714822477688497,0.5664075079799992,1
1998-09-28,1048.689941,-0.11633457678533798,0.7568766244175376,0.5669707539654113,1
1998-09-29,1049.02002,-0.11605643985675174,0.7725349235952976,0.5675578500549513,1
1998-09-30,1017.01001,-0.14302927322519488,0.8284605246956305,0.5678871636833425,1
1998-10-01,986.3900146,-0.16883082822835482,0.8639991102761421,0.5682088546831823,1
1998-10-02,1002.599976,-0.15517170760480303,0.8403065782262926,0.5686646865171001,1
1998-10-05,988.5599976,-0.16700231927533182,0.8726382328658477,0.5687599443163645,1
1998-10-06,984.5900269,-0.17034756528333683,0.8369303058532316,0.5690703749275252,1
1998-10-07,970.6799927,-0.1820686811038551,0.8320670734092821,0.5694481480024457,1
1998-10-08,959.4400024,-0.1915399179271119,0.835231499396132,0.5695679401365716,1
1998-10-09,984.3900146,-0.1705161031388246,0.8397515988988644,0.5697994209633547,1
1998-10-12,997.710022,-0.15929216599957874,0.816401921950817,0.5701077800971299,1
1998-10-13,994.7999878,-0.1617442698125131,0.830111642293534,0.5701918473241139,1
1998-10-14,1005.530029,-0.15270273520117972,0.8061930176911509,0.5702667904037051,1
1998-10-15,1047.48999,-0.11734570044238468,0.7291084913245123,0.5705736758111026,1
1998-10-16,1056.420044,-0.10982090246471454,0.7227110088835831,0.5710216829511734,1
1998-10-19,1062.390015,-0.10479038129344853,0.7220050713087518,0.5713682383201897,1
1998-10-20,1063.930054,-0.10349268674952605,0.702127732035939,0.5716790058206621,1
1998-10-21,1069.920044,-0.09844529681904368,0.6895893826378787,0.5720383888955227,1
1998-10-22,1078.47998,-0.09123237413103003,0.6884867854651723,0.5723817088593612,1
1998-10-23,1070.670044,-0.09781331872761745,0.712124659721818,0.5724593703857567,1
1998-10-26,1072.319946,-0.0964230495049504,0.7055621567604378,0.5726783238130079,1
1998-10-27,1065.339966,-0.10230464208974088,0.7093528720949904,0.5728434796787596,1
1998-10-28,1068.089966,-0.09998738908784499,0.7018896288101757,0.5729269815801572,1
1998-10-29,1085.930054,-0.08495466273435859,0.6429508862865211,0.5730893863864588,1
1998-10-30,1098.670044,-0.07421946998104068,0.6315369089507936,0.5734600182691719,1
1998-11-02,1111.599976,-0.06332422498420054,0.5798647313567018,0.573919928603271,1
1998-11-03,1110.839966,-0.0639646378765536,0.5893633855576843,0.5740857980977184,1
1998-11-04,1118.670044,-0.05736672087634298,0.5921866258981723,0.5741597838628445,1
1998-11-05,1133.849976,-0.04457554160522437,0.5542710732066924,0.574320266382633,0
1998-11-06,1141.01001,-0.038542228776069165,0.5359332142138226,0.5742846850615989,0
1998-11-09,1130.199951,-0.04765118938276802,0.5264274590053533,0.5742491037405647,0
1998-11-10,1128.26001,-0.049285856330313904,0.5237197471730961,0.5742135224195305,0
1998-11-11,1120.969971,-0.055428716241836984,0.5369509674267122,0.5741779410984964,0
1998-11-12,1117.689941,-0.05819259237413099,0.561325819843666,0.5741670467571053,0
1998-11-13,1125.719971,-0.05142618832947121,0.532505076789016,0.5741561524157142,0
1998-11-16,1135.869995,-0.04287339793553824,0.5237628923374605,0.5741452580743229,0
1998-11-17,1139.319946,-0.039966340004213174,0.5340839466293943,0.5741343637329318,0
1998-11-18,1144.47998,-0.03561830208552763,0.5352022799629504,0.5741234693915407,0
1998-11-19,1152.609985,-0.028767655361280786,0.5086613980737484,0.5741125750501496,0
1998-11-20,1163.550049,-0.01954914767221405,0.4800595063071858,0.5740955551268037,0
1998-11-23,1188.209961,0.0,0.4879497354497353,0.5740662840395482,0
1998-11-24,1182.98999,-0.004393138562486798,0.5058537768569946,0.5740370129522927,0
1998-11-25,1186.869995,-0.001127718201312078,0.4951363306246432,0.5740077418650373,0
1998-11-27,1192.329956,0.0,0.4585317460317459,0.5739784707777819,0
1998-11-30,1163.630005,-0.024070477182576155,0.5917946255291442,0.5739491996905265,0
1998-12-01,1175.280029,-0.014299671759651744,0.5463924103443861,0.5741089436030191,0
1998-12-02,1171.25,-0.017679632968980008,0.5516388399860563,0.5740857980977184,0
1998-12-03,1150.140015,-0.03538445108058674,0.5543264206617833,0.5740565270104631,0
1998-12-04,1176.73999,-0.013075211204372383,0.5372378724928657,0.5740272559232076,0
1998-12-07,1187.699951,-0.003883157490677025,0.4958502651792885,0.5739979848359522,0
1998-12-08,1181.380005,-0.009183658386588411,0.5026209191644351,0.5739687137486967,0
1998-12-09,1183.48999,-0.007414026591813672,0.48517990069324507,0.5739394426614413,0
1998-12-10,1165.02002,-0.02290467991898726,0.5404353513525201,0.5739101715741859,0
1998-12-11,1166.459961,-0.02169701001792157,0.5021739781590719,0.5738257678294957,0
1998-12-14,1141.199951,-0.042882429266081434,0.5685885447489272,0.5737413640848057,0
1998-12-15,1162.829956,-0.024741473491923238,0.5268590803596199,0.5736569603401155,0
1998-12-16,1161.939941,-0.025487923747174568,0.5336013815124824,0.5735725565954254,0
1998-12-17,1179.97998,-0.010357850977284366,0.5045061407494607,0.5734881528507353,0
1998-12-18,1188.030029,-0.0036063230470408936,0.48166885749771876,0.5734037491060452,0
1998-12-21,1202.839966,0.0,0.463716931216931,0.5733276265924215,0
1998-12-22,1203.569946,0.0,0.43511904761904746,0.5732680665409309,0
1998-12-23,1228.540039,0.0,0.42674603174603165,0.5732085064894401,0
1998-12-24,1226.27002,-0.0018477370927590941,0.45937336916739546,0.5731489464379496,0
1998-12-28,1225.48999,-0.0024826614543899117,0.46636543713151113,0.5730893863864588,0
1998-12-29,1241.810059,0.0,0.41343915343915333,0.5730298263349681,0
1998-12-30,1231.930054,-0.007956132202662336,0.46568492478076084,0.5729702662834775,0
1998-12-31,1229.22998,-0.01013043734734298,0.4853179004781871,0.5729457266624158,0
1999-01-04,1228.099976,-0.011040402596706578,0.4827722926398573,0.5729386972565689,0
1999-01-05,1244.780029,0.0,0.4658201058201057,0.5729316678507219,0
1999-01-06,1272.339966,0.0,0.5367195767195766,0.572924638444875,0
1999-01-07,1269.72998,-0.002051327530176783,0.5182420163166352,0.5729176090390279,0
1999-01-08,1275.089966,0.0,0.5047089947089946,0.5729105796331809,0
1999-01-11,1263.880005,-0.008791505932060684,0.5295709711396367,0.572903550227334,0
1999-01-12,1239.51001,-0.02790387890167123,0.5657862419835927,0.5728778057065164,0
1999-01-13,1234.400024,-0.03191142827956339,0.5932937139354759,0.5728520611856989,0
1999-01-14,1212.189941,-0.04932987214801743,0.6076746825564567,0.5729293247154396,0
1999-01-15,1243.26001,-0.02496290995046546,0.5789634284484949,0.5731092397369557,1
1999-01-19,1252.0,-0.018108499490772423,0.5504206755794029,0.5734881528507353,0
1999-01-20,1256.619995,-0.014485229664178867,0.5315886248033637,0.5734037491060452,0
1999-01-21,1235.160034,-0.0313153840628686,0.5459647042616855,0.5733276265924215,0
1999-01-22,1225.189941,-0.039134513117170866,0.5773846961638853,0.5732680665409309,0
1999-01-25,1233.97998,-0.03224085130946752,0.5690593919417313,0.5737132295032422,0
1999-01-26,1252.310059,-0.01786533311956129,0.5546526854577591,0.5736288257585522,0
1999-01-27,1243.170044,-0.025033466540509197,0.56408777889623,0.573544422013862,0
1999-01-28,1265.369995,-0.007622968778032035,0.5069121127981886,0.5734600182691719,0
1999-01-29,1279.640015,0.0,0.476111111111111,0.5733756145244818,0
1999-02-01,1273.0,-0.005188971056051206,0.48195427849477457,0.5733077732419246,0
1999-02-02,1261.98999,-0.013792961139934223,0.5461282729446405,0.573248213190434,0
1999-02-03,1272.069946,-0.005915780150091532,0.5362788303600039,0.5731886531389433,0
1999-02-04,1248.48999,-0.024342803159371318,0.5163674484473301,0.5731290930874526,0
1999-02-05,1239.400024,-0.031446336882486325,0.5517567682801474,0.5730695330359619,0
1999-02-08,1243.77002,-0.028031317073184847,0.5543518662021074,0.5730099729844712,0
1999-02-09,1216.140015,-0.049623330980314795,0.5891247167530972,0.5729504129329805,0
1999-02-10,1223.550049,-0.043832613346340255,0.5809192418357141,0.5732879198914277,0
1999-02-11,1254.040039,-0.020005607592694763,0.5326046127091172,0.5737413640848057,0
1999-02-12,1230.130005,-0.03869057658375896,0.5571032950751138,0.5736569603401155,0
1999-02-16,1241.869995,-0.029516129190442664,0.5305913127004888,0.5735725565954254,0
1999-02-17,1224.030029,-0.04345752348171128,0.5484453244743497,0.5734881528507353,0
1999-02-18,1237.280029,-0.033103048907078714,0.5262712777361134,0.5734037491060452,0
1999-02-19,1239.219971,-0.031587042860643844,0.5397827583110794,0.5733276265924215,0
1999-02-22,1272.140015,-0.005861023344131633,0.4825623285420584,0.5732680665409309,0
1999-02-23,1271.180054,-0.006611203854859138,0.4982112224036086,0.5732085064894401,0
1999-02-24,1253.410034,-0.020497937460950633,0.4866081069637227,0.5731489464379496,0
1999-02-25,1245.02002,-0.02705447984916287,0.510137333490953,0.5730893863864588,0
1999-02-26,1238.329956,-0.032282562686194116,0.5308554773398348,0.5730298263349681,0
1999-03-01,1236.160034,-0.033978291152453544,0.5252580763670711,0.5729702662834775,0
1999-03-02,1225.5,-0.04230878556888518,0.5471991141112335,0.5729457266624158,0
1999-03-03,1227.699951,-0.04058959034662568,0.5297127994212416,0.5729386972565689,0
1999-03-04,1246.640015,-0.025788502714179318,0.4987901186009304,0.5729316678507219,0
1999-03-05,1275.469971,-0.003258763364007433,0.5056036377299304,0.572924638444875,0
1999-03-08,1282.72998,0.0,0.4877248677248676,0.5729176090390279,0
1999-03-09,1279.839966,-0.002253018207308166,0.48803430967945755,0.5729105796331809,0
1999-03-10,1286.839966,0.0,0.4487301587301586,0.572903550227334,0
1999-03-11,1297.680054,0.0,0.4357010582010581,0.5728778057065164,0
1999-03-12,1294.589966,-0.002381240268334972,0.43617759414210766,0.5728520611856989,0
1999-03-15,1307.26001,0.0,0.4333597883597882,0.5728263166648813,0
1999-03-16,1306.380005,-0.0006731675361200118,0.43342684866239156,0.5728005721440637,0
1999-03-17,1297.819946,-0.007221259678860559,0.44127133172045263,0.572774827623246,0
1999-03-18,1316.550049,0.0,0.416706349206349,0.5727490831024284,0
1999-03-19,1299.290039,-0.013110029514722954,0.4101897073753394,0.5727185210196646,0
1999-03-22,1297.01001,-0.014841850497701814,0.4283260936131151,0.5726783238130079,0
1999-03-23,1262.140015,-0.041327736869044784,0.5290774112269806,0.5726381266063512,0
1999-03-24,1268.589966,-0.036428605989137,0.5355000414726785,0.5725979293996944,0
1999-03-25,1289.98999,-0.020173983526242667,0.5164706849933959,0.5725577321930377,0
1999-03-26,1282.800049,-0.025635181910201754,0.521793964323988,0.572517534986381,0
1999-03-29,1310.170044,-0.0048460026300146675,0.49561679045760476,0.5724773377797243,0
1999-03-30,1300.75,-0.012001100157188138,0.478250526537832,0.5724548020606746,0
1999-03-31,1286.369995,-0.022923590351102474,0.4943204777334922,0.5724410970854283,0
1999-04-01,1293.719971,-0.017340835631232343,0.4832560927045686,0.5724273921101821,0
1999-04-05,1321.119995,0.0,0.39253968253968247,0.5724136871349358,0
1999-04-06,1317.890015,-0.0024448801109849816,0.395539676239002,0.5723999821596896,0
1999-04-07,1326.890015,0.0,0.38719576719576704,0.5723862771844432,0
1999-04-08,1343.97998,0.0,0.36962962962962953,0.572372572209197,0
1999-04-09,1348.349976,0.0,0.3671957671957671,0.5723057355464621,0
1999-04-12,1358.630005,0.0,0.38787037037037025,0.5722388988837274,0
1999-04-13,1349.819946,-0.006484516731985357,0.39763591743287974,0.5721720622209924,0
1999-04-14,1328.439941,-0.022220960739049667,0.45731330103500756,0.5721052255582575,0
1999-04-15,1322.849976,-0.026335373772346515,0.45440668133104856,0.5720383888955227,0
1999-04-16,1319.0,-0.029169093023232562,0.47074365236861976,0.5719715522327878,0
1999-04-19,1289.47998,-0.05089687754982264,0.513629163112697,0.5719063287378838,0
1999-04-20,1306.170044,-0.038612396904924795,0.46523699268802604,0.5718443315786416,0
1999-04-21,1336.119995,-0.01656816787290072,0.3839161929818723,0.5717823344193993,0
1999-04-22,1358.819946,0.0,0.3517592592592591,0.571720337260157,0
1999-04-23,1356.849976,-0.0014497652950997697,0.3443058559202572,0.5716583401009148,0
1999-04-26,1360.040039,0.0,0.3386904761904761,0.5715963429416725,0
1999-04-27,1362.800049,0.0,0.32675925925925914,0.5715343457824302,0
1999-04-28,1350.910034,-0.008724695166194563,0.35869714742694664,0.5714813596754621,0
1999-04-29,1342.829956,-0.014653721956242705,0.38742573618876097,0.571432879094631,0
1999-04-30,1335.180054,-0.02026709275529237,0.3821776541634936,0.5713843985138001,0
1999-05-03,1354.630005,-0.005995042343882373,0.34838452700313494,0.5713359179329691,0
1999-05-04,1332.0,-0.022600563466812718,0.40487199891149783,0.571287437352138,0
1999-05-05,1347.310059,-0.01136629692034885,0.3773961700610322,0.571238956771307,0
1999-05-06,1332.050049,-0.02256383834339004,0.4008332197686817,0.571190476190476,0
1999-05-07,1345.0,-0.013061379776924231,0.38043556049421373,0.5711060795708246,0
1999-05-10,1340.300049,-0.016510125617114624,0.40008992851831526,0.5710216829511734,0
1999-05-11,1355.609985,-0.005275949326004059,0.37208510744517304,0.570937286331522,0
1999-05-12,1364.0,0.0,0.37052910052910043,0.5708528897118705,0
1999-05-13,1367.560059,0.0,0.35329365079365066,0.5707684930922192,0
1999-05-14,1337.800049,-0.02176139161431878,0.4207962096197221,0.5706840964725678,0
1999-05-17,1339.48999,-0.020525657220879623,0.43824189977616657,0.5706097799766789,0
1999-05-18,1333.319946,-0.025037374245221233,0.4606136321630484,0.5705556237283146,0
1999-05-19,1344.22998,-0.017059637597971022,0.41015410480010484,0.5705014674799502,0
1999-05-20,1338.829956,-0.02100829342808397,0.38978667169042025,0.570447311231586,0
1999-05-21,1330.290039,-0.027252931053904028,0.38653949610066357,0.5703931549832217,0
1999-05-24,1306.650024,-0.04453920293967861,0.42287826045883115,0.5703389987348575,0
1999-05-25,1284.400024,-0.06080905511441226,0.4571904428568713,0.5702848424864931,0
1999-05-26,1304.76001,-0.04592123657510239,0.4486372299218687,0.570257973570812,0
1999-05-27,1281.410034,-0.06299542344267883,0.48947016950687583,0.5702447483214724,0
1999-05-28,1301.839966,-0.04805645833796601,0.4553000251378342,0.5702315230721328,0
1999-06-01,1294.26001,-0.05359914434295421,0.4501655340581058,0.5702182978227932,0
1999-06-02,1294.810059,-0.05319693239154477,0.43478869982223456,0.5702050725734535,0
1999-06-03,1299.540039,-0.04973823237404151,0.4385879952509661,0.5701918473241139,0
1999-06-04,1327.75,-0.029110282022356104,0.39993233842682724,0.5701786220747743,0
1999-06-07,1334.52002,-0.024159844960783494,0.4256452531063792,0.5701634416509934,0
1999-06-08,1317.329956,-0.036729723619399635,0.44451217627978745,0.5701482612272124,0
1999-06-09,1318.640015,-0.03577177007916699,0.4469340606029368,0.5701330808034315,0
1999-06-10,1302.819946,-0.04733986823755276,0.47786604294326424,0.5701179003796505,0
1999-06-11,1293.640015,-0.05405250285976648,0.48885771242642867,0.5701027199558696,0
1999-06-14,1294.0,-0.05378927127616551,0.4762931572774302,0.5700875395320887,0
1999-06-15,1301.160034,-0.04855364454600519,0.4327352729261056,0.5700521466780941,0
1999-06-16,1330.410034,-0.027165187192703666,0.4002569547899745,0.5699763289636722,0
1999-06-17,1339.900024,-0.020225828341481233,0.36950908924787257,0.5699005112492503,0
1999-06-18,1342.839966,-0.018076056577782773,0.35005105625312766,0.5698246935348286,0
1999-06-21,1349.0,-0.013571659158846394,0.35082302802765264,0.5697488758204068,0
1999-06-22,1335.880005,-0.023165384065958583,0.379107984688674,0.569673058105985,0
1999-06-23,1333.060059,-0.025227411237227382,0.36180728501906434,0.5695972403915631,0
1999-06-24,1315.780029,-0.037863075672057156,0.43980077017154784,0.5695709608992098,0
1999-06-25,1315.310059,-0.03820673151145315,0.4104777074433733,0.5695694505178908,0
1999-06-28,1331.349976,-0.026477874051453187,0.42636339595169076,0.5695679401365716,0
1999-06-29,1351.449951,-0.011780183176583914,0.4003002409759218,0.5695664297552525,0
1999-06-30,1372.709961,0.0,0.34186507936507926,0.5695649193739334,0
1999-07-01,1380.959961,0.0,0.30183862433862424,0.5695634089926144,0
1999-07-02,1391.219971,0.0,0.2671957671957671,0.5695618986112952,0
1999-07-06,1388.119995,-0.00222824288366974,0.29033262161913376,0.5694936482459855,0
1999-07-07,1395.859985,0.0,0.2839814814814814,0.5694253978806758,0
1999-07-08,1394.420044,-0.001031579825680029,0.2849812820342022,0.569357147515366,0
1999-07-09,1403.280029,0.0,0.26862433862433854,0.5692888971500564,0
1999-07-12,1399.099976,-0.0029787732409893852,0.3231777024923618,0.5692206467847467,0
1999-07-13,1393.560059,-0.006926607518904615,0.3494627226734791,0.5691523964194369,0
1999-07-14,1398.170044,-0.0036414577948790106,0.32505758004168545,0.5691045209641888,0
1999-07-15,1409.619995,0.0,0.28961640211640205,0.569097395329064,0
1999-07-16,1418.780029,0.0,0.27137566137566127,0.569090269693939,0
1999-07-19,1407.650024,-0.007844771403953787,0.302958699229718,0.5690831440588142,0
1999-07-20,1377.099976,-0.029377389128727338,0.38386397806558387,0.5690760184236894,0
1999-07-21,1379.290039,-0.027833765060700677,0.37304337521569786,0.5690688927885644,0
1999-07-22,1360.969971,-0.04074631501596926,0.441342667966253,0.5690617671534396,0
1999-07-23,1356.939941,-0.04358680467442633,0.44624596455111043,0.5690276211167761,0
1999-07-26,1347.76001,-0.05005710367241156,0.4798304291687985,0.5689799648793431,0
1999-07-27,1362.839966,-0.03942828476337401,0.4402372221393291,0.5689323086419101,0
1999-07-28,1365.400024,-0.037623876787738486,0.4407438902405242,0.5688846524044773,0
1999-07-29,1341.030029,-0.05480060221513028,0.49685860625603984,0.5688369961670443,0
1999-07-30,1328.719971,-0.06347711143317769,0.4642545443018237,0.5687893399296116,0
1999-08-02,1328.050049,-0.06394929315712838,0.4223872999367021,0.5687416836921786,0
1999-08-03,1322.180054,-0.06808664699635414,0.43446852666017516,0.5687272467218514,0
1999-08-04,1305.329956,-0.0799631166784629,0.4598181738765892,0.5687128097515242,0
1999-08-05,1313.709961,-0.0740566302403175,0.4236034060238306,0.568698372781197,0
1999-08-06,1300.290039,-0.08351540589665296,0.4254433548008512,0.5686839358108697,0
1999-08-09,1297.800049,-0.08527042778102145,0.42483774085045317,0.5686694988405425,0
1999-08-10,1281.430054,-0.09680850603515234,0.4672151807871563,0.5686550618702153,0
1999-08-11,1301.930054,-0.08235947265367105,0.440762584115622,0.5686425925996104,0
1999-08-12,1298.160034,-0.08501669923068811,0.4096655417223283,0.5686340587284499,0
1999-08-13,1327.680054,-0.06421007706473725,0.38814997607556817,0.5686255248572893,0
1999-08-16,1330.77002,-0.062032173558315584,0.4054703543017246,0.5686169909861288,0
1999-08-17,1344.160034,-0.05259447798443739,0.3642641672321184,0.5686084571149683,0
1999-08-18,1332.839966,-0.0605732116631027,0.39352118732905644,0.5685999232438078,0
1999-08-19,1323.589966,-0.06709289745718572,0.40391094784809367,0.5685913893726473,0
1999-08-20,1336.609985,-0.05791598579091639,0.3801870136369302,0.5685270674517294,0
1999-08-23,1360.219971,-0.04127493818846251,0.3613950051912343,0.5684348515059325,0
1999-08-24,1363.5,-0.038963072407329435,0.35036679799990633,0.5683426355601356,0
1999-08-25,1381.790039,-0.026071687819056555,0.2992886708855133,0.5682504196143389,0
1999-08-26,1362.01001,-0.04001326339504041,0.31448417004230234,0.568158203668542,0
1999-08-27,1348.27002,-0.04969763286680717,0.3689096462126553,0.5680659877227455,0
1999-08-30,1324.02002,-0.06678978211075459,0.4238646697498366,0.5679737717769486,0
1999-08-31,1320.410034,-0.06933421178005605,0.44825396418897717,0.5679477893488668,0
1999-09-01,1331.069946,-0.061820776446804615,0.42750503755627123,0.5679218069207849,0
1999-09-02,1319.109985,-0.0702505264824248,0.49690645188472976,0.567895824492703,0
1999-09-03,1357.23999,-0.043375320868715095,0.45236784535991836,0.5678698420646212,0
1999-09-07,1350.449951,-0.048161150145425324,0.4917087240898542,0.5678438596365393,0
1999-09-08,1344.150024,-0.052601533341712914,0.47215623154444686,0.5678178772084574,0
1999-09-09,1347.660034,-0.050127569846135756,0.47461075577303474,0.5677658833704811,0
1999-09-10,1351.660034,-0.04730824625950525,0.4434497896913004,0.5676618667127161,0
1999-09-13,1344.130005,-0.052615643351433206,0.46287422175716947,0.5675578500549514,0
1999-09-14,1336.290039,-0.05814149361697851,0.4819655595361413,0.5674538333971865,0
1999-09-15,1317.969971,-0.0710540435722471,0.5223415718634159,0.5673498167394215,0
1999-09-16,1318.47998,-0.07069457347147357,0.551143011975292,0.5672458000816565,0
1999-09-17,1335.420044,-0.058754692972916134,0.5260876421495098,0.5671417834238915,0
1999-09-20,1335.530029,-0.05867717214674717,0.5137194848829748,0.5670389325850241,0
1999-09-21,1307.579956,-0.07837724716098327,0.5478754479159311,0.566936664655605,0
1999-09-22,1310.51001,-0.07631205457290802,0.5301062115192355,0.5668343967261859,0
1999-09-23,1280.410034,-0.09752744764636101,0.5573900800327759,0.5667321287967667,0
1999-09-24,1277.359985,-0.09967721641788063,0.5736073686961656,0.5666298608673477,0
1999-09-27,1283.310059,-0.09548342042528146,0.5515906865209197,0.5672111278624017,0
1999-09-28,1282.199951,-0.0962658588423082,0.551325908917648,0.5671071112046367,0
1999-09-29,1268.369995,-0.10601363913052375,0.5624280071682686,0.5670048432752176,0
1999-09-30,1282.709961,-0.09590638803670393,0.5274553905117695,0.5669025753457985,0
1999-10-01,1282.810059,-0.09583583587361033,0.49538660093193015,0.5668003074163794,0
1999-10-04,1304.599976,-0.0804776291364051,0.48427156766209867,0.5666980394869606,0
1999-10-05,1301.349976,-0.08276832955054236,0.4865839002225555,0.5665957715575415,0
1999-10-06,1325.400024,-0.06581711265404344,0.4299990537033705,0.5664935036281223,0
1999-10-07,1317.640015,-0.07128660675558474,0.44914181170458517,0.5664075079799991,0
1999-10-08,1336.02002,-0.05833181135086307,0.39642674504960707,0.5663540568944672,0
1999-10-11,1335.209961,-0.05890276596217858,0.38836850433979936,0.5663006058089354,0
1999-10-12,1313.040039,-0.0745288119642682,0.48435520927775666,0.5662471547234035,0
1999-10-13,1285.550049,-0.09390460626507735,0.6065744164069816,0.5661937036378716,0
1999-10-14,1283.420044,-0.09540589959911261,0.5977410477729033,0.566561682247735,0
1999-10-15,1247.410034,-0.12078686723606258,0.6984098491488834,0.5671417834238915,1
1999-10-18,1254.130005,-0.11605042405061938,0.6732155353157694,0.5677312111512263,1
1999-10-19,1261.319946,-0.11098273148867388,0.6472533518604825,0.5679304677301455,1
1999-10-20,1289.430054,-0.09116985886189133,0.6108985396289783,0.5683426355601356,1
1999-10-21,1283.609985,-0.09527202331377049,0.6360856872357837,0.5686141463624087,1
1999-10-22,1301.650024,-0.08255684644966199,0.5767004908718693,0.5686743111639849,1
1999-10-25,1293.630005,-0.08820960363264319,0.615706021713669,0.5687893399296116,1
1999-10-26,1281.910034,-0.09647020130137451,0.6371399029373107,0.5690593919417313,1
1999-10-27,1296.709961,-0.08603875548349715,0.6348602631939531,0.5690997705407723,1
1999-10-28,1342.439941,-0.05380685267596186,0.5716449427878737,0.5694253978806757,1
1999-10-29,1362.930054,-0.039364787957555936,0.5662059995173209,0.569567436676132,0
1999-11-01,1354.119995,-0.04557438974213246,0.5574935004947916,0.5695659262948128,0
1999-11-02,1347.73999,-0.050071214386962604,0.5753896900685878,0.5695644159134937,0
1999-11-03,1354.930054,-0.04500343513081695,0.5577475084003664,0.569622512963037,0
1999-11-04,1362.640015,-0.03956921640599165,0.552615334819465,0.5695714643596496,0
1999-11-05,1370.22998,-0.03421957456944158,0.5308650767849171,0.5695699539783304,0
1999-11-08,1377.01001,-0.02944079994517601,0.5277099123151635,0.5695684435970113,0
1999-11-09,1365.280029,-0.03770845297118286,0.5417183975336732,0.5695669332156923,0
1999-11-10,1373.459961,-0.0319429841650245,0.5063606815271298,0.5695654228343732,0
1999-11-11,1381.459961,-0.02630433699176349,0.500612823437735,0.569563912453054,0
1999-11-12,1396.060059,-0.01601373682713436,0.4189122513883283,0.5695624020717349,0
1999-11-15,1394.390015,-0.017190835437112084,0.4268194787150106,0.5695163983677555,0
1999-11-16,1420.069946,0.0,0.3916137566137565,0.5694481480024457,0
1999-11-17,1410.709961,-0.0065912140640430605,0.42570046216785684,0.5693798976371359,0
1999-11-18,1424.939941,0.0,0.3573280423280422,0.5693116472718263,0
1999-11-19,1422.0,-0.002063203448376183,0.33295203461424183,0.5692433969065165,0
1999-11-22,1420.939941,-0.0028071358552788084,0.3272177693755408,0.5691751465412069,0
1999-11-23,1404.640015,-0.01424616253352684,0.3723996278444649,0.5691068961758972,0
1999-11-24,1417.079956,-0.005516011428863488,0.33038905498447735,0.5690997705407723,0
1999-11-26,1416.619995,-0.0058388046826459705,0.342906036518646,0.5690926449056474,0
1999-11-29,1407.829956,-0.012007513094195787,0.3439857352897544,0.5690855192705225,0
1999-11-30,1388.910034,-0.025285210950515502,0.4014930467914121,0.5690783936353976,0
1999-12-01,1397.719971,-0.01910253844165355,0.3566002948072329,0.5690712680002727,0
1999-12-02,1409.040039,-0.011158296249904942,0.324501066610997,0.5690641423651479,0
1999-12-03,1433.300049,0.0,0.2706084656084655,0.5690435065292536,0
1999-12-06,1423.329956,-0.006956040367790406,0.28977581986991985,0.5689958502918206,0
1999-12-07,1409.170044,-0.01683527815186725,0.3130462491261559,0.5689481940543879,0
1999-12-08,1403.880005,-0.020526088742218396,0.33501490437425985,0.5689005378169549,0
1999-12-09,1408.109985,-0.01757487137293745,0.3003358773935566,0.568852881579522,0
1999-12-10,1417.040039,-0.011344456460002483,0.3003990620377172,0.5688052253420891,0
1999-12-13,1415.219971,-0.012614300831576886,0.26470065306138424,0.5687575691046561,0
1999-12-14,1403.170044,-0.02102142187256706,0.3101331136544878,0.5687320590452938,0
1999-12-15,1413.329956,-0.013932946568956606,0.262883557046769,0.5687176220749666,0
1999-12-16,1418.780029,-0.010130481757905763,0.2392200701729789,0.5687031851046394,0
1999-12-17,1421.030029,-0.008560677862643362,0.22100032666268518,0.5686887481343121,0
1999-12-20,1418.089966,-0.01061193224029533,0.2477078636618993,0.5686743111639849,0
1999-12-21,1433.430054,0.0,0.21421957671957664,0.5686598741936577,0
1999-12-22,1436.130005,0.0,0.20301587301587296,0.5686454372233305,0
1999-12-23,1458.339966,0.0,0.1899603174603174,0.56863690335217,0
1999-12-27,1457.099976,-0.0008502749899950146,0.188546785014449,0.5686283694810095,0
1999-12-28,1457.660034,-0.00046623696521530533,0.17067853197730593,0.568619835609849,0
1999-12-29,1463.459961,0.0,0.13076719576719573,0.5686113017386885,0
1999-12-30,1464.469971,0.0,0.15260582010582002,0.5686027678675281,0
1999-12-31,1469.25,0.0,0.15267195767195763,0.5685942339963675,0
2000-01-03,1455.219971,-0.009549109409562662,0.14899861383115767,0.5685578061003281,0
2000-01-04,1399.420044,-0.04752762021439516,0.3956971654212953,0.5684655901545312,0
2000-01-05,1402.109985,-0.04569679428279727,0.4149022907054942,0.5683733742087348,0
2000-01-06,1403.449951,-0.04478478747660364,0.4069692581994375,0.5682811582629379,0
2000-01-07,1441.469971,-0.018907625659350003,0.388284388886458,0.568188942317141,0
2000-01-10,1457.599976,-0.007929231921048219,0.37579814708832654,0.5680967263713442,0
2000-01-11,1438.560059,-0.020888168112982886,0.3804890821588598,0.5680045104255473,0
2000-01-12,1432.25,-0.02518291645397308,0.3905237325490004,0.5679564501582274,0
2000-01-13,1449.680054,-0.013319684192615311,0.3439069014544187,0.5679304677301455,0
2000-01-14,1465.150024,-0.0027905230559809313,0.30826926258781195,0.5679044853020636,0
2000-01-18,1455.140015,-0.00960352901140038,0.34387873216817777,0.5678785028739818,0
2000-01-19,1455.900024,-0.00908625216947423,0.3566706983705647,0.5678525204458998,0
2000-01-20,1445.569946,-0.01611710328398841,0.3685468731471352,0.567826538017818,0
2000-01-21,1441.359985,-0.018982484260677168,0.35689273772656915,0.5678005555897362,0
2000-01-24,1401.530029,-0.046091523566445414,0.472465912935819,0.5676965389319713,0
2000-01-25,1410.030029,-0.040306258975667864,0.44627756368085425,0.5675925222742062,0
2000-01-26,1404.089966,-0.04434918087459583,0.4311290699595678,0.5674885056164413,0
2000-01-27,1398.560059,-0.048112942657818625,0.43139955235340344,0.5673844889586765,0
2000-01-28,1360.160034,-0.07424874323634512,0.5167175395026616,0.5672804723009116,0
2000-01-31,1394.459961,-0.05090354874936187,0.4639546288696045,0.5671764556431467,0
2000-02-01,1409.280029,-0.0408167234983835,0.43296154967954154,0.5670730218948302,0
2000-02-02,1409.119995,-0.04092564573762125,0.3978409336153041,0.5669707539654112,0
2000-02-03,1424.969971,-0.03013784515909479,0.35866541419091363,0.5668684860359924,0
2000-02-04,1424.369995,-0.030546200442402527,0.33936708074252314,0.5667662181065732,0
2000-02-07,1424.23999,-0.03063468436277006,0.3504653249390277,0.5666639501771541,0
2000-02-08,1441.719971,-0.01873747081844479,0.30900612900329766,0.566561682247735,0
2000-02-09,1411.709961,-0.03916286472690145,0.3784372366140805,0.5664594143183159,0
2000-02-10,1416.829956,-0.0356780969882593,0.38004916612136075,0.5664033924593909,0
2000-02-11,1387.119995,-0.05589927173728093,0.4338251578307688,0.5663704936357126,0
2000-02-14,1389.939941,-0.05397996188531562,0.4199346844211088,0.5663375948120342,0
2000-02-15,1402.050049,-0.045737587884975395,0.40115494673181157,0.5663046959883559,0
2000-02-16,1387.670044,-0.05552489773694069,0.4194341100885616,0.5662717971646775,0
2000-02-17,1388.26001,-0.0551233554534627,0.40921680961293827,0.5662388983409992,0
2000-02-18,1346.089966,-0.08382510396460774,0.4916350983025027,0.5662059995173209,0
2000-02-22,1352.170044,-0.07968688514548239,0.48919569074600733,0.5661854472554673,0
2000-02-23,1360.689941,-0.07388807827122679,0.45772654048631856,0.5661648949936138,0
2000-02-24,1353.430054,-0.07882929794112647,0.4748597077939019,0.5661443427317602,0
2000-02-25,1333.359985,-0.09248937553173386,0.4972835469343768,0.5661237904699067,0
2000-02-28,1348.050049,-0.08249103352050369,0.4717670180023821,0.5661032382080531,0
2000-02-29,1366.420044,-0.06998805921388462,0.44685604142703184,0.5660826859461996,0
2000-03-01,1379.189941,-0.06129662004424019,0.40348980648695054,0.5660654348361214,0
2000-03-02,1381.76001,-0.05954738131699844,0.3725282861518266,0.5660547860295939,0
2000-03-03,1409.170044,-0.04089158141909144,0.3237259823589943,0.5660441372230665,0
2000-03-06,1391.280029,-0.05306787204355967,0.370136472907298,0.566033488416539,0
2000-03-07,1355.619995,-0.07733878169133912,0.4557298184528873,0.5660228396100114,0
2000-03-08,1366.699951,-0.06979754908967162,0.43757981023035714,0.566012190803484,0
2000-03-09,1401.689941,-0.04598268436277009,0.3916210201771229,0.5660015419969565,0
2000-03-10,1395.069946,-0.05048838114684362,0.38440880869896354,0.5659768173536619,0
2000-03-13,1383.619995,-0.058281439509954014,0.44623402370824095,0.5659450547919836,0
2000-03-14,1359.150024,-0.07493617559979582,0.5022249980213422,0.5659132922303055,0
2000-03-15,1392.140015,-0.05248254891951676,0.4423705930949544,0.5658815296686273,0
2000-03-16,1458.469971,-0.007337096477794791,0.37573573270457056,0.565849767106949,0
2000-03-17,1464.469971,-0.0032533802960694747,0.3991950616462886,0.565818004545271,0
2000-03-20,1456.630005,-0.008589412965798848,0.38312475587641887,0.5657862419835927,0
2000-03-21,1493.869995,0.0,0.33851851851851844,0.5657333987492219,0
2000-03-22,1500.640015,0.0,0.3276455026455025,0.565680555514851,0
2000-03-23,1527.349976,0.0,0.3512830687830687,0.5656277122804801,0
2000-03-24,1527.459961,0.0,0.37588624338624327,0.5655748690461094,0
2000-03-27,1523.859985,-0.00235683820978394,0.3981324386559734,0.5655220258117386,0
2000-03-28,1507.72998,-0.01291685641768514,0.41253726473825914,0.5654691825773677,0
2000-03-29,1508.52002,-0.012399631730837912,0.40214146283891017,0.5654213813006372,0
2000-03-30,1487.920044,-0.02588605790629961,0.4808780843023742,0.5653836639391877,0
2000-03-31,1498.579956,-0.01890720918215938,0.4528341536640938,0.5653459465777382,0
2000-04-03,1505.969971,-0.01406910200509015,0.4340522345754202,0.5653082292162886,0
2000-04-04,1494.72998,-0.021427717803203294,0.48271061586119834,0.5652705118548391,0
2000-04-05,1487.369995,-0.026246164890472046,0.5123948687680372,0.5652327944933895,0
2000-04-06,1501.339966,-0.017100281295032937,0.4761420306757325,0.56519507713194,0
2000-04-07,1516.349976,-0.007273503256168157,0.43487899755819537,0.5650925421191739,0
2000-04-10,1504.459961,-0.015057677835916827,0.42941841975230644,0.5649575982807493,0
2000-04-11,1500.589966,-0.017591292528812863,0.4431862706112949,0.5648226544423247,0
2000-04-12,1467.170044,-0.03947070204087666,0.48330399588820533,0.5646877106039001,0
2000-04-13,1440.51001,-0.05692453695681521,0.5105184390571729,0.5645527667654755,0
2000-04-14,1356.560059,-0.11188502897851094,0.6870662675784457,0.5644178229270513,0
2000-04-17,1401.439941,-0.08250299400155603,0.5812919525902269,0.5651825046781235,0
2000-04-18,1441.609985,-0.05620440351431244,0.5300246492965399,0.5653962363930043,0
2000-04-19,1427.469971,-0.06546161114071913,0.5386068434217729,0.5653585190315547,0
2000-04-20,1434.540039,-0.060832967391935444,0.5202746931454546,0.5653208016701051,0
2000-04-24,1429.859985,-0.06389691284353083,0.5205916393275808,0.5652830843086556,0
2000-04-25,1477.439941,-0.03274718897852669,0.46822519820280334,0.5652453669472061,0
2000-04-26,1460.98999,-0.043516669960031784,0.5064792632112972,0.5652076495857565,0
2000-04-27,1464.920044,-0.040943735742216325,0.5001113188694954,0.5651375233986484,0
2000-04-28,1452.430054,-0.0491207029419477,0.4978734149589086,0.5650025795602239,0
2000-05-01,1468.25,-0.0387636746702259,0.47680741489527617,0.5648676357217997,0
2000-05-02,1446.290039,-0.053140458062717166,0.5259643168710276,0.564732691883375,0
2000-05-03,1415.099976,-0.07356001981645399,0.5666053571130779,0.5645977480449506,0
2000-05-04,1409.569946,-0.0771804289539737,0.5617302713585249,0.5652327944933895,0
2000-05-05,1432.630005,-0.06208343159313756,0.524010699922347,0.56519507713194,0
2000-05-08,1424.170044,-0.06762201277759061,0.5464109655976589,0.5650925421191739,0
2000-05-09,1412.140015,-0.07549785195318781,0.5771450413914444,0.5649575982807493,0
2000-05-10,1383.050049,-0.0945425187482214,0.61800128704813,0.5653333741239217,0
2000-05-11,1407.810059,-0.07833259467021803,0.5782186903238382,0.5655924834575663,1
2000-05-12,1420.959961,-0.06972359519674509,0.5463799544477341,0.565849767106949,0
2000-05-15,1452.359985,-0.04916657583013395,0.46302105501732466,0.565818004545271,0
2000-05-16,1466.040039,-0.040210495573179905,0.48895365288887394,0.5657862419835927,0
2000-05-17,1447.800049,-0.05215188223189049,0.4977277613237711,0.5657333987492219,0
2000-05-18,1437.209961,-0.05908501846484737,0.5284549322107268,0.565680555514851,0
2000-05-19,1406.949951,-0.07889569159056997,0.6009843537182076,0.5656277122804801,0
2000-05-22,1400.719971,-0.08297434514553537,0.6335639231693513,0.5658709421480679,0
2000-05-23,1373.859985,-0.10055908496576293,0.6397714310594445,0.5660157404056598,1
2000-05-24,1399.050049,-0.08406761242758365,0.5814366904686558,0.5660826859461996,1
2000-05-25,1381.52002,-0.09554420065090008,0.5912932524212915,0.5661991487633696,1
2000-05-26,1378.02002,-0.09783558640853962,0.6051672539547976,0.5663814599102719,1
2000-05-30,1422.449951,-0.06874812609245207,0.5974183862315773,0.5665423458764791,1
2000-05-31,1420.599976,-0.06995927076873476,0.6045728180441747,0.5668562341588573,1
2000-06-01,1448.810059,-0.051490647223583874,0.564844332223856,0.5673498167394215,0
2000-06-02,1477.26001,-0.03286498650160041,0.5268983012622378,0.5672458000816565,0
2000-06-05,1467.630005,-0.03916957401674248,0.5377177745343765,0.5671417834238915,0
2000-06-06,1457.839966,-0.04557893285426684,0.5635306982610989,0.5670569357954809,0
2000-06-07,1471.359985,-0.036727624574376616,0.528279498695601,0.566981672681747,0
2000-06-08,1461.670044,-0.04307145108859589,0.5539079635285371,0.5669064095680132,0
2000-06-09,1456.949951,-0.04616160933857694,0.5724838782962393,0.5668311464542793,0
2000-06-12,1446.0,-0.0533303412723628,0.5901207481511739,0.5673151445201664,0
2000-06-13,1469.439941,-0.03798464213884556,0.5320498245348685,0.567826538017818,0
2000-06-14,1470.540039,-0.037264428170500574,0.5065030280903148,0.5678005555897362,0
2000-06-15,1478.72998,-0.03190262412384104,0.4609286515941117,0.5676965389319713,0
2000-06-16,1464.459961,-0.04124494363751119,0.4503140381851191,0.5675925222742062,0
2000-06-19,1486.0,-0.02714307547076844,0.38935740485063625,0.5674885056164413,0
2000-06-20,1475.949951,-0.0337226580828196,0.375043909276103,0.5673844889586765,0
2000-06-21,1479.130005,-0.03164073509878407,0.3599794641291228,0.5672804723009116,0
2000-06-22,1452.180054,-0.04928437335320768,0.4655962744788755,0.5671764556431467,0
2000-06-23,1441.47998,-0.056289515401575896,0.5240288999633724,0.5670820235000588,0
2000-06-26,1455.310059,-0.04723521653082474,0.5065367571914869,0.5670067603863248,0
2000-06-27,1450.550049,-0.050351507708030874,0.4331069944348221,0.5669314972725912,0
2000-06-28,1454.819946,-0.04755608451592008,0.41128687813868076,0.5668562341588573,0
2000-06-29,1442.390015,-0.05569373219073204,0.3651525844489842,0.5667809710451235,0
2000-06-30,1454.599976,-0.04770009483737958,0.3024649815297231,0.5667057079313896,0
2000-07-03,1469.540039,-0.037919109815540364,0.2950928788685955,0.5666304448176557,0
2000-07-05,1446.22998,-0.05317977758763648,0.3378898071792377,0.5665873539026212,0
2000-07-06,1456.670044,-0.04634485931379517,0.3323598629225859,0.5665603490869359,0
2000-07-07,1478.900024,-0.03179129943819192,0.2798294535057244,0.5665333442712506,0
2000-07-10,1475.619995,-0.033938674219690435,0.29002535086257025,0.5665063394555654,0
2000-07-11,1480.880005,-0.030495042219964352,0.28439828346818996,0.5664793346398801,0
2000-07-12,1492.920044,-0.022612649681100216,0.25788914787128847,0.566452329824195,0
2000-07-13,1495.839966,-0.02070103034275217,0.2514285379986041,0.5664253250085097,0
2000-07-14,1509.97998,-0.011443822716345475,0.23815057667760392,0.5663924261848314,0
2000-07-17,1510.48999,-0.0111099285305587,0.2527366761414323,0.566359527361153,0
2000-07-18,1493.73999,-0.02207584608497637,0.31634551265646893,0.5663266285374747,0
2000-07-19,1481.959961,-0.029788014849313593,0.3473329194064778,0.5662937297137964,0
2000-07-20,1495.569946,-0.020877807480545796,0.3127914642147501,0.566260830890118,0
2000-07-21,1480.189941,-0.03094681445466707,0.3152181879276109,0.5662279320664397,0
2000-07-24,1464.290039,-0.04135618845199962,0.35522266423763754,0.5661991487633696,0
2000-07-25,1474.469971,-0.03469157382384569,0.3160611055198317,0.5661785965015161,0
2000-07-26,1452.420044,-0.04912725630521453,0.3193892155027653,0.5661580442396627,0
2000-07-27,1449.619995,-0.05096039699072674,0.3445519472883429,0.566137491977809,0
2000-07-28,1419.890015,-0.07042406920412891,0.40548771902379055,0.5661169397159554,0
2000-07-31,1430.829956,-0.06326189063360987,0.36668146452752753,0.566096387454102,0
2000-08-01,1438.099976,-0.058502341980537276,0.34491180508563934,0.5660758351922484,0
2000-08-02,1438.699951,-0.05810954936055435,0.33155685605806196,0.5660618852339456,0
2000-08-03,1452.560059,-0.04903559105468436,0.2974935029164148,0.5660512364274181,0
2000-08-04,1462.930054,-0.04224654566902919,0.21375141035839051,0.5660405876208906,0
2000-08-07,1479.319946,-0.031516384212443516,0.24972442295969408,0.5660299388143631,0
2000-08-08,1482.800049,-0.02923802465549541,0.23881578831675315,0.5660192900078356,0
2000-08-09,1472.869995,-0.03573904874355005,0.21653765214305365,0.5660086412013081,0
2000-08-10,1460.25,-0.044001127830544884,0.24126696186226226,0.5659979923947807,0
2000-08-11,1471.839966,-0.036413389823708786,0.2226378667302494,0.5659662298331024,0
2000-08-14,1491.560059,-0.023503006898129786,0.2038517564259038,0.5659344672714243,0
2000-08-15,1484.430054,-0.028170890300672213,0.16803787259361083,0.565902704709746,0
2000-08-16,1479.849976,-0.031169383300123088,0.17069691075379845,0.5658709421480679,0
2000-08-17,1496.069946,-0.020550466658025845,0.1457848986139696,0.5658391795863897,0
2000-08-18,1491.719971,-0.02339831544690818,0.13515469811300934,0.5658074170247115,0
2000-08-21,1499.47998,-0.01831797998926399,0.12471967122521196,0.5657686275721358,0
2000-08-22,1498.130005,-0.019201783843026732,0.12271145278094421,0.5657157843377648,0
2000-08-23,1505.969971,-0.01406910200509015,0.12134059436378009,0.5656629411033941,0
2000-08-24,1508.310059,-0.012537089343712227,0.10598366065160807,0.5656100978690233,0
2000-08-25,1506.449951,-0.013754867909103852,0.08274922773431083,0.5655572546346525,0
2000-08-28,1514.089966,-0.008753090320774759,0.06818889357011486,0.5655044114002815,0
2000-08-29,1509.839966,-0.011535487312194115,0.07957009800214612,0.5654515681659107,0
2000-08-30,1502.589966,-0.01628192923873306,0.0893134473616119,0.5654088088468208,0
2000-08-31,1517.680054,-0.006402725603096848,0.08161184215228762,0.5653710914853712,0
2000-09-01,1520.77002,-0.004379781579099684,0.07512346276264445,0.5653333741239217,0
2000-09-05,1507.079956,-0.013342415199320556,0.09974105696934335,0.5652956567624721,0
2000-09-06,1492.25,-0.023051315189269284,0.13250284806839294,0.5652579394010225,0
2000-09-07,1502.51001,-0.01633427496434392,0.10405880191488462,0.565220222039573,0
2000-09-08,1494.5,-0.021578281487929618,0.12966377905535675,0.5651825046781235,0
2000-09-11,1489.26001,-0.02500880676112205,0.157603160705939,0.5651317788099833,0
2000-09-12,1481.98999,-0.029768355414194758,0.17471673549174266,0.5650810529418432,0
2000-09-13,1484.910034,-0.027856656204685915,0.16287243189006748,0.565030327073703,0
2000-09-14,1480.869995,-0.030501595583231178,0.15836117395913663,0.564979601205563,0
2000-09-15,1465.810059,-0.04036105925790623,0.19532480550102183,0.5649288753374229,0
2000-09-18,1444.51001,-0.05430581037665583,0.2675479248329393,0.5648781494692827,0
2000-09-19,1459.900024,-0.04423025069394926,0.24674032199676021,0.5648162595670945,0
2000-09-20,1451.339966,-0.04983436354702586,0.2304758394310341,0.56473204159681,0
2000-09-21,1449.050049,-0.051333530175590725,0.23224838435885692,0.5646478236265258,0
2000-09-22,1448.719971,-0.05154962618362213,0.21343362549442058,0.5645636056562413,0
2000-09-25,1439.030029,-0.05789345335252294,0.2071044191553026,0.564479387685957,0
2000-09-26,1427.209961,-0.06563183491524593,0.23709153523162838,0.5643951697156725,0
2000-09-27,1426.569946,-0.06605084098829606,0.22772661765156366,0.564310951745388,0
2000-09-28,1458.290039,-0.0452842783222388,0.18352102816658067,0.5642633690693871,0
2000-09-29,1436.51001,-0.0595432635369747,0.20751011730257063,0.5642341040405275,0
2000-10-02,1436.22998,-0.05972659403803515,0.21004492871865799,0.564204839011668,0
2000-10-03,1426.459961,-0.06612284614902586,0.2076675211989368,0.5641755739828085,0
2000-10-04,1434.319946,-0.06097705823923716,0.19809310480771944,0.5641463089539489,0
2000-10-05,1436.280029,-0.059693827876382555,0.18683100615007173,0.5641170439250895,0
2000-10-06,1408.98999,-0.07756011550210451,0.25424938727977403,0.56408777889623,0
2000-10-09,1402.030029,-0.08211667421899771,0.2862781043008924,0.5640457862294029,0
2000-10-10,1387.02002,-0.09194345160318085,0.3191019831936582,0.5640037935625758,0
2000-10-11,1364.589966,-0.10662799625423369,0.4047128547643396,0.5639618008957488,0
2000-10-12,1329.780029,-0.12941742307312765,0.4677347701216155,0.5639198082289218,0
2000-10-13,1374.170044,-0.10035609502958365,0.44366805477624105,0.5638778155620947,0
2000-10-16,1374.619995,-0.10006152036871618,0.42295742232605715,0.5638358228952677,0
2000-10-17,1349.969971,-0.11619943863130833,0.4576007020189455,0.5637939713079021,0
2000-10-18,1342.130005,-0.1213321204692448,0.4981514546160037,0.5637524018794595,0
2000-10-19,1388.76001,-0.09080431208762796,0.5077085607485397,0.5637108324510169,0
2000-10-20,1396.930054,-0.08545553424165997,0.5268720379153886,0.5636692630225744,0
2000-10-23,1395.780029,-0.08620843450049687,0.5420083224587972,0.5636276935941317,0
2000-10-24,1398.130005,-0.08466994834701269,0.5024637263762035,0.563586124165689,0
2000-10-25,1364.900024,-0.10642500697273594,0.579284082441357,0.5635445547372464,0
2000-10-26,1364.439941,-0.1067262148680308,0.5946719869421658,0.5637801148317546,0
2000-10-27,1379.579956,-0.09681432494190267,0.5679099941630873,0.564017791118185,1
2000-10-30,1398.660034,-0.0843229480893739,0.5429997070194178,0.564204839011668,0
2000-10-31,1429.400024,-0.06419804086766501,0.5274212469247958,0.5641755739828085,0
2000-11-01,1421.219971,-0.06955337142221829,0.5268106065532226,0.5641463089539489,0
2000-11-02,1428.319946,-0.06490514810947634,0.5162195110647048,0.5641170439250895,0
2000-11-03,1426.689941,-0.06597228246429954,0.5153307601211805,0.56408777889623,0
2000-11-06,1432.189941,-0.062371533416580305,0.5149516602057164,0.5640457862294029,0
2000-11-07,1431.869995,-0.06258099619018431,0.5222797351107608,0.5640037935625758,0
2000-11-08,1409.280029,-0.07737023229245876,0.5218522152588869,0.5639618008957488,0
2000-11-09,1400.140015,-0.08335403169366618,0.5688211343286955,0.5639198082289218,0
2000-11-10,1365.97998,-0.10571797960208529,0.6713721575330842,0.5641365539443292,0
2000-11-13,1351.26001,-0.11535487377662268,0.7206480707541693,0.5643390244021496,1
2000-11-14,1382.949951,-0.09460805107152659,0.6815455343017047,0.5648162595670945,1
2000-11-15,1389.810059,-0.09011686428093557,0.6493307133275986,0.5651148701872699,1
2000-11-16,1372.319946,-0.10156732023170845,0.6532035356008014,0.5653459465777382,1
2000-11-17,1367.719971,-0.10457883943185076,0.6443041311277447,0.5656100978690233,1
2000-11-20,1342.619995,-0.12101133300999178,0.6899358218342122,0.5658603546275085,1
2000-11-21,1347.349976,-0.11791470126790449,0.6915373240611677,0.566012190803484,1
2000-11-22,1322.359985,-0.1342751896853157,0.7464873704795215,0.5660758351922484,1
2000-11-24,1341.77002,-0.12156779604123458,0.6926141594822856,0.5661922980094185,1
2000-11-27,1348.969971,-0.11685412027634812,0.6941667432734164,0.5663704936357126,1
2000-11-28,1336.089966,-0.12528642313786975,0.7200394749612107,0.5665333442712506,1
2000-11-29,1341.930054,-0.12146302471885229,0.7121048360118288,0.5668311464542793,1
2000-11-30,1314.949951,-0.13912640293423706,0.7450601491295499,0.5673151445201664,1
2000-12-01,1315.22998,-0.13894307308785814,0.7371681956419376,0.5678169713757388,1
2000-12-04,1324.969971,-0.13256647975730473,0.7333787175077072,0.5679099941630873,1
2000-12-05,1376.540039,-0.09880450280424735,0.6458273081270015,0.5679642051348694,1
2000-12-06,1351.459961,-0.1152239695270153,0.6538243189879738,0.5684041128573335,1
2000-12-07,1343.550049,-0.12040244372729592,0.6696416626314852,0.568619835609849,1
2000-12-08,1369.890015,-0.10315815145612195,0.6052977182552827,0.5686839358108697,1
2000-12-11,1380.199951,-0.0964084255953862,0.6039043964287489,0.5687615463513078,1
2000-12-12,1371.180054,-0.1023135866014363,0.6220091081545277,0.5688449600899991,1
2000-12-13,1359.98999,-0.10963951610905764,0.5755489008123506,0.5690474790610794,1
2000-12-14,1340.930054,-0.12211770636389208,0.6321232582186809,0.569097395329064,1
2000-12-15,1312.150024,-0.1409594637485886,0.7085164358633854,0.5694026477589059,1
2000-12-18,1322.73999,-0.1340264073867924,0.7124586729911349,0.5695669332156923,1
2000-12-19,1305.599976,-0.14524765994831867,0.7162019538427442,0.5697488758204068,1
2000-12-20,1264.73999,-0.1719979427991042,0.8144266318880252,0.5700976598146092,1
2000-12-21,1274.859985,-0.1653725678247091,0.7733015787441481,0.5701830304912209,1
2000-12-22,1305.949951,-0.14501853773959572,0.7319322981975676,0.570257973570812,1
2000-12-26,1315.189941,-0.1389692858862439,0.7242631430634925,0.5705375716455265,1
2000-12-27,1328.920044,-0.12998043946763727,0.6978945167791539,0.5709654185380724,1
2000-12-28,1334.219971,-0.1265106745406861,0.6662704814064951,0.571335917932969,1
2000-12-29,1320.280029,-0.13563689870100626,0.6782272414041703,0.57155305888024,1
2001-01-02,1283.27002,-0.15986667227606632,0.7553188427101153,0.5716872505383374,1
2001-01-03,1347.560059,-0.1177771637838696,0.6593881520961989,0.5719269944576313,1
2001-01-04,1333.339966,-0.12708679766172937,0.6571205593104772,0.5723057355464621,1
2001-01-05,1298.349976,-0.14999410187485762,0.7098341920910988,0.5724365287603462,1
2001-01-08,1295.859985,-0.15162425327887197,0.7115258235113657,0.572474905482809,1
2001-01-09,1300.800049,-0.1483900840527499,0.6707665135617124,0.5725830950131636,1
2001-01-10,1313.27002,-0.14022622292487052,0.6342767585151354,0.572774827623246,1
2001-01-11,1326.819946,-0.13135533508102215,0.5991872486580729,0.5729082364978986,1
2001-01-12,1318.550049,-0.13676948485329243,0.591861477062046,0.5729480697976982,1
2001-01-16,1326.650024,-0.13146657989551058,0.5703128059275225,0.5732680665409308,0
2001-01-17,1329.469971,-0.1296204123546254,0.5300550768361324,0.5732085064894402,0
2001-01-18,1347.969971,-0.11750880192138802,0.49021691151201463,0.5731489464379496,0
2001-01-19,1342.540039,-0.12106367873560253,0.49489281659912504,0.5730893863864588,0
2001-01-22,1342.900024,-0.12082800316361286,0.46470259850533,0.573029826334968,0
2001-01-23,1360.400024,-0.10937107437541538,0.4242479347531439,0.5729702662834774,0
2001-01-24,1364.300049,-0.10681779959271875,0.4315808304107333,0.5729457266624159,0
2001-01-25,1357.51001,-0.11126311349512363,0.4543490695274815,0.5729386972565689,0
2001-01-26,1354.949951,-0.11293913713264259,0.4545878111200176,0.5729316678507219,0
2001-01-29,1364.170044,-0.10690291147998221,0.4434157689082536,0.572924638444875,0
2001-01-30,1373.72998,-0.10064419685302639,0.43306139601199134,0.5729176090390279,0
2001-01-31,1366.01001,-0.10569831951228481,0.42947025854701676,0.5729105796331809,0
2001-02-01,1373.469971,-0.10081441997287155,0.41294820343834526,0.572903550227334,0
2001-02-02,1349.469971,-0.11652677945382817,0.43784800836046667,0.5728778057065164,0
2001-02-05,1354.310059,-0.1133580626798506,0.44666459585074125,0.5728520611856988,0
2001-02-06,1352.26001,-0.11470019213158289,0.4439100718277406,0.5728263166648812,0
2001-02-07,1340.890015,-0.12214391916227785,0.4473134437354741,0.5728005721440637,0
2001-02-08,1332.530029,-0.12761704854926803,0.4626510402697035,0.572774827623246,0
2001-02-09,1314.76001,-0.1392507538205776,0.501611486595275,0.5727490831024284,0
2001-02-12,1330.310059,-0.12907042216080722,0.4811543478628098,0.5727195179989345,0
2001-02-13,1318.800049,-0.13660581444203246,0.49096401436747583,0.5726823117300879,0
2001-02-14,1315.920044,-0.13849130085315542,0.48243294726717256,0.5726451054612414,0
2001-02-15,1326.609985,-0.13149279269389635,0.438320451761776,0.5726078991923946,0
2001-02-16,1301.530029,-0.14791217954550362,0.5170977900577788,0.572570692923548,0
2001-02-20,1278.939941,-0.16270149551893875,0.572860842241774,0.5725334866547014,0
2001-02-21,1255.27002,-0.17819775833718243,0.6224881036554124,0.5727383661962113,0
2001-02-22,1252.819946,-0.1798017768139717,0.6282621321767659,0.5728479500264516,1
2001-02-23,1245.859985,-0.184358335530865,0.6341003730074083,0.572892873230944,1
2001-02-26,1267.650024,-0.17009279695286228,0.5966907214227996,0.5729316678507219,1
2001-02-27,1257.939941,-0.1764498100647759,0.5999540577920166,0.5731290930874525,1
2001-02-28,1239.939941,-0.18823407967549333,0.6353914776211738,0.5734254465688925,1
2001-03-01,1241.22998,-0.1873895148208078,0.6065340844516358,0.5736527891278687,1
2001-03-02,1234.180054,-0.19200497197189714,0.5239244848847949,0.5739101715741859,0
2001-03-05,1241.410034,-0.18727163677189185,0.5348053292056352,0.5738647511424828,0
2001-03-06,1253.800049,-0.17916012136962334,0.5365794472308495,0.5738193307107797,0
2001-03-07,1261.890015,-0.17386376912042678,0.49166562347361253,0.5737739102790766,0
2001-03-08,1264.73999,-0.1719979427991042,0.48840811336950685,0.5737284898473737,0
2001-03-09,1233.420044,-0.1925025365689439,0.5576168004964891,0.5736830694156707,0
2001-03-12,1180.160034,-0.2273708875305832,0.7761387158303504,0.5736376489839676,0
2001-03-13,1197.660034,-0.21591395874238561,0.7502739991681113,0.5738950314302849,0
2001-03-14,1166.709961,-0.2361764034481294,0.8158455465716175,0.5740662840395482,1
2001-03-15,1173.560059,-0.2316917700208052,0.8123555208503629,0.5741525209685837,1
2001-03-16,1150.530029,-0.24676910794652251,0.819707585620483,0.5742965455019435,1
2001-03-19,1170.810059,-0.23349214454466483,0.804529197792222,0.5747291217988098,1
2001-03-20,1142.619995,-0.2519476620179637,0.8216931216931215,0.5753277079801309,1
2001-03-21,1122.140015,-0.2653555290147471,0.7672619047619047,0.5753932062168404,1
2001-03-22,1117.579956,-0.2683409159423459,0.7731481481481479,0.5754529807371359,1
2001-03-23,1139.829956,-0.2537742493402091,0.8059656084656082,0.5755266788676732,1
2001-03-26,1152.689941,-0.24357227544104054,0.8238078945504125,0.5761828423595841,1
2001-03-27,1182.170044,-0.22265034919612625,0.7881592550141873,0.576615068459167,1
2001-03-28,1153.290039,-0.2416407321075411,0.8179450690052396,0.5766489071486431,1
2001-03-29,1147.949951,-0.2451521690307913,0.8212196398739864,0.5767324916778892,1
2001-03-30,1160.329956,-0.23701155287109088,0.8131175671490125,0.5769138295786687,1
2001-04-02,1145.869995,-0.24651986827041739,0.8454402440409028,0.5770552131673088,1
2001-04-03,1106.459961,-0.27243439412357695,0.8617724867724865,0.5771255779377199,1
2001-04-04,1103.25,-0.27454514128309815,0.837738095238095,0.5772166638745114,1
2001-04-05,1151.439941,-0.24285728554801456,0.8539684251972998,0.5773006841736809,1
2001-04-06,1128.430054,-0.25798770415003314,0.865753968253968,0.5773395002856668,1
2001-04-09,1137.589966,-0.25196449756420103,0.7998809523809521,0.5773458720285599,1
2001-04-10,1168.380005,-0.23171814959897752,0.772188763645757,0.5773825392674784,1
2001-04-11,1165.890015,-0.23335547146043822,0.7601323858583457,0.5774608329386087,1
2001-04-12,1183.5,-0.2217758211724873,0.7309061176821168,0.5777533764897904,1
2001-04-16,1179.680054,-0.22428767105758696,0.7256266867505857,0.5779185793478608,1
2001-04-17,1191.810059,-0.21631144530321555,0.7164123587024828,0.577999148320402,1
2001-04-18,1238.160034,-0.18583348059425842,0.7327356264485596,0.5781240695265317,1
2001-04-19,1253.689941,-0.17562160976845131,0.7271348206110303,0.5781614390119217,1
2001-04-20,1242.97998,-0.18266406908784272,0.77063868184721,0.5782126638699523,1
2001-04-23,1224.359985,-0.19490786318893893,0.8291672136045043,0.5782213518263308,1
2001-04-24,1209.469971,-0.20469896493619721,0.8324641547488333,0.5782254035340393,1
2001-04-25,1228.75,-0.19202115780793727,0.8281370295811646,0.5782358395266008,1
2001-04-26,1234.52002,-0.1882270141017115,0.8090337925834292,0.57843414416177,1
2001-04-27,1253.050049,-0.17604237818943858,0.7540021765786488,0.5788866574321131,1
2001-04-30,1249.459961,-0.1784030822753857,0.7639117410585049,0.5789634284484949,1
2001-05-01,1266.439941,-0.16723769909667197,0.7123651330959003,0.5792359843424276,1
2001-05-02,1267.430054,-0.166586638787106,0.6979066120471724,0.579418975298259,1
2001-05-03,1248.579956,-0.1789817397899519,0.7652278231976775,0.5795632867255716,1
2001-05-04,1266.609985,-0.167125884688337,0.7140960351709777,0.5797263283140056,1
2001-05-07,1263.51001,-0.16916430927537618,0.7376664832997635,0.5798890278580693,1
2001-05-08,1261.199951,-0.17068331541675175,0.7427168038969273,0.5800448584559582,1
2001-05-09,1255.540039,-0.17440505632797787,0.7534130517205573,0.5807498577531444,1
2001-05-10,1255.180054,-0.17464176864822734,0.7347420800498302,0.5808936591285788,1
2001-05-11,1245.670044,-0.18089518624255885,0.7487144351312821,0.5811100356216394,1
2001-05-14,1248.920044,-0.17875811097328176,0.756546770204975,0.5812523616636822,1
2001-05-15,1249.439941,-0.17841624665904443,0.7379751573665145,0.581342610847677,1
2001-05-16,1284.98999,-0.15503989880074032,0.5531245981376078,0.5814723480270991,0
2001-05-17,1288.48999,-0.15273843312613433,0.5238681303333717,0.5814456048582666,0
2001-05-18,1291.959961,-0.15045671336945476,0.5007861512814409,0.5814222166808128,0
2001-05-21,1312.829956,-0.13673340562039737,0.471355219019609,0.5814005059990486,0
2001-05-22,1309.380005,-0.13900196099341833,0.48645843784818654,0.5813787953172842,0
2001-05-23,1289.050049,-0.1523701598220617,0.5497357261780084,0.5813570846355198,0
2001-05-24,1293.170044,-0.14966100923004777,0.5240905655734116,0.5813353739537556,0
2001-05-25,1277.890015,-0.1597085698730436,0.5569148341122024,0.5813136632719913,0
2001-05-29,1267.930054,-0.166257857976448,0.6112686888309967,0.5812919525902269,0
2001-05-30,1248.079956,-0.17931052060060992,0.6863101908582979,0.5814149797868914,0
2001-05-31,1255.819946,-0.17422100022724007,0.638218639426127,0.5815614919232075,1
2001-06-01,1260.670044,-0.17103176192281855,0.6081349397042075,0.5823006014480656,1
2001-06-04,1267.109985,-0.166797103877679,0.5632120802087701,0.5829641836637373,0
2001-06-05,1283.569946,-0.15597366523572043,0.5188218374363036,0.5829257019925675,0
2001-06-06,1270.030029,-0.16487699501072484,0.5349158860763616,0.5828872203213978,0
2001-06-07,1276.959961,-0.16032013768919506,0.4957571811000498,0.5827992364932972,0
2001-06-08,1264.959961,-0.16821087714498728,0.5153583435792756,0.5826122483513353,0
2001-06-11,1254.390015,-0.17516126797397014,0.5548760612513036,0.5824252602093739,0
2001-06-12,1255.849976,-0.17420125365175199,0.5718986472392451,0.582238272067412,0
2001-06-13,1241.599976,-0.18357150675550538,0.5989366017573999,0.5820512839254501,0
2001-06-14,1219.869995,-0.1978603082930317,0.6189270789463469,0.5829128747688443,0
2001-06-15,1214.359985,-0.2014834794020991,0.622534143536487,0.5831333400686888,1
2001-06-18,1208.430054,-0.2053827744447514,0.6301762605506328,0.5833922453133269,1
2001-06-19,1212.579956,-0.20265395815732867,0.5835418926459371,0.5835338455295074,1
2001-06-20,1223.140015,-0.19571006864009588,0.5481192781353107,0.5835592925312062,0
2001-06-21,1237.040039,-0.18656994632232426,0.501899808602662,0.5835549425598889,0
2001-06-22,1225.349976,-0.1942568831018907,0.5061241327381417,0.5835505925885717,0
2001-06-25,1218.599976,-0.1986954240457739,0.5003260432464629,0.5835462426172544,0
2001-06-26,1216.76001,-0.19990531507190024,0.5110107167106188,0.5835418926459371,0
2001-06-27,1211.069946,-0.20364688278113208,0.46400588896698797,0.5835240144621274,0
2001-06-28,1226.199951,-0.1936979721628126,0.455453439611248,0.5835061362783177,0
2001-06-29,1224.380005,-0.1948946988052802,0.4430403052330028,0.583488258094508,0
2001-07-02,1236.719971,-0.18678041075533558,0.3943084505783602,0.5834703799106984,0
2001-07-03,1234.449951,-0.18827308878695537,0.3718933150099548,0.5834525017268887,0
2001-07-05,1219.23999,-0.1982745754022689,0.4374400724933046,0.583434623543079,0
2001-07-06,1190.589966,-0.2171137316344518,0.5304703403952045,0.5834074750335996,0
2001-07-09,1198.780029,-0.21172826052949145,0.5420765581380351,0.5833617858727811,0
2001-07-10,1181.52002,-0.22307778003146062,0.5563309021753188,0.5833160967119627,0
2001-07-11,1180.180054,-0.22395889024692905,0.5618194513650978,0.5832704075511442,0
2001-07-12,1208.140015,-0.20557349295983618,0.593434223297835,0.5832247183903257,0
2001-07-13,1215.680054,-0.2006154526902102,0.5246671146568236,0.5834465423322854,0
2001-07-16,1202.449951,-0.20931506066906813,0.5731092897340985,0.5834286641484757,0
2001-07-17,1214.439941,-0.20143090340510517,0.5431985655676076,0.5833922453133269,0
2001-07-18,1207.709961,-0.20585627996532962,0.5653344142652738,0.5833465561525084,0
2001-07-19,1215.02002,-0.20104946571737392,0.5487990414005312,0.5833008669916898,0
2001-07-20,1210.849976,-0.203791526610973,0.5448540647374003,0.5832551778308713,0
2001-07-23,1191.030029,-0.21682436309469066,0.5858109288353218,0.5832094886700528,0
2001-07-24,1171.650024,-0.22956791060360326,0.6207063604491914,0.5834405829376822,0
2001-07-25,1190.48999,-0.21717947201510446,0.5677449960477549,0.5835418926459371,0
2001-07-26,1202.930054,-0.20899936336198943,0.5441854794206306,0.5835240144621274,0
2001-07-27,1205.819946,-0.20709908129304122,0.5255956171283689,0.5835061362783177,0
2001-07-30,1204.52002,-0.2079538627411921,0.5247033654481605,0.583488258094508,0
2001-07-31,1211.22998,-0.20354165056462636,0.514831991259562,0.5834703799106984,0
2001-08-01,1215.930054,-0.2004510622848812,0.49888783558841815,0.5834525017268887,0
2001-08-02,1220.75,-0.1972816507784655,0.47259776929394687,0.583434623543079,0
2001-08-03,1214.349976,-0.2014900609363669,0.4687854276209947,0.5834074750335996,0
2001-08-06,1200.47998,-0.21061043799377366,0.5198092451692479,0.5833617858727811,0
2001-08-07,1204.400024,-0.20803276750550348,0.5133694797367627,0.5833160967119627,0
2001-08-08,1183.530029,-0.22175607525456076,0.5933956500938325,0.5832704075511442,0
2001-08-09,1183.430054,-0.22182181497765197,0.5302337970208013,0.5834644205160952,0
2001-08-10,1190.160034,-0.2173964384174275,0.47546567319085997,0.5834465423322854,0
2001-08-13,1191.290039,-0.2166533904975323,0.46396555007852014,0.5834286641484757,0
2001-08-14,1186.72998,-0.21965191028686892,0.5033574246193748,0.5833922453133269,0
2001-08-15,1178.02002,-0.2253792457060667,0.499502713894899,0.5833465561525084,0
2001-08-16,1181.660034,-0.22298571219861363,0.48489766945315105,0.5833008669916898,0
2001-08-17,1161.969971,-0.2359331419487083,0.5819689766876561,0.5832551778308713,0
2001-08-20,1171.410034,-0.2297257188171029,0.5520994340090948,0.5832094886700528,0
2001-08-21,1157.26001,-0.23903023154020353,0.5826563836683498,0.5831637995092345,0
2001-08-22,1165.310059,-0.23373682826809017,0.5481429240804383,0.583118110348416,0
2001-08-23,1162.089966,-0.23585423784195847,0.5450092123944771,0.5830796286772463,0
2001-08-24,1184.930054,-0.22083547254567792,0.49873272578497213,0.5830411470060766,0
2001-08-27,1179.209961,-0.2245967861728363,0.5165399529312129,0.5830026653349069,0
2001-08-28,1161.51001,-0.23623559464961041,0.524117634214453,0.5829641836637373,0
2001-08-29,1148.560059,-0.24475098542513352,0.563568907377885,0.5829257019925675,0
2001-08-30,1129.030029,-0.257593183616284,0.6131349206349206,0.5828872203213978,0
2001-08-31,1133.579956,-0.2546013262412945,0.5845105820105818,0.5831052831246927,0
2001-09-04,1132.939941,-0.24825492072299837,0.5923900318517249,0.5833617858727811,1
2001-09-05,1131.73999,-0.24676708809414183,0.5814776485701129,0.5835001768837145,0
2001-09-06,1106.400024,-0.2636321777317143,0.6344179894179893,0.5834822986999049,0
2001-09-07,1085.780029,-0.2734827507527601,0.6617460317460315,0.5835520425790107,0
2001-09-10,1092.540039,-0.26638731204499344,0.6583465608465607,0.5836872644022282,1
2001-09-17,1038.77002,-0.3004491880213128,0.869854497354497,0.5841706436831814,1
2001-09-18,1032.73999,-0.3045100603044345,0.8611243386243385,0.5844747990287502,1
2001-09-19,1016.099976,-0.3138493051849566,0.8621031746031743,0.5845927897022963,1
2001-09-20,984.539978,-0.32833045321597154,0.8882936507936506,0.5848972526963214,1
2001-09-21,965.7999878,-0.33844785812538625,0.9011507936507934,0.58512213940575,1
2001-09-24,1003.450012,-0.3126584043401591,0.9108465608465606,0.5852115263512863,1
2001-09-25,1012.27002,-0.30585137871877077,0.8996825396825394,0.5853147115678963,1
2001-09-26,1007.039978,-0.3094377997050832,0.8906084656084654,0.5853668584367646,1
2001-09-27,1018.609985,-0.3015038450797509,0.8733333333333331,0.5855974648741229,1
2001-09-28,1040.939941,-0.28619142066292336,0.8605423280423279,0.5856636702605543,1
2001-10-01,1038.550049,-0.28783025240152516,0.8751587301587299,0.5857484090129363,1
2001-10-02,1051.329956,-0.2790666274310333,0.8698412698412696,0.5858096488988905,1
2001-10-03,1072.280029,-0.26470043659126985,0.8685582010582007,0.5858412005820117,1
2001-10-04,1069.630005,-0.25539676190630933,0.8735978835978833,0.5859501401260223,1
2001-10-05,1071.380005,-0.2540591086920976,0.8822883597883595,0.5861041967095181,1
2001-10-08,1062.439941,-0.2602835661930658,0.8796957671957669,0.5862385247881706,1
2001-10-09,1056.75,-0.2642451481165864,0.8954497354497353,0.5862783396407059,1
2001-10-10,1080.98999,-0.2473682233452541,0.8909027145751512,0.586549754007767,1
2001-10-11,1097.430054,-0.2337398674691572,0.8720090049841525,0.5868957299028336,1
2001-10-12,1091.650024,-0.23777566595826272,0.89025143407055,0.587066496595888,1
2001-10-15,1089.97998,-0.23894174313293826,0.8930660705955046,0.5871748087034206,1
2001-10-16,1097.540039,-0.2336630724876737,0.8689274330169543,0.5873979244449578,1
2001-10-17,1077.089966,-0.24794195576604738,0.8958636802525899,0.5874645031367318,1
2001-10-18,1068.609985,-0.25386294484524663,0.9097222222222219,0.5874875507868004,1
2001-10-19,1073.47998,-0.250462561376138,0.8747089947089943,0.5877221912289021,1
2001-10-22,1089.900024,-0.23899757092345064,0.8046277729388285,0.5880194464218922,1
2001-10-23,1084.780029,-0.24257251224472887,0.8077669088735686,0.5880761771537232,1
2001-10-24,1085.199951,-0.24227930951513366,0.8060790867620755,0.5881557080445303,1
2001-10-25,1100.089966,-0.23188263336643566,0.7586956679762306,0.5888565889289856,1
2001-10-26,1104.609985,-0.2287266141328108,0.7087973337847696,0.5890813838644525,1
2001-10-29,1078.300049,-0.24709703780833925,0.8482492496028111,0.58925598459562,1
2001-10-30,1059.790039,-0.26002130816529734,0.8833994708994706,0.5896316883304273,1
2001-10-31,1059.780029,-0.2600282974616982,0.8964550264550263,0.5900557939049498,1
2001-11-01,1084.099976,-0.24304734660889515,0.8885615778354359,0.5901298043034542,1
2001-11-02,1087.199951,-0.24088284669777615,0.8805408975188126,0.5902067815978371,1
2001-11-05,1102.839966,-0.229962496992569,0.8566957371318232,0.5903818986774253,1
2001-11-06,1118.859985,-0.21877681655913828,0.8277305925693783,0.5905084568400788,1
2001-11-07,1115.800049,-0.2209133599828852,0.8208367727202027,0.5906545650148269,1
2001-11-08,1118.540039,-0.21900021290541938,0.7965171867034342,0.5908184560313128,1
2001-11-09,1120.310059,-0.21776432934742984,0.7935261899259104,0.5909676989813503,1
2001-11-12,1118.329956,-0.21897242074689882,0.7828198149491885,0.5911067423441319,1
2001-11-13,1139.089966,-0.19172205483655513,0.7303971536345537,0.5912736197815905,1
2001-11-14,1141.209961,-0.18493154343567553,0.7282273759323342,0.5914711466731822,1
2001-11-15,1142.23999,-0.17813230476841724,0.6669069138702487,0.5915988142399381,1
2001-11-16,1138.650024,-0.18071536709175584,0.6470568532085196,0.5916566957545537,1
2001-11-19,1151.060059,-0.17178606418476072,0.56589195427039,0.591708599611102,0
2001-11-20,1142.660034,-0.177830073541006,0.5958431781962971,0.5916901654858073,0
2001-11-21,1137.030029,-0.17618456066732613,0.6070167108960294,0.5917946255291442,0
2001-11-23,1150.339966,-0.16654107604732127,0.5825344764419705,0.5918514493321106,0
2001-11-26,1157.420044,-0.16141132800257585,0.5647121121216093,0.5918414216021755,0
2001-11-27,1149.5,-0.16714965888301214,0.587166892246916,0.5918313938722402,0
2001-11-28,1128.52002,-0.18235034048338417,0.6556722604319126,0.5918213661423048,0
2001-11-29,1140.199951,-0.17388784851507355,0.6107950478477178,0.5919217440136526,0
2001-11-30,1139.449951,-0.1744312480416832,0.5930873389198609,0.5921031039248865,1
2001-12-03,1129.900024,-0.1813504824562916,0.6580174043443751,0.5921078559044028,1
2001-12-04,1144.800049,-0.17055492708099662,0.5972188225501059,0.5921709278050598,1
2001-12-05,1170.349976,-0.15204316943204998,0.5610232318898885,0.592314514445993,0
2001-12-06,1167.099976,-0.15439790071402493,0.5616266872060361,0.5922850017041883,0
2001-12-07,1158.310059,-0.16076648302967522,0.5695070812229117,0.5922554889623834,0
2001-12-10,1139.930054,-0.1740833977177848,0.632775738637003,0.5922259762205786,0
2001-12-11,1136.76001,-0.17638019826302698,0.6457832220426164,0.5923837102272802,0
2001-12-12,1137.069946,-0.17615563949545454,0.6399846509924288,0.5923893664175728,1
2001-12-13,1119.380005,-0.18897258024899033,0.6845316465633384,0.5926566571289353,1
2001-12-14,1123.089966,-0.1862845921808035,0.6531579127333662,0.5928963104781751,1
2001-12-17,1134.359985,-0.17424821361181908,0.6184100256463521,0.5930375586377737,1
2001-12-18,1142.920044,-0.1680169606548152,0.5735118871773125,0.5931492514245453,0
2001-12-19,1149.560059,-0.16318339430868367,0.554034358884706,0.5931182951722032,0
2001-12-20,1139.930054,-0.17019350920768295,0.5840602533772618,0.5930873389198609,0
2001-12-21,1144.890015,-0.16658292992921364,0.5458518968674372,0.5930737624792917,0
2001-12-24,1144.650024,-0.16675763020036882,0.548707039838326,0.5930601860387225,0
2001-12-26,1149.369995,-0.16332175046510966,0.5109861005581314,0.5930466095981533,0
2001-12-27,1157.130005,-0.1576728892529521,0.46944556234163765,0.593033033157584,0
2001-12-28,1161.02002,-0.15484117191647817,0.445068665559033,0.5930194567170148,0
2001-12-31,1148.079956,-0.16426082802677133,0.49827701479614667,0.5930058802764456,0
2002-01-02,1154.670044,-0.159463605795369,0.47154151213962786,0.5929842644613297,0
2002-01-03,1165.27002,-0.15174740526518915,0.43250693922827976,0.5929465698971206,0
2002-01-04,1172.51001,-0.14647709006103227,0.4009180107187413,0.5929088753329116,0
2002-01-07,1164.890015,-0.1520240280407945,0.441106082326202,0.5928711807687025,0
2002-01-08,1160.709961,-0.15506687784450923,0.4444268142599718,0.5928334862044934,0
2002-01-09,1155.140015,-0.15912149271139886,0.4564352092430965,0.5927957916402843,0
2002-01-10,1156.550049,-0.15809506537813212,0.47735958109926113,0.5927580970760752,0
2002-01-11,1145.599976,-0.16606611730203347,0.5170306635137628,0.5927099821843775,0
2002-01-14,1138.410034,-0.17130000031010462,0.49500444481656986,0.5926566571289353,0
2002-01-15,1146.189941,-0.1656366551744033,0.46033806028335794,0.5926033320734932,0
2002-01-16,1127.569946,-0.17919098919279608,0.5121323616345298,0.5925500070180512,0
2002-01-17,1138.880005,-0.17095788722613459,0.4717103112322079,0.592496681962609,0
2002-01-18,1127.579956,-0.179183702462401,0.4863431942776324,0.592443356907167,0
2002-01-22,1119.310059,-0.1852037334149177,0.5241360144894355,0.5923900318517249,0
2002-01-23,1128.180054,-0.17874686406712925,0.5026179300022481,0.5923890337004968,0
2002-01-24,1132.150024,-0.17585694388063078,0.46930875593718013,0.5923880355492687,0
2002-01-25,1133.280029,-0.17503436228420965,0.47172112892094564,0.5923870373980406,0
2002-01-28,1133.060059,-0.17519448836662943,0.44229687810344726,0.5923860392468124,0
2002-01-29,1100.640015,-0.19879450035734103,0.527958162333571,0.5923850410955844,0
2002-01-30,1113.569946,-0.18938222051468945,0.48586977572873835,0.5923840429443563,0
2002-01-31,1130.199951,-0.17727648995474354,0.45170004191394614,0.5923735399296026,0
2002-02-01,1122.199951,-0.18310005071011115,0.43319889683096924,0.5923440271877978,0
2002-02-04,1094.439941,-0.20330781381068785,0.5119323395357883,0.592314514445993,0
2002-02-05,1090.02002,-0.20637506242209647,0.5345416092980501,0.5922850017041883,0
2002-02-06,1083.51001,-0.21111488938406509,0.5546870736100843,0.5922554889623834,0
2002-02-07,1080.170044,-0.20242042298823382,0.5280896927710657,0.5922259762205786,0
2002-02-08,1096.219971,-0.1905694241026087,0.4915801343199557,0.5921964634787739,0
2002-02-11,1111.939941,-0.17771735259700527,0.48666029401587707,0.592178776851616,0
2002-02-12,1107.5,-0.17405604664749474,0.4554545575642952,0.5921670032817816,0
2002-02-13,1118.51001,-0.16061177935375448,0.43235053734090734,0.5921552297119472,0
2002-02-14,1116.47998,-0.16073702333780504,0.426984957105895,0.5921434561421128,0
2002-02-15,1104.180054,-0.16998293252776198,0.4636752862290814,0.5921316825722784,0
2002-02-19,1083.339966,-0.18337719582293066,0.5887034286383103,0.592119909002444,0
2002-02-20,1097.97998,-0.17234153789367113,0.52907175023431,0.5921081354326097,0
2002-02-21,1080.949951,-0.18517879164010664,0.5351246028781808,0.5921072968479891,0
2002-02-22,1089.839966,-0.16985443467440198,0.4913517766357373,0.5921064582633686,0
2002-02-25,1109.430054,-0.1549324046655134,0.4519638591435895,0.5921056196787481,0
2002-02-26,1109.380005,-0.15497052765301167,0.43384823106721176,0.5921047810941276,0
2002-02-27,1109.890015,-0.154582046267689,0.4283952809180521,0.592103942509507,0
2002-02-28,1106.72998,-0.15698908686388935,0.44645568730545016,0.5921031039248865,0
2002-03-01,1131.780029,-0.13790813210237263,0.4301458431789317,0.5920904914781514,0
2002-03-04,1153.839966,-0.1211047853329148,0.47344743552119073,0.5920543313071873,0
2002-03-05,1146.140015,-0.12696994019536223,0.46244329331379963,0.5920181711362235,0
2002-03-06,1162.77002,-0.11430264469071894,0.44015259161828063,0.5919820109652594,0
2002-03-07,1157.540039,-0.11828639062529134,0.42612356293024367,0.5919458507942953,0
2002-03-08,1164.310059,-0.11312957654662181,0.4194591955596497,0.5919096906233313,0
2002-03-11,1168.26001,-0.11012084645027709,0.43546512156043826,0.5918735304523672,0
2002-03-12,1165.579956,-0.11216227914896848,0.4274121952962224,0.5918547919087558,0
2002-03-13,1154.089966,-0.12091435701517461,0.4653088686298496,0.5918447641788205,0
2002-03-14,1153.040039,-0.12171410034461472,0.45998549184210896,0.5918347364488853,0
2002-03-15,1166.160034,-0.11172042603817611,0.43749043717173713,0.59182470871895,0
2002-03-18,1165.550049,-0.11218505970776316,0.4359977330249771,0.5918146809890147,0
2002-03-19,1170.290039,-0.10857454642054198,0.3503820482972429,0.5918046532590795,0
2002-03-20,1151.849976,-0.12262058712499402,0.45329549820078635,0.5917946255291442,0
2002-03-21,1153.589966,-0.12129521365065499,0.4798928807194102,0.5917761914038494,0
2002-03-22,1148.699951,-0.12502000297135207,0.5035954321370509,0.5917577572785546,0
2002-03-25,1131.869995,-0.1378396038062374,0.5531588473188075,0.5917393231532599,0
2002-03-26,1138.48999,-0.13279706576104366,0.5559305529873263,0.5917208890279653,0
2002-03-27,1144.579956,-0.12815825783914392,0.49135604697311014,0.5917024549026705,0
2002-03-28,1147.390015,-0.1260177986066614,0.47690918901582424,0.5916840207773757,0
2002-04-01,1146.540039,-0.1266652366058595,0.46661468604343337,0.5916703644872435,0
2002-04-02,1136.76001,-0.1341148144855403,0.4344033858482567,0.5916662638674366,0
2002-04-03,1125.400024,-0.14276786657966845,0.4538875774617396,0.5916621632476297,0
2002-04-04,1126.339966,-0.14205190028433512,0.44625593113485285,0.5916580626278227,0
2002-04-05,1122.72998,-0.14480167452851755,0.44865618932840085,0.5916539620080158,0
2002-04-08,1125.290039,-0.14285164361377511,0.4251653585799162,0.5916498613882089,0
2002-04-09,1117.800049,-0.14855686839613835,0.41949840080552464,0.5916457607684019,0
2002-04-10,1130.469971,-0.13890602066670088,0.395218970831787,0.5916329989813341,0
2002-04-11,1103.689941,-0.1593047249144275,0.46972387095551393,0.5916159066106361,0
2002-04-12,1111.01001,-0.1537289312127793,0.43517577565639326,0.5915988142399381,0
2002-04-15,1102.550049,-0.16017299577828958,0.4372075949339474,0.59158172186924,0
2002-04-16,1128.369995,-0.1405056002545999,0.4522971964959959,0.5915646294985419,0
2002-04-17,1126.069946,-0.14225757810175987,0.4383016863147043,0.5915475371278438,0
2002-04-18,1124.469971,-0.14347630029246528,0.39087526405466194,0.5915304447571458,0
2002-04-19,1125.170044,-0.14294304539772407,0.3718491147947291,0.5914948659067676,0
2002-04-22,1107.829956,-0.15615122054695096,0.4237835810584575,0.5914592870563895,0
2002-04-23,1100.959961,-0.16138418690988499,0.4060552041860418,0.5914237082060113,0
2002-04-24,1093.140015,-0.16734074355628137,0.4330575695162147,0.5913881293556332,0
2002-04-25,1091.47998,-0.16860521424604058,0.4211357809047724,0.591352550505255,0
2002-04-26,1076.319946,-0.18015281333205646,0.49987385218894376,0.591316971654877,0
2002-04-29,1065.449951,-0.18843263277883338,0.5199815931970337,0.591283436101441,0
2002-04-30,1076.920044,-0.17969571072157964,0.46142850365954624,0.5912539871418895,0
2002-05-01,1086.459961,-0.17242902933881565,0.41186192515366865,0.591224538182338,0
2002-05-02,1084.560059,-0.1738762099057406,0.396468912204349,0.5911950892227864,0
2002-05-03,1073.430054,-0.18235408242009987,0.400584158163379,0.5911656402632349,0
2002-05-06,1052.670044,-0.1981672575423774,0.47366049741064115,0.5911361913036834,0
2002-05-07,1049.48999,-0.20058954687654917,0.46299581604021867,0.5911067423441319,0
2002-05-08,1088.849976,-0.17060852319552045,0.5233677939721905,0.591080772643915,0
2002-05-09,1073.01001,-0.1826740355092873,0.5594998479021499,0.5910565425733655,0
2002-05-10,1054.98999,-0.19640012388626515,0.6369235349069042,0.5910323125028158,0
2002-05-13,1074.560059,-0.18149334261534789,0.5753978312442375,0.5911852729029359,0
2002-05-14,1097.280029,-0.16418723995051798,0.514101407517341,0.5911558239433844,0
2002-05-15,1091.069946,-0.1689175425853856,0.5259417918432033,0.5911263749838329,0
2002-05-16,1098.22998,-0.1634636496670555,0.5069897129337998,0.5910969260242814,0
2002-05-17,1106.589966,-0.15709573738580962,0.4822847261328127,0.5910726959537318,0
2002-05-20,1091.880005,-0.16830050989482448,0.5265373314505088,0.5910484658831823,0
2002-05-21,1079.880005,-0.17744106914635338,0.5778631454094864,0.5910242358126326,0
2002-05-22,1086.02002,-0.17276413823695547,0.5612719923393729,0.5910000057420831,0
2002-05-23,1097.079956,-0.16433963820977893,0.5338213224654912,0.5909757756715335,0
2002-05-24,1083.819946,-0.17443996379985094,0.5428729301047945,0.590951545600984,0
2002-05-28,1074.550049,-0.17934438826259613,0.568943424645274,0.5909263971291325,0
2002-05-29,1067.660034,-0.17438542676294777,0.564103781956807,0.5908994118546775,0
2002-05-30,1064.660034,-0.17670530728749234,0.5846654163640383,0.5908724265802228,0
2002-05-31,1067.140015,-0.16861561122902768,0.5799974636335633,0.5908454413057678,0
2002-06-03,1040.680054,-0.18922996191747865,0.6600124622374822,0.5908184560313128,0
2002-06-04,1040.689941,-0.1892222591818148,0.6575958115472782,0.5909676989813503,0
2002-06-05,1049.900024,-0.18204689407709151,0.6086546855909224,0.5911067423441319,1
2002-06-06,1029.150024,-0.1982127446913594,0.586122489396827,0.5912736197815905,0
2002-06-07,1027.530029,-0.19947484575959373,0.5827296032713007,0.591244170822039,0
2002-06-10,1030.73999,-0.19697403853050333,0.5686042959720536,0.5912147218624875,0
2002-06-11,1013.599976,-0.2062398141236631,0.584352856313475,0.5911852729029359,0
2002-06-12,1020.26001,-0.20102427549801627,0.5470360089044978,0.5911558239433844,0
2002-06-13,1009.559998,-0.20190359448064776,0.5651017736942374,0.5911263749838329,0
2002-06-14,1007.27002,-0.19793762053629238,0.5699854621038681,0.5910969260242814,0
2002-06-17,1036.170044,-0.1749252985612989,0.5514844323476327,0.5910726959537318,0
2002-06-18,1037.140015,-0.16467458517412215,0.5277946873941316,0.5910484658831823,0
2002-06-19,1019.98999,-0.17545919465586512,0.5899822505182549,0.5910242358126326,0
2002-06-20,1006.289978,-0.18653402778016304,0.6024519444473067,0.5910000057420831,0
2002-06-21,989.1400146,-0.20039773700485697,0.6229243743529183,0.591146007623534,0
2002-06-24,992.7199707,-0.19750376753973442,0.6178643094074696,0.591316971654877,1
2002-06-25,976.1400146,-0.21090669353831648,0.6423605190184664,0.591518585140353,1
2002-06-26,973.5300293,-0.21301655677452158,0.641373836383394,0.5916216040675355,1
2002-06-27,990.6400146,-0.19897791106342533,0.6417893662919832,0.5916621632476297,1
2002-06-28,989.8200073,-0.19964096116306662,0.6367120105385369,0.5917331784448283,1
2002-07-01,968.6500244,-0.21675880788376145,0.6908909927409369,0.5918180235656598,1
2002-07-02,948.0900269,-0.2333834262145994,0.7503511167485244,0.5919096906233313,1
2002-07-03,953.9899902,-0.2286127720339045,0.7239385010438598,0.5921028243966796,1
2002-07-05,989.0300293,-0.200279729856485,0.7600446705367765,0.5921075763761959,1
2002-07-08,976.9799805,-0.2100232846486474,0.7905200050704402,0.5921670032817816,1
2002-07-09,952.8300171,-0.2281339423051264,0.8204538524592733,0.5923046768653915,1
2002-07-10,920.4699707,-0.24597995437231213,0.8734299135007425,0.5923863719638885,1
2002-07-11,927.3699951,-0.24032767143149703,0.8575598723844629,0.592496681962609,1
2002-07-12,921.3900146,-0.24522628335039942,0.8707001114490505,0.592783226785548,1
2002-07-15,917.9299927,-0.24806062445218102,0.8668790985489662,0.5929968293160661,1
2002-07-16,900.9400024,-0.26197829006758133,0.8771428571428569,0.5930737624792917,1
2002-07-17,906.039978,-0.2578005504812615,0.8636375661375658,0.5932318014307914,1
2002-07-18,881.5599976,-0.27785378038091335,0.8435052910052907,0.593302688726689,1
2002-07-19,847.75,-0.30554986688511165,0.8945370370370367,0.5933442790801419,1
2002-07-22,819.8499756,-0.3284046892484128,0.9055291005291003,0.5934052933948332,1
2002-07-23,797.7000122,-0.3465492425148474,0.9064550264550263,0.5934662003182551,1
2002-07-24,843.4299927,-0.30908868097481057,0.8848544973544972,0.593738004991826,1
2002-07-25,838.6799927,-0.31297973155846814,0.8776190476190473,0.5938357126997644,1
2002-07-26,852.8400269,-0.30138027696088465,0.8318518518518516,0.5939986655961973,1
2002-07-29,898.960022,-0.2636002277288553,0.8592724867724865,0.5941501573493615,1
2002-07-30,902.7800293,-0.26047099791112016,0.8614153439153437,0.5942331203258241,1
2002-07-31,911.6199951,-0.2532295759983617,0.8495105820105818,0.5943330979441651,1
2002-08-01,884.6599731,-0.2753143779643662,0.8730026455026452,0.5946806882456198,1
2002-08-02,864.2399902,-0.29204178562359207,0.8406481481481478,0.5948286104043382,1
2002-08-05,834.5999756,-0.3163219532254762,0.8695767195767192,0.59491574859036,1
2002-08-06,859.5700073,-0.29586728871595325,0.8640211640211637,0.5952392362517978,1
2002-08-07,876.7700195,-0.28177757976653695,0.8601058201058198,0.5956210990319023,1
2002-08-08,905.460022,-0.2543665006833252,0.8585846560846558,0.5959231222400094,1
2002-08-09,908.6400146,-0.24556625996878934,0.8428805701636051,0.5961337009492451,1
2002-08-12,903.7999878,-0.24958488061272233,0.8518563540897639,0.5962699423902713,1
2002-08-13,884.210022,-0.2577709935842081,0.8468253968253965,0.5963621125034567,1
2002-08-14,919.6199951,-0.22804693651937769,0.8001378053047344,0.5965970183412241,1
2002-08-15,930.25,-0.219123832529586,0.8037554773423813,0.5967704516262536,1
2002-08-16,928.7700195,-0.22036616684914634,0.7674420457216209,0.5969282953158044,1
2002-08-19,950.7000122,-0.1988910466389331,0.7108650231624868,0.5971051132469448,1
2002-08-20,937.4299927,-0.20887314020309256,0.7329096730056156,0.597238778918253,1
2002-08-21,949.3599854,-0.1988050415337005,0.7540025577769484,0.5974084080475037,1
2002-08-22,962.7000122,-0.187546970430712,0.7636410206015103,0.597676515464638,1
2002-08-23,940.8599854,-0.20597846073368298,0.8150312957375622,0.5980376018547274,1
2002-08-26,947.9500122,-0.19999496257185823,0.7588431614354361,0.598200790035907,1
2002-08-27,934.8200073,-0.21107578954191997,0.7661877728471292,0.5983669694417433,1
2002-08-28,917.8699951,-0.22538044165432225,0.8404962125248691,0.5987225832755382,1
2002-08-29,917.7999878,-0.22543952303196446,0.8290062636171932,0.5989491341024336,1
2002-08-30,916.0700073,-0.22314936474658897,0.8048162747329436,0.5991621839680057,1
2002-09-03,878.0200195,-0.25116202675318733,0.943716931216931,0.599674523943152,1
2002-09-04,893.4000244,-0.23804486377050205,0.9323072756780413,0.5998400897316511,1
2002-09-05,879.1500244,-0.25019827813666173,0.9435317460317458,0.5998925269464223,1
2002-09-06,893.9199829,-0.23760140614918923,0.9135211582784978,0.6000488752878401,1
2002-09-09,902.960022,-0.22989141730227103,0.8914649388579631,0.6002872067633069,1
2002-09-10,909.5800171,-0.2242454142459731,0.8642267722274426,0.6003840537906169,1
2002-09-11,909.4500122,-0.22435629167890858,0.8754973912845313,0.6004953863888629,1
2002-09-12,886.9099731,-0.2435800415042938,0.9123754148845173,0.6007911813621006,1
2002-09-13,889.8099976,-0.2411066941765384,0.9105052816890945,0.6009192662536469,1
2002-09-16,891.0999756,-0.24000650911287313,0.9095289749566116,0.6009500805977237,1
2002-09-17,873.5200195,-0.25499994707934304,0.9305158730158728,0.6010614802499095,1
2002-09-18,869.460022,-0.2584626019525411,0.9404100529100526,0.6013267630739516,1
2002-09-19,843.3200073,-0.280756667228794,0.9379761904761903,0.601614940519912,1
2002-09-20,845.3900146,-0.27899121765280277,0.9145899470899469,0.60177674172618,1
2002-09-23,833.7000122,-0.2889612838358625,0.9211772486772484,0.6019493399428087,1
2002-09-24,819.289978,-0.30125118675959106,0.9199470899470897,0.6021358149661825,1
2002-09-25,839.6599731,-0.28387820492892846,0.908637566137566,0.6022567348880555,1
2002-09-26,854.9500122,-0.27083777118457186,0.9005687830687829,0.60228856690751,1
2002-09-27,827.3699951,-0.2943599730120854,0.8919973544973543,0.6023620630637527,1
2002-09-30,815.2800293,-0.30467115645349585,0.9101984126984124,0.6024424832490378,1
2002-10-01,847.9099731,-0.2768420176643097,0.8001322751322749,0.6025681335721448,1
2002-10-02,827.9099731,-0.2938994413361128,0.7958597883597881,0.6027540999765866,1
2002-10-03,818.9500122,-0.3015411337938173,0.8194841269841269,0.6031709777928365,1
2002-10-04,800.5800171,-0.31720837325729956,0.8083862433862431,0.6036174882952111,1
2002-10-07,785.2800293,-0.33025729196120035,0.8214814814814811,0.6037621826178295,1
2002-10-08,798.5499878,-0.3189397267491132,0.8151455026455025,0.6038289289222594,1
2002-10-09,776.7600098,-0.33752377107637654,0.8172883597883596,0.6038930763027754,1
2002-10-10,803.9199829,-0.31435981267230284,0.7974470899470897,0.6039920993619422,1
2002-10-11,835.3200073,-0.2875796366975152,0.8409656084656082,0.6040778989027759,1
2002-10-14,841.4400024,-0.28236006923301227,0.8296560846560844,0.6041249282123146,1
2002-10-15,881.2700195,-0.2483901954065194,0.886957123376712,0.6041367163718604,1
2002-10-16,860.0200195,-0.26651370805781005,0.8866931216931214,0.6041682792909173,1
2002-10-17,879.2000122,-0.25015564498251064,0.8844179894179893,0.6044260028481194,1
2002-10-18,884.3900146,-0.24572924149278697,0.8833539257701801,0.604546487046813,1
2002-10-21,899.7199707,-0.23265476368939486,0.8631010603426176,0.604628003947757,1
2002-10-22,890.1599731,-0.24080821015762588,0.8948031855224842,0.6049124866945494,1
2002-10-23,896.1400146,-0.23570800508560263,0.8735638918170087,0.6052129164599674,1
2002-10-24,882.5,-0.2473411804816915,0.8981057128743258,0.6053693708377734,1
2002-10-25,897.6500244,-0.2344201612402439,0.8808147754988744,0.6056705387990664,1
2002-10-28,890.2299805,-0.24074850286352778,0.8828664574044871,0.6059180185316713,1
2002-10-29,882.1500244,-0.24763966458589126,0.8951570154924872,0.6061130627039997,1
2002-10-30,890.710022,-0.24033908930125036,0.8838698701244633,0.6062719816873787,1
2002-10-31,885.7600098,-0.24456081206504998,0.8819782654833508,0.6064279180251294,1
2002-11-01,900.960022,-0.23159715966945138,0.8624536286403786,0.6065461840382396,1
2002-11-04,908.3499756,-0.22529448119594309,0.8446655467473009,0.6065930926084516,1
2002-11-05,915.3900146,-0.21929023480149223,0.8229101865236952,0.6066989244167819,1
2002-11-06,923.7600098,-0.2121517070886243,0.8138280802523807,0.6069690429241422,1
2002-11-07,902.6500244,-0.23015580532229307,0.8513324690322541,0.6074772910583284,1
2002-11-08,894.7399902,-0.2369020455526858,0.8635284864092545,0.6079278239877195,1
2002-11-11,876.1900024,-0.2527227956032545,0.9132671957671956,0.6082928394475098,1
2002-11-12,882.9500122,-0.2469573780440476,0.8439943562983596,0.608560938194578,1
2002-11-13,882.5300293,-0.24731556935705812,0.8653501117998981,0.6087206831070807,1
2002-11-14,904.2700195,-0.22877415818394586,0.7748464501381951,0.6092816619944267,1
2002-11-15,909.8300171,-0.22403219645007555,0.741298953200408,0.6097165449063442,1
2002-11-18,900.3599854,-0.23210891359469077,0.7561100613929937,0.6099680759390219,1
2002-11-19,896.7399902,-0.23519630318550544,0.7552514368384793,0.6104222318918131,1
2002-11-20,914.1500244,-0.2203477867110064,0.7442057038415674,0.610831269971159,1
2002-11-21,933.7600098,-0.20362299525272276,0.7399296048852776,0.6109691523110017,1
2002-11-22,930.5499878,-0.2063607305152132,0.7405297020150811,0.6112524573286903,1
2002-11-25,932.8699951,-0.2043820631433244,0.7429568884704018,0.6112669802518066,1
2002-11-26,913.3099976,-0.22106422136216985,0.7861500815076194,0.6114763074905771,1
2002-11-27,938.8699951,-0.19926483604178358,0.7697791789115158,0.6116346926116463,1
2002-11-29,936.3099976,-0.20144818413959642,0.7816452283749229,0.6119253956426802,1
2002-12-02,934.5300293,-0.2029662678103703,0.7848029076158304,0.6124424022178542,1
2002-12-03,920.75,-0.21471885770936827,0.8094615710501835,0.6130111081819755,1
2002-12-04,917.5800171,-0.2174224447772518,0.8138169866427549,0.6131349206349206,1
2002-12-05,906.5499878,-0.22682963892137686,0.8444177889278742,0.613921158744655,1
2002-12-06,912.2299805,-0.22198533682454447,0.8249141502211992,0.614115246475588,1
2002-12-09,892.0,-0.2392389042375851,0.8541898596882765,0.6142726604680347,1
2002-12-10,904.4500122,-0.2286206475968593,0.8165537718252257,0.6149116380011094,1
2002-12-11,904.960022,-0.2281856749350908,0.762076778176077,0.6157437940321366,1
2002-12-12,901.5800171,-0.2310683837146943,0.7475333832089557,0.6158575554260602,1
2002-12-13,889.4799805,-0.24138815625122034,0.7771525599882366,0.6158613331534829,1
2002-12-16,910.4000244,-0.22354605364946945,0.7287579098820087,0.6159403908051847,1
2002-12-17,902.9899902,-0.22986585828806694,0.7416591357657859,0.6164497658613647,1
2002-12-18,891.1199951,-0.23998943505821324,0.7926963167788504,0.6168620071431458,1
2002-12-19,884.25,-0.24584865591040883,0.8069231489972524,0.6170726056205403,1
2002-12-20,895.7600098,-0.23603210022914856,0.7399580969945548,0.6172681944357334,1
2002-12-23,897.3800049,-0.23465045309080135,0.7271360992645169,0.617593690931387,1
2002-12-24,892.4699707,-0.23883807977042348,0.7298332089520212,0.6176597878105613,1
2002-12-26,889.6599731,-0.24123464574942088,0.7144022098199397,0.6178151230341006,1
2002-12-27,875.4000244,-0.25339654507512477,0.7513359788359787,0.6179464959918658,1
2002-12-30,879.3900146,-0.24999359741073768,0.7387357031362712,0.6180733794728352,1
2002-12-31,879.8200073,-0.24962686902775344,0.7212718195528807,0.618170931096547,1
2003-01-02,909.0300293,-0.2247144829919191,0.7062711362040593,0.6182255152883805,1
2003-01-03,908.5900269,-0.22508974835958973,0.6959542588780683,0.6184100256463521,1
2003-01-06,929.0100098,-0.20617113805922083,0.6809238841895833,0.6184779775181298,1
2003-01-07,922.9299927,-0.21136644597211685,0.684023333050138,0.6186748302015599,1
2003-01-08,909.9299927,-0.22247480335940895,0.7109115629730894,0.6188492188095458,1
2003-01-09,927.5700073,-0.20740160439834343,0.6790935654896522,0.6192755618302416,1
2003-01-10,927.5700073,-0.20740160439834343,0.6766861580822449,0.6199312972614298,1
2003-01-13,926.2600098,-0.20852098289114807,0.6894315286757268,0.620367933564641,1
2003-01-14,931.6599731,-0.2039067734900203,0.6397939482938443,0.6206875589556051,1
2003-01-15,918.2199707,-0.21539110810119444,0.6711545149066183,0.6217485586134601,1
2003-01-16,914.5999756,-0.21848435420204404,0.6851045054657331,0.6222469918051263,1
2003-01-17,901.7800293,-0.22943885767791272,0.6848107561976221,0.6224315933285074,1
2003-01-21,887.6199951,-0.24153845156328801,0.7272138667436703,0.6225042176137885,1
2003-01-22,878.3599854,-0.2494510282677027,0.7501348847148938,0.6225800199663613,1
2003-01-23,887.3400269,-0.24177768131887856,0.725000942450379,0.6227715681192115,1
2003-01-24,861.4000244,-0.26394312888789784,0.7963227513227511,0.6229082894862124,1
2003-01-27,847.4799805,-0.27583765369466673,0.8229232804232802,0.6229266329096455,1
2003-01-28,858.539978,-0.2663870071613931,0.7738492063492062,0.6240634716304138,1
2003-01-29,864.3599854,-0.2614138746847865,0.7704894179894178,0.6249307492427751,1
2003-01-30,844.6099854,-0.27829003302317257,0.7707407407407406,0.6253591236760008,1
2003-01-31,855.7000122,-0.2688137267824767,0.7340343915343914,0.6260889401914812,1
2003-02-03,860.3200073,-0.2648659916518352,0.7303042328042326,0.6263363338861444,1
2003-02-04,848.2000122,-0.27522239450591446,0.7311772486772486,0.6266856219887367,1
2003-02-05,843.5900269,-0.27916157637226546,0.7269576719576717,0.6271121524308689,1
2003-02-06,838.1500244,-0.2838099988305548,0.7200925925925924,0.6274236789650312,1
2003-02-07,829.6900024,-0.2910389948213512,0.7159656084656083,0.6275676313242563,1
2003-02-10,835.9699707,-0.2856728308015617,0.7288756613756612,0.6276327804941741,1
2003-02-11,829.2000122,-0.29145768607195677,0.7158068783068781,0.6277577843316584,1
2003-02-12,818.6799927,-0.30044692732790146,0.6902910052910052,0.6278098725683431,1
2003-02-13,817.3699951,-0.30156630590615496,0.6770105820105818,0.6280448843544608,1
2003-02-14,834.8900146,-0.28659564144166827,0.7034656084656082,0.6281060213446829,1
2003-02-18,851.1699829,-0.2726845871239616,0.7379894179894178,0.6281849248503479,1
2003-02-19,845.1300049,-0.2778456820651448,0.7382804232804232,0.6284489081729432,1
2003-02-20,837.0999756,-0.2847072540109008,0.7276455026455024,0.6288373066832119,1
2003-02-21,848.1699829,-0.27524805421333676,0.7004629629629628,0.6290126523640034,1
2003-02-24,832.5800171,-0.2885695089642646,0.7036507936507935,0.6291695703278667,1
2003-02-25,838.5700073,-0.28345112804980466,0.677169312169312,0.629211753229413,1
2003-02-26,827.5499878,-0.2928676138206453,0.681216931216931,0.6297936205507609,1
2003-02-27,837.2800293,-0.2845534000994774,0.6689153439153438,0.6305814492978002,1
2003-02-28,841.1500244,-0.28124653174117975,0.6876851851851851,0.6310924050111264,1
2003-03-03,834.8099976,-0.2866640150903651,0.6403571428571427,0.6311463039325536,1
2003-03-04,821.9899902,-0.29761857077551357,0.6624867724867723,0.6312438114141015,1
2003-03-05,829.8499756,-0.2909022994768906,0.6181349206349205,0.6314929443202898,0
2003-03-06,822.0999756,-0.29752458945777627,0.6709920634920633,0.631448979689786,0
2003-03-07,828.8900146,-0.2917225756204185,0.6581349206349204,0.6315413068458992,0
2003-03-10,807.4799805,-0.3100172148863347,0.712685185185185,0.631677483558732,1
2003-03-11,800.7299805,-0.3157850158374287,0.7033465608465607,0.6319082719102065,1
2003-03-12,804.1900024,-0.31282846508103956,0.6770634920634918,0.632015956428208,1
2003-03-13,831.9000244,-0.28915055526675293,0.7229629629629628,0.632117297008099,1
2003-03-14,833.2700195,-0.2879799094829346,0.719153439153439,0.6321391368831432,1
2003-03-17,862.789978,-0.2627554287847783,0.6904497354497353,0.632444233068387,1
2003-03-18,866.4500122,-0.2596279697122159,0.650621693121693,0.6326586946829125,1
2003-03-19,874.0200195,-0.24234776197767316,0.651677102732996,0.6327336658345908,1
2003-03-20,875.6699829,-0.2409174761320696,0.6384395956971077,0.632932448311082,1
2003-03-21,895.789978,-0.22017061355302525,0.626109498168392,0.6335595188154961,0
2003-03-24,864.2299805,-0.24678621113850285,0.6736434533662033,0.6334809321703591,0
2003-03-25,874.7399902,-0.23762628333487812,0.646143603493917,0.633562764128863,0
2003-03-26,869.9500122,-0.24180095623370057,0.6523304596497527,0.6336745998258071,1
2003-03-27,868.5200195,-0.2430472566906554,0.6639979778700561,0.633906779198228,1
2003-03-28,863.5,-0.24686450483392142,0.6789755010388008,0.6341532886597264,1
2003-03-31,848.1799927,-0.2538618659711649,0.7658201058201056,0.6342979431505635,1
2003-04-01,858.4799805,-0.240599040644486,0.7442744043289387,0.6344179894179893,1
2003-04-02,880.9000244,-0.22076654223661818,0.7339674697315608,0.6346321115471157,1
2003-04-03,876.4500122,-0.22470296895661646,0.7355959437003206,0.6348031535773262,1
2003-04-04,878.8499756,-0.22257999049494437,0.7198737663717109,0.634974767765299,1
2003-04-07,879.9299927,-0.22162462049157783,0.6798781160184646,0.6351678301973068,1
2003-04-08,878.289978,-0.2230753575673705,0.6885105349009503,0.6353355410361115,1
2003-04-09,865.9899902,-0.23253011508871257,0.7577530693233862,0.635431240579559,1
2003-04-10,871.5800171,-0.22757604246646068,0.7386864890549908,0.6357692257258344,1
2003-04-11,868.2999878,-0.23048291637708773,0.7402964308694363,0.6360263712296323,1
2003-04-14,885.2299805,-0.2154789790382542,0.7280059917771218,0.6363008132516783,1
2003-04-15,890.8099976,-0.2089212568328327,0.6895547145486055,0.636505389335309,1
2003-04-16,879.9099731,-0.21797600478954804,0.6878145919908437,0.6366353871052357,1
2003-04-17,893.5800171,-0.20582669093881423,0.6501269497614975,0.6367543154122103,1
2003-04-21,892.0100098,-0.19481324280059453,0.6351118701966921,0.636931273380505,0
2003-04-22,911.3699951,-0.17641581516021088,0.6110508300441048,0.6369023824700675,0
2003-04-23,919.0200195,-0.1695026633740505,0.612953460599125,0.6368706538148123,0
2003-04-24,911.4299927,-0.17636159670365203,0.6196233340338002,0.6368389251595573,0
2003-04-25,898.8099976,-0.18776599714803488,0.6610202547787,0.6368071965043022,0
2003-04-28,914.8400269,-0.17328002692191413,0.6430815349517995,0.6369699657485093,0
2003-04-29,917.8400269,-0.1705689956527222,0.5730293556298273,0.6370818823477828,0
2003-04-30,916.9199829,-0.17140041833706632,0.5728894967134741,0.6370783043789212,0
2003-05-01,916.2999878,-0.17196069370468148,0.5162470123397975,0.6370550889581187,0
2003-05-02,930.0800171,-0.1595079969304548,0.4842138291207785,0.637031873537316,0
2003-05-05,926.5499878,-0.16269800353494257,0.5011503026546295,0.6370086581165135,0
2003-05-06,934.3900146,-0.1556131509329085,0.4729262573099663,0.636985442695711,0
2003-05-07,929.6199951,-0.1599237082726268,0.45488464040334253,0.6369622272749085,0
2003-05-08,920.2700195,-0.16837306701188726,0.4678413312079154,0.636939011854106,0
2003-05-09,933.4099731,-0.15649879198344363,0.447507545089127,0.6369129586884859,0
2003-05-12,945.1099854,-0.145925758918367,0.4317643498554795,0.6368812300332307,0
2003-05-13,942.2999878,-0.14846508937168512,0.45630625539417013,0.6368495013779757,0
2003-05-14,939.2800293,-0.1511941566800724,0.4572001837832825,0.6368177727227206,0
2003-05-15,946.6699829,-0.14451602491757998,0.430998594980461,0.6367860440674654,0
2003-05-16,944.2999878,-0.1466577351922238,0.457060710802097,0.6367543154122103,0
2003-05-19,920.7700195,-0.1607083745680976,0.5511833828150503,0.6367225867569551,0
2003-05-20,919.7299805,-0.16165638113253433,0.552440038311422,0.636700222318029,0
2003-05-21,923.4199829,-0.15829290486098357,0.5438932847749791,0.6366825399872672,0
2003-05-22,931.8699951,-0.15059062923942446,0.5158542577328118,0.6366648576565054,0
2003-05-23,933.2199707,-0.13895294680247572,0.4622858642052987,0.6366471753257436,0
2003-05-27,951.4799805,-0.11453172294257641,0.4370676971607212,0.6366294929949817,0
2003-05-28,953.2199707,-0.1071877373467367,0.41926020545100456,0.63661181066422,0
2003-05-29,949.6400146,-0.11010738867289127,0.42977436905297206,0.6365941283334582,0
2003-05-30,963.5900269,-0.09703505317434835,0.3863362437033978,0.6365675066340134,0
2003-06-02,967.0,-0.07895992199729684,0.3715111656560154,0.6365408849345686,0
2003-06-03,971.5599976,-0.07461665359481895,0.37352146579526413,0.636514263235124,0
2003-06-04,986.2399902,-0.06063437693568441,0.3574173369789059,0.6364876415356793,0
2003-06-05,990.1400146,-0.04531692897800299,0.3311528015460903,0.6364610198362345,0
2003-06-06,987.7600098,-0.04761170573483264,0.28820547545322767,0.6364343981367897,0
2003-06-09,975.9299927,-0.0590180895681669,0.31027937943947215,0.636400102182091,0
2003-06-10,984.8400269,-0.050427123959728815,0.2653935011326269,0.6363504577168846,0
2003-06-11,997.4799805,-0.03823980747671751,0.22590099648528847,0.6363008132516783,0
2003-06-12,998.5100098,-0.0372466635568004,0.21633620790837205,0.6362511687864718,0
2003-06-13,988.6099854,-0.04679216778652584,0.24072732092055055,0.6362015243212653,0
2003-06-16,1010.73999,-0.025454639314056227,0.1788259904572907,0.6361518798560589,0
2003-06-17,1011.659973,-0.02456760093284016,0.13446789360618064,0.6361022353908524,0
2003-06-18,1010.090027,-0.009705941329875234,0.09860480155352219,0.6360560292327081,0
2003-06-19,994.7000122,-0.01676448733036917,0.14761738479644293,0.6360115422280945,0
2003-06-20,995.6900024,-0.015785907346558603,0.12545102532380678,0.6359670552234811,0
2003-06-23,981.6400146,-0.029673960818058398,0.19952409689701392,0.6359225682188675,0
2003-06-24,983.4500122,-0.027884824499229355,0.20781364125092702,0.635878081214254,0
2003-06-25,975.3200073,-0.03592112633678346,0.2258169918157803,0.6358335942096407,0
2003-06-26,985.8200073,-0.025542144979180614,0.18985692318136588,0.6357891072050271,0
2003-06-27,976.2199707,-0.03503153554143834,0.2089955146073979,0.6357294627674491,0
2003-06-30,974.5,-0.03673168257295478,0.20079759580712242,0.635669818329871,0
2003-07-01,982.3200073,-0.029001805431714933,0.1779370871529785,0.635610173892293,0
2003-07-02,993.75,-0.01770355008401625,0.17952468338124272,0.6355505294547151,0
2003-07-03,985.7000122,-0.02566075706545734,0.19681142699706727,0.6354908850171371,0
2003-07-07,1004.419983,-0.007156544879926785,0.2594079596760179,0.635431240579559,0
2003-07-08,1007.840027,-0.0037759188877191097,0.21949142012558032,0.635387748515503,0
2003-07-09,1002.210022,-0.009341034786596314,0.22705580259047636,0.6353765611984905,0
2003-07-10,988.7000122,-0.022695333820427877,0.2949592683093811,0.6353653738814781,0
2003-07-11,998.1400146,-0.013364132970396847,0.25444965797717456,0.6353541865644656,0
2003-07-14,1003.859985,-0.007710088575383356,0.2797415242798779,0.6353429992474531,0
2003-07-15,1000.419983,-0.011110442539965959,0.3173536950691231,0.6353318119304406,0
2003-07-16,994.0900269,-0.017367442192951166,0.2908806131712239,0.6353206246134282,0
2003-07-17,981.7299805,-0.029585031827685127,0.3301448953360792,0.6352963929766509,0
2003-07-18,993.3200073,-0.018128586866607233,0.29672784921347356,0.6352656391799911,0
2003-07-21,978.7999878,-0.032481254647800495,0.36178173838159333,0.6352348853833313,0
2003-07-22,988.1099854,-0.02327856021639796,0.3128549071803124,0.6352041315866714,0
2003-07-23,988.6099854,-0.022784323008892993,0.27743378020326415,0.6351733777900116,0
2003-07-24,981.5999756,-0.029713538345160995,0.2602991031570503,0.635142623993352,0
2003-07-25,998.6799927,-0.01283037843388124,0.2547615334857368,0.6351118701966921,0
2003-07-28,996.5200195,-0.014965456679188027,0.24146383902031657,0.6351053576657393,0
2003-07-29,989.2800293,-0.022122001756809673,0.26014428570605513,0.6350988451347864,0
2003-07-30,987.4899902,-0.023891409609026915,0.3007993211604618,0.6350923326038336,0
2003-07-31,990.3099976,-0.021103904443988575,0.26872415623225715,0.6350858200728807,0
2003-08-01,980.1500244,-0.03114677800937371,0.30328883202394674,0.6350793075419279,0
2003-08-04,982.8200073,-0.028507568224210078,0.23731754747751765,0.635072795010975,0
2003-08-05,965.460022,-0.04566746953820622,0.2672348258797098,0.6350580438171871,0
2003-08-06,967.0800171,-0.04406614582941504,0.24811747023339326,0.6350268152977291,0
2003-08-07,974.1199951,-0.037107307694183134,0.20429067399492445,0.6349955867782712,0
2003-08-08,977.5900269,-0.03367727004061283,0.210584681720693,0.6349643582588131,0
2003-08-11,980.5900269,-0.030711846795583364,0.16490977171025556,0.634933129739355,0
2003-08-12,990.3499756,-0.02106438721382531,0.1273407567200824,0.634901901219897,0
2003-08-13,984.0300293,-0.02731149243561104,0.13237696552590783,0.634870672700439,0
2003-08-14,990.5100098,-0.020906197501598722,0.10069590261038404,0.6348412266550775,0
2003-08-15,990.6699829,-0.02074806818515884,0.08913048605499481,0.634812671846764,0
2003-08-18,999.7399902,-0.01178259802515691,0.07923171022278086,0.6347841170384506,0
2003-08-19,1002.349976,-0.009202693838318066,0.07901942308217212,0.6347555622301372,0
2003-08-20,1000.299988,-0.011229054527395088,0.08987698183499047,0.6347270074218236,0
2003-08-21,1003.27002,-0.008293253883634666,0.0993831215915785,0.6346984526135103,0
2003-08-22,993.0599976,-0.018385599802711594,0.15683785203838613,0.6346698978051969,0
2003-08-25,993.710022,-0.017743067314179517,0.17516734215267674,0.6346321115471157,0
2003-08-26,996.7299805,-0.01475791560253814,0.16391320242674942,0.6345943252890346,0
2003-08-27,996.789978,-0.014698609608823632,0.1399266913189481,0.6345565390309534,0
2003-08-28,1002.840027,-0.008718290962768105,0.13469475338812592,0.6345187527728724,0
2003-08-29,1008.01001,-0.0036078950412324895,0.10881360103360593,0.6344809665147912,0
2003-09-02,1021.98999,0.0,0.14080687830687827,0.6344431802567101,0
2003-09-03,1026.27002,0.0,0.15485449735449733,0.6344109278728466,0
2003-09-04,1027.969971,0.0,0.1066269841269841,0.6343897432374185,0
2003-09-05,1021.390015,-0.006400922386477048,0.1435673502500158,0.6343685586019905,0
2003-09-08,1031.640015,0.0,0.14261904761904756,0.6343473739665624,0
2003-09-09,1023.169983,-0.00821025927343455,0.17761686139267166,0.6343261893311343,0
2003-09-10,1010.919983,-0.020084556336252612,0.26960411310614857,0.6343050046957062,0
2003-09-11,1016.419983,-0.014753239287640385,0.24528325222453345,0.6342838200602781,0
2003-09-12,1018.630005,-0.012610997839202609,0.20631044608429172,0.6342591199643627,0
2003-09-15,1014.809998,-0.016313846647369568,0.21203693343716087,0.6342326621382036,0
2003-09-16,1029.319946,-0.00224891334793742,0.16690504522387406,0.6342062043120446,0
2003-09-17,1025.969971,-0.0054961458624692705,0.16852659196617997,0.6341797464858855,0
2003-09-18,1039.579956,0.0,0.14855820105820103,0.6341532886597264,0
2003-09-19,1036.300049,-0.0031550310113905855,0.179129952557584,0.6341268308335674,0
2003-09-22,1022.820007,-0.01612184700490704,0.27992822698789893,0.6341003730074083,0
2003-09-23,1029.030029,-0.01014825934177599,0.27133135036357026,0.6340475746958136,0
2003-09-24,1009.380005,-0.029050147442434948,0.25993954201028696,0.6339947763842191,0
2003-09-25,1003.27002,-0.034927506816993636,0.3049553362227203,0.6339419780726244,0
2003-09-26,996.8499756,-0.04110312069156519,0.3079745384806718,0.63388917976103,0
2003-09-29,1006.580017,-0.031743531422993354,0.2687932959086502,0.6338363814494353,0
2003-09-30,995.9699707,-0.04194962114102174,0.2736199686496493,0.6337835831378408,0
2003-10-01,1018.219971,-0.020546745708898695,0.2355820207766043,0.6337391612087396,0
2003-10-02,1020.23999,-0.018603634947344072,0.2222053143177652,0.6337114920446257,0
2003-10-03,1029.849976,-0.009359530206255795,0.1954377854538561,0.6336838228805118,0
2003-10-06,1034.349976,-0.0050308588289096345,0.18347089302855393,0.6336561537163978,0
2003-10-07,1039.25,-0.0003173935762186275,0.16843642784701784,0.6336284845522838,0
2003-10-08,1033.780029,-0.005579106221243912,0.15948593275649794,0.6336008153881698,0
2003-10-09,1038.72998,-0.000817614840584735,0.16395732828489212,0.6335731462240559,0
2003-10-10,1038.060059,-0.001462029920092145,0.17205866870834335,0.633563459553156,0
2003-10-13,1045.349976,0.0,0.16167989417989415,0.633562764128863,0
2003-10-14,1049.47998,0.0,0.1440343915343915,0.6335620687045702,0
2003-10-15,1046.76001,-0.0025917311924331665,0.1405703948912372,0.6335613732802773,0
2003-10-16,1050.069946,0.0,0.14105820105820102,0.6335606778559844,0
2003-10-17,1039.319946,-0.010237413270372753,0.15082986946942079,0.6335599824316914,0
2003-10-20,1044.680054,-0.005132888547597858,0.08193988953754068,0.6335592870073985,0
2003-10-21,1046.030029,-0.0038472837122794923,0.07939187272986763,0.6334417547518391,0
2003-10-22,1030.359985,-0.018770141051156264,0.20778871952593772,0.6333242224962797,0
2003-10-23,1033.77002,-0.015522704998929826,0.21157698144845116,0.6332066902407203,0
2003-10-24,1028.910034,-0.02015095478220652,0.22668114573864778,0.6330891579851613,0
2003-10-27,1031.130005,-0.018036837519393334,0.23975267063173755,0.6329716257296019,0
2003-10-28,1046.790039,-0.0031235128788269506,0.23016355936993618,0.6328540934740424,0
2003-10-29,1048.109985,-0.0018665051861221915,0.2041710231545635,0.6327725022675866,0
2003-10-30,1046.939941,-0.0029807585789146662,0.21118273040051766,0.6327627931593377,0
2003-10-31,1050.709961,0.0,0.17839947089947086,0.6327530840510887,0
2003-11-03,1059.02002,0.0,0.19208994708994703,0.6327433749428397,0
2003-11-04,1053.25,-0.00544845223983581,0.21377359242325264,0.6327336658345908,0
2003-11-05,1051.810059,-0.006808144193534704,0.22744225980472835,0.6327239567263417,0
2003-11-06,1058.050049,-0.0009159137520364791,0.19840068380403103,0.6327142476180928,0
2003-11-07,1053.209961,-0.005486259834823426,0.1963454165636928,0.6327005479355237,0
2003-11-10,1047.109985,-0.011246279366843193,0.23317807492275144,0.6326848529657945,0
2003-11-11,1046.569946,-0.011756221567935876,0.24326090503496212,0.6326691579960653,0
2003-11-12,1058.530029,-0.00046268341555988357,0.21720865925211097,0.632653463026336,0
2003-11-13,1058.410034,-0.000575990999679088,0.21788695639538205,0.6326377680566068,0
2003-11-14,1050.349976,-0.008186855617705824,0.23326338018040038,0.6326220730868776,0
2003-11-17,1043.630005,-0.014532317339949752,0.26634089721005605,0.6326063781171484,0
2003-11-18,1034.150024,-0.023483971530585346,0.26356436372030023,0.6325368873819649,0
2003-11-19,1042.439941,-0.01565605813570914,0.21327139674697787,0.6324673966467814,0
2003-11-20,1033.650024,-0.023956106136690303,0.2360356871523881,0.632397905911598,0
2003-11-21,1035.280029,-0.022416942599442047,0.21814371736271665,0.6323284151764147,0
2003-11-24,1052.079956,-0.006553288765966725,0.1917396078948214,0.6322589244412311,0
2003-11-25,1053.890015,-0.004844105779983288,0.1331145142375672,0.6321894337060476,0
2003-11-26,1058.449951,-0.0005382986055352257,0.11290786308854697,0.6321421141327299,0
2003-11-28,1058.199951,-0.0007743659085877042,0.09694775760882374,0.6321391368831432,0
2003-12-01,1070.119995,0.0,0.1431481481481481,0.6321361596335565,0
2003-12-02,1066.619995,-0.0032706612495359,0.1458956929703425,0.6321331823839698,0
2003-12-03,1064.72998,-0.00503683234140484,0.1533986961641831,0.6321302051343831,0
2003-12-04,1069.719971,-0.00037381228448130077,0.1487422255350283,0.6321272278847965,0
2003-12-05,1061.5,-0.00805516674791229,0.20629318422447881,0.6321242506352097,0
2003-12-08,1069.300049,-0.0007662187454035019,0.19482157889660057,0.6321113357975172,0
2003-12-09,1060.180054,-0.009288622814678016,0.1597045484358146,0.6320934521657717,0
2003-12-10,1059.050049,-0.010344583833329923,0.16483413552063078,0.6320755685340262,0
2003-12-11,1071.209961,0.0,0.15894179894179888,0.6320576849022808,0
2003-12-12,1074.140015,0.0,0.1439682539682539,0.6320398012705353,0
2003-12-15,1068.040039,-0.0056789393513098085,0.15104753145437594,0.6320219176387898,0
2003-12-16,1075.130005,0.0,0.06739417989417987,0.6320040340070443,0
2003-12-17,1076.47998,0.0,0.06511904761904758,0.6319848815876767,0
2003-12-18,1089.180054,0.0,0.07780423280423276,0.6319657291683092,0
2003-12-19,1088.660034,-0.0004774417214951088,0.09050679249965653,0.6319465767489416,0
2003-12-22,1092.939941,0.0,0.0816269841269841,0.6319274243295742,0
2003-12-23,1096.02002,0.0,0.04759259259259256,0.6319082719102065,0
2003-12-24,1094.040039,-0.0018065190086582472,0.05128157942414648,0.6318891194908389,0
2003-12-26,1095.890015,-0.00011861553404834968,0.05659736509588445,0.6318597789068832,0
2003-12-29,1109.47998,0.0,0.07812169312169309,0.631810061993751,0
2003-12-30,1109.640015,0.0,0.040555555555555525,0.631760345080619,0
2003-12-31,1111.920044,0.0,0.044920634920634896,0.6317106281674867,0
2004-01-02,1108.47998,-0.00309380518730884,0.04238981490201926,0.6316609112543545,0
2004-01-05,1122.219971,0.0,0.03623015873015871,0.6316111943412224,0
2004-01-06,1123.670044,0.0,0.041111111111111084,0.6315614774280902,0
2004-01-07,1126.329956,0.0,0.04597883597883595,0.6315441055064209,0
2004-01-08,1131.920044,0.0,0.050859788359788334,0.631542906080483,0
2004-01-09,1121.859985,-0.0088876056690802,0.07128681992458932,0.6315417066545451,0
2004-01-12,1127.22998,-0.004143458740624495,0.06993246794906682,0.6315405072286073,0
2004-01-13,1121.219971,-0.009453028998574697,0.09047061892527374,0.6315393078026694,0
2004-01-14,1130.52002,-0.0012368576803822862,0.06595512868735819,0.6315381083767315,0
2004-01-15,1132.050049,0.0,0.07186507936507933,0.6315369089507936,0
2004-01-16,1139.829956,0.0,0.058518518518518484,0.6314929443202898,0
2004-01-20,1138.77002,-0.0009299071273050075,0.05745186738874482,0.631448979689786,0
2004-01-21,1147.619995,0.0,0.047301587301587275,0.631405015059282,0
2004-01-22,1143.939941,-0.003206683410914235,0.06522368146875843,0.6313610504287783,0
2004-01-23,1141.550049,-0.005289160198014953,0.0655268864175121,0.6313170857982745,0
2004-01-26,1155.369995,0.0,0.06338624338624337,0.6312731211677707,0
2004-01-27,1144.050049,-0.009797680439156742,0.08137361864339017,0.6312380756798928,0
2004-01-28,1128.47998,-0.023273942647264234,0.11735994810793396,0.6312208684772667,0
2004-01-29,1134.109985,-0.01840104043899804,0.11104950249505158,0.6312036612746406,0
2004-01-30,1131.130005,-0.020980283463220784,0.11921073169025644,0.6311864540720145,0
2004-02-02,1135.26001,-0.017405666658324548,0.11915399575718519,0.6311692468693884,0
2004-02-03,1136.030029,-0.016739197039646214,0.10602618988672886,0.6311520396667623,0
2004-02-04,1126.52002,-0.024970334286723572,0.12563900431867142,0.6311348324641362,0
2004-02-05,1128.589966,-0.023178747168347558,0.1159890997766202,0.631123855055813,0
2004-02-06,1142.76001,-0.010914239641475199,0.07964470661738925,0.6311159925446413,0
2004-02-09,1139.810059,-0.013467491857446112,0.08601548758343266,0.6311081300334698,0
2004-02-10,1145.540039,-0.008508058927045314,0.07987898288176651,0.6311002675222981,0
2004-02-11,1157.76001,0.0,0.05505291005291002,0.6310924050111264,0
2004-02-12,1152.109985,-0.004880134873547659,0.06205986555196087,0.6310845424999548,0
2004-02-13,1145.810059,-0.010321613198576496,0.07788858134093726,0.6310766799887831,0
2004-02-17,1156.98999,-0.0006650946598163454,0.06056001835368435,0.6309416170730605,0
2004-02-18,1151.819946,-0.005130652249769718,0.07521762926057018,0.6308065541573379,0
2004-02-19,1147.060059,-0.009241942118902613,0.08713530408765664,0.6306714912416153,0
2004-02-20,1144.109985,-0.011790029783460887,0.09417449076660805,0.6305364283258931,0
2004-02-23,1140.98999,-0.01448488447964269,0.10092683492054473,0.6304013654101703,0
2004-02-24,1139.089966,-0.01612600525043184,0.12950993645924833,0.6302663024944477,0
2004-02-25,1143.670044,-0.012170023043031164,0.10888974193735164,0.6301284305506487,0
2004-02-26,1144.910034,-0.0110989979693632,0.08878176052619877,0.6299849405506966,0
2004-02-27,1144.939941,-0.011073166190979311,0.07692536556674129,0.6298414505507451,0
2004-03-01,1155.969971,-0.0015461226718307408,0.06469926255011221,0.6296979605507931,0
2004-03-02,1149.099976,-0.007479990607034304,0.06397598872844114,0.6295544705508411,0
2004-03-03,1151.030029,-0.005812932681964034,0.0697665245093621,0.6294109805508892,0
2004-03-04,1154.869995,-0.0024962124922590645,0.060442544937800796,0.6292674905509371,0
2004-03-05,1156.859985,-0.0007773847707867043,0.061369369661451956,0.6292164976223373,0
2004-03-08,1147.199951,-0.009121112241560203,0.08095856220309972,0.629211753229413,0
2004-03-09,1140.579956,-0.014839045960829078,0.10550526785140754,0.6292070088364887,0
2004-03-10,1123.890015,-0.0292547632561605,0.1897485730502497,0.6292022644435645,0
2004-03-11,1106.780029,-0.044033288902421086,0.349149470492429,0.6291975200506402,0
2004-03-12,1120.569946,-0.0321224292416179,0.27558395212697845,0.629192775657716,0
2004-03-15,1104.48999,-0.046011280006121424,0.3447241180179276,0.6291880312647917,0
2004-03-16,1110.699951,-0.04064750776803905,0.2778378558824933,0.6291603398594041,0
2004-03-17,1123.75,-0.029375699373136888,0.2610577175546425,0.6291326484540164,0
2004-03-18,1122.319946,-0.03061088973007442,0.2795240729670945,0.6291049570486288,0
2004-03-19,1109.780029,-0.04144207831120372,0.3066617109046613,0.6290772656432413,0
2004-03-22,1095.400024,-0.053862618730456835,0.39161926946067505,0.6290495742378537,0
2004-03-23,1093.949951,-0.05511510023566968,0.39768573933042256,0.629021882832466,0
2004-03-24,1091.329956,-0.057378086499981884,0.4024383598846343,0.6289930396947704,0
2004-03-25,1109.189941,-0.04195175906965376,0.34907226961374316,0.6289618930924586,0
2004-03-26,1108.060059,-0.042927679804729224,0.34176453851699773,0.628930746490147,0
2004-03-29,1122.469971,-0.030481307607092112,0.2882045532554946,0.6288995998878353,0
2004-03-30,1127.0,-0.026568554565984726,0.2779669215638377,0.6288684532855237,0
2004-03-31,1126.209961,-0.02725094037407627,0.28719848294624595,0.6288373066832119,0
2004-04-01,1132.170044,-0.022102996976031353,0.27600772335536455,0.6288061600809003,0
2004-04-02,1141.810059,-0.013776560653533054,0.2673387510911179,0.6287424133097934,0
2004-04-05,1150.569946,-0.006210323329443601,0.2569100599530042,0.6286623664542887,0
2004-04-06,1148.160034,-0.008291853162211038,0.26141847776290716,0.6285823195987842,0
2004-04-07,1140.530029,-0.014882169751225027,0.26629775714062337,0.6285022727432795,0
2004-04-08,1139.319946,-0.01592736304650899,0.2266922007351758,0.6284222258877749,0
2004-04-12,1145.199951,-0.010848585969038482,0.2378066629512059,0.6283421790322705,0
2004-04-13,1129.439941,-0.024461087578936058,0.25920780244922054,0.6282621321767659,0
2004-04-14,1128.170044,-0.02555794443098791,0.2738573640050161,0.6282389699788404,0
2004-04-15,1128.839966,-0.024979308103758036,0.23742225967159952,0.6282158077809151,0
2004-04-16,1134.609985,-0.019995529988982685,0.22719569418783736,0.6281926455829897,0
2004-04-19,1135.819946,-0.018950442069595952,0.23352095376393836,0.6281694833850644,0
2004-04-20,1118.150024,-0.03421260508039137,0.17790697794832144,0.628146321187139,0
2004-04-21,1124.089966,-0.02908205820651899,0.15339053333988623,0.6281231589892136,0
2004-04-22,1139.930054,-0.015400390276047005,0.13646988632067433,0.628107475212609,0
2004-04-23,1140.599976,-0.014821753948817129,0.1206829301354059,0.628106748278646,0
2004-04-26,1135.530029,-0.01920085406992067,0.13261774446062433,0.6281060213446829,0
2004-04-27,1138.109985,-0.016972450965895725,0.11986429565642931,0.6281052944107198,0
2004-04-28,1122.410034,-0.03053307740349398,0.17207620082070063,0.6281045674767568,0
2004-04-29,1113.890015,-0.037892131893551895,0.21602611382781775,0.6281038405427937,0
2004-04-30,1107.300049,-0.04358412845853954,0.2648670917163849,0.6281031136088306,0
2004-05-03,1117.48999,-0.034782700777512554,0.20365723035100441,0.6280738778259852,0
2004-05-04,1119.550049,-0.033003351877735065,0.18642941907867883,0.6280303876186987,0
2004-05-05,1121.530029,-0.031293170162268735,0.1687158253587436,0.6279868974114121,0
2004-05-06,1113.98999,-0.037805779800599515,0.18585635375013734,0.6279434072041254,0
2004-05-07,1098.699951,-0.051012350132908724,0.21473333867800892,0.6278999169968389,0
2004-05-10,1087.119995,-0.06101438501058609,0.3460744048698461,0.6278564267895523,0
2004-05-11,1095.449951,-0.053819494940061,0.36507281191749114,0.6278129365822658,0
2004-05-12,1097.280029,-0.052238789107942996,0.34533204957503416,0.6278037445404979,0
2004-05-13,1096.439941,-0.05296440408232783,0.3336101949517034,0.62779455249873,0
2004-05-14,1095.699951,-0.0536035607241262,0.3210570771017556,0.6277853604569621,0
2004-05-17,1084.099976,-0.06362288675007877,0.37335804611067647,0.6277761684151942,0
2004-05-18,1091.48999,-0.057239859234730295,0.3848121697060149,0.6277669763734263,0
2004-05-19,1088.680054,-0.05966690454267809,0.3807008145517427,0.6277577843316584,0
2004-05-20,1089.189941,-0.05922649634443655,0.3821829067244349,0.6277437312498372,0
2004-05-21,1093.560059,-0.055451864328946776,0.359015782168281,0.6277199560879093,0
2004-05-24,1095.410034,-0.053853972724450916,0.33897661912119287,0.6276961809259817,0
2004-05-25,1113.050049,-0.0386176414920395,0.3019496353989129,0.6276724057640538,0
2004-05-26,1114.939941,-0.03698527210315361,0.2983902630317207,0.627648630602126,0
2004-05-27,1121.280029,-0.031509104378203534,0.27500669244961135,0.6276248554401982,0
2004-05-28,1120.680054,-0.03202732490302551,0.2802317316825723,0.6276010802782703,0
2004-06-01,1121.199951,-0.031578270698777944,0.2909627079073165,0.6275889012409548,0
2004-06-02,1124.98999,-0.028304674299468924,0.28305291074666417,0.6275825202659453,0
2004-06-03,1116.640015,-0.03551685551826933,0.30922075572245217,0.6275761392909357,0
2004-06-04,1122.5,-0.03045537045281088,0.3035437990407275,0.6275697583159261,0
2004-06-07,1140.420044,-0.014977167850183437,0.2771789506265692,0.6275633773409166,0
2004-06-08,1142.180054,-0.013456982332633927,0.20466689731767915,0.6275569963659071,0
2004-06-09,1131.329956,-0.02282861195041619,0.2368784613246263,0.6275506153908975,0
2004-06-10,1136.469971,-0.018388991514744046,0.23764880039970335,0.627508303248942,0
2004-06-14,1125.290039,-0.028045510917240946,0.31215990410598005,0.6274659911069865,0
2004-06-15,1132.01001,-0.022241224241282942,0.30297253787260825,0.6274236789650312,0
2004-06-16,1133.560059,-0.02090238977938097,0.26771514286753223,0.6273813668230758,0
2004-06-17,1132.050049,-0.02220664108099568,0.2563701915194169,0.6273390546811203,0
2004-06-18,1135.02002,-0.01964136764405955,0.2683844559876862,0.6272967425391648,0
2004-06-21,1130.300049,-0.023718180592539273,0.2528268960761264,0.6272424707755847,0
2004-06-22,1134.410034,-0.020168235038624305,0.23918865453312155,0.6271642797687551,0
2004-06-23,1144.060059,-0.011833152710119976,0.232295021347382,0.6270860887619258,0
2004-06-24,1140.650024,-0.014778525646260587,0.2589379344792163,0.6270078977550964,0
2004-06-25,1134.430054,-0.020150943026612245,0.2625541475049505,0.6269297067482669,0
2004-06-28,1133.349976,-0.02108384621092585,0.250869398521894,0.6268515157414374,0
2004-06-29,1136.199951,-0.018622217742690794,0.2448731163176839,0.6267733247346078,0
2004-06-30,1140.839966,-0.01461446573888825,0.2142966181459251,0.6267061683477128,0
2004-07-01,1128.939941,-0.024892956010805656,0.2522524995939191,0.6266445292707847,0
2004-07-02,1125.380005,-0.027967803966557736,0.285360306558811,0.6265828901938566,0
2004-07-06,1116.209961,-0.03588830901146767,0.31593634118413144,0.6265212511169285,0
2004-07-07,1118.329956,-0.03405719117902506,0.21750884105504165,0.6264596120400004,0
2004-07-08,1109.109985,-0.04202082001433083,0.22014720623941914,0.6263979729630725,0
2004-07-09,1112.810059,-0.03882492970196827,0.2023703389227851,0.6263363338861444,0
2004-07-12,1114.349976,-0.03749484662196956,0.16257318102572849,0.6263023085284816,0
2004-07-13,1115.140015,-0.03681246081387801,0.10675431805601865,0.6262682831708186,0
2004-07-14,1111.469971,-0.03998241310822259,0.11879900154997289,0.6262342578131558,0
2004-07-15,1106.689941,-0.044111101229001526,0.1188592474007277,0.6262002324554929,0
2004-07-16,1101.390015,-0.04868884269029128,0.13267264297438125,0.6261662070978301,0
2004-07-19,1100.900024,-0.049112065979891595,0.1431672834086741,0.6261321817401673,0
2004-07-20,1108.670044,-0.04240081327390122,0.12775928280698828,0.6261062873840053,0
2004-07-21,1093.880005,-0.05517551517434083,0.15290373990233064,0.6260966550308452,0
2004-07-22,1096.839966,-0.052618887743410614,0.14029874994817731,0.6260870226776852,0
2004-07-23,1086.199951,-0.061809060929647996,0.14980579375049818,0.6260773903245251,0
2004-07-26,1084.069946,-0.06364882476809675,0.16911668495981128,0.626067757971365,0
2004-07-27,1094.829956,-0.05435500747689492,0.155384739131004,0.626058125618205,0
2004-07-28,1095.420044,-0.053845326718444886,0.14741862486636662,0.626048493265045,0
2004-07-29,1100.430054,-0.0495179963937431,0.13399831524921124,0.6259472597942788,0
2004-07-30,1101.719971,-0.0484038475296793,0.11805816200916007,0.6258002257647093,0
2004-08-02,1106.619995,-0.044171516167672786,0.09831005220544009,0.6256531917351398,0
2004-08-03,1099.689941,-0.05015725927517556,0.11550617144767095,0.6255061577055703,0
2004-08-04,1098.630005,-0.05107276507157987,0.12604922284780057,0.6253591236760008,0
2004-08-05,1080.699951,-0.06655961368021335,0.17354878509350463,0.6252120896464317,0
2004-08-06,1063.969971,-0.08100991413583203,0.23084946310056453,0.6250650556168622,0
2004-08-09,1065.219971,-0.07993024305615803,0.23217290542400332,0.6250284266057475,0
2004-08-10,1079.040039,-0.06799334086517639,0.20709465454085713,0.6249917975946329,0
2004-08-11,1075.790039,-0.07080048567232855,0.21059550344171485,0.6249551685835183,0
2004-08-12,1063.22998,-0.08164907164136714,0.24903708702784155,0.6249185395724037,0
2004-08-13,1064.800049,-0.08029294516745311,0.22713195748136694,0.6248819105612891,0
2004-08-16,1079.339966,-0.06773428285884564,0.20684992249939776,0.6248452815501744,0
2004-08-17,1081.709961,-0.06568723081046823,0.1986924018402867,0.6247261883870538,0
2004-08-18,1095.170044,-0.054061260934379685,0.1723867406344831,0.6244421669199222,0
2004-08-19,1091.22998,-0.057464439456671124,0.18234357073424867,0.6241581454527914,0
2004-08-20,1098.349976,-0.0513146364417959,0.16324423039682168,0.6238741239856596,0
2004-08-23,1095.680054,-0.05362074649650406,0.16210944606035507,0.6235901025185279,0
2004-08-24,1096.189941,-0.05318033829826263,0.1657079403494495,0.6233060810513962,0
2004-08-25,1104.959961,-0.04560534872853306,0.15936927561709674,0.6230220595842645,0
2004-08-26,1105.089966,-0.0454930586175627,0.16445939520880004,0.6229270846209909,0
2004-08-27,1107.77002,-0.04317819718095117,0.1498693921726969,0.6229266329096455,0
2004-08-30,1099.150024,-0.050623605491435075,0.18040441124580667,0.6229261811983,0
2004-08-31,1104.23999,-0.04622721422205622,0.17839593748974783,0.6229257294869546,0
2004-09-01,1105.910034,-0.04478473565518981,0.1760829526274975,0.6229252777756091,0
2004-09-02,1118.310059,-0.03407437695140292,0.1765506280030591,0.6229248260642637,0
2004-09-03,1113.630005,-0.038116712115492724,0.1501183614168981,0.6229243743529183,0
2004-09-07,1121.300049,-0.031491812366191474,0.13449652404577891,0.6229002470528593,0
2004-09-08,1116.27002,-0.03583643383916846,0.1525804401837217,0.6228761197528003,0
2004-09-09,1118.380005,-0.03401396201273177,0.15891199251051613,0.6228519924527414,0
2004-09-10,1123.920044,-0.02922882610187927,0.14973067597833972,0.6228278651526825,0
2004-09-13,1125.819946,-0.02758781070698746,0.1269942617372738,0.6228037378526234,0
2004-09-14,1128.329956,-0.025419822541633552,0.13777891932509245,0.6227796105525645,0
2004-09-15,1120.369995,-0.03229513429125952,0.16354252093787114,0.62275205657839,0
2004-09-16,1123.5,-0.029591633589071686,0.14172689152381718,0.6227176492559842,0
2004-09-17,1128.550049,-0.025229720104082753,0.1441645530137881,0.6226832419335785,0
2004-09-20,1122.199951,-0.03071453383503886,0.1868045305491365,0.6226488346111727,0
2004-09-21,1129.300049,-0.024581917456278357,0.18928666073589376,0.622614427288767,0
2004-09-22,1113.560059,-0.03817712705416387,0.2705612297136738,0.6225800199663613,0
2004-09-23,1108.359985,-0.042668622662135225,0.28009123608345105,0.6225456126439555,0
2004-09-24,1110.109985,-0.041157083150591744,0.27592289131510156,0.6225295395483795,0
2004-09-27,1103.52002,-0.04684907885184253,0.2995654554687718,0.6225226335662183,0
2004-09-28,1110.060059,-0.041200206077250945,0.2905513584038122,0.6225157275840572,0
2004-09-29,1114.800049,-0.03710610198049591,0.28238446523373784,0.6225088216018959,0
2004-09-30,1114.579956,-0.03729620441804682,0.26164697969319045,0.6225019156197348,0
2004-10-01,1131.5,-0.02268173867915857,0.27720485890176266,0.6224950096375735,0
2004-10-04,1135.170044,-0.01951178638481388,0.25710461985225275,0.6224881036554124,0
2004-10-05,1134.47998,-0.020107820099953044,0.25452620951676896,0.6224711505573409,0
2004-10-06,1142.050049,-0.013569272443604286,0.22698418513338325,0.6224541974592694,0
2004-10-07,1130.650024,-0.023415894283652094,0.26290066044196975,0.622437244361198,0
2004-10-08,1122.140015,-0.03076630276770398,0.29726347866516,0.6224202912631265,0
2004-10-11,1124.390015,-0.0288228948242909,0.28753720923888443,0.622403338165055,0
2004-10-12,1121.839966,-0.03102546614993207,0.29697923662859566,0.6223863850669835,0
2004-10-13,1113.650024,-0.03809942096721752,0.32212142156277734,0.6223567842592487,0
2004-10-14,1103.290039,-0.04704772191950213,0.3564175837637199,0.6223018880321874,0
2004-10-15,1108.199951,-0.042806849927386814,0.32509837864302277,0.6222469918051263,0
2004-10-18,1114.02002,-0.037779841782581536,0.3153887201920078,0.6221920955780651,0
2004-10-19,1103.22998,-0.04709959709180134,0.30099041598106097,0.6221371993510039,0
2004-10-20,1103.660034,-0.04672814359860289,0.27797853422308527,0.6220823031239426,0
2004-10-21,1106.48999,-0.044283806278643145,0.24931781621162036,0.6220274068968813,0
2004-10-22,1095.73999,-0.05356897756383894,0.2760155773094109,0.6218788333839942,0
2004-10-25,1094.800049,-0.05438083925527881,0.2995294938788213,0.6216834212281936,0
2004-10-26,1111.089966,-0.04031063743512786,0.2936505426999311,0.6214880090723931,0
2004-10-27,1125.400024,-0.027950512818282536,0.2766490809904046,0.6212925969165924,0
2004-10-28,1127.439941,-0.026188561306414337,0.2731193952608188,0.6210971847607919,0
2004-10-29,1130.199951,-0.023804638925125743,0.23560260374718786,0.6209017726049919,0
2004-11-01,1130.51001,-0.023536829536891624,0.20153784623792068,0.6207063604491914,0
2004-11-02,1130.560059,-0.023493600370598444,0.20209443684683445,0.620649955968433,0
2004-11-03,1143.199951,-0.012576059696516872,0.1793240758686244,0.6205935514876745,0
2004-11-04,1161.670044,0.0,0.1778703703703703,0.6205371470069161,0
2004-11-05,1166.170044,0.0,0.1675661375661375,0.6204807425261578,0
2004-11-08,1164.890015,-0.0010976349517686224,0.17426689739185774,0.6204243380453994,0
2004-11-09,1164.079956,-0.0017922669260400648,0.179650720311248,0.620367933564641,0
2004-11-10,1162.910034,-0.0027954842578685746,0.17560325835811946,0.6203037283563995,0
2004-11-11,1173.47998,0.0,0.13231481481481475,0.6202239216931915,0
2004-11-12,1184.170044,0.0,0.14891534391534383,0.620144115029984,0
2004-11-15,1183.810059,-0.0003039977255159254,0.13775897716479896,0.6200643083667761,0
2004-11-16,1175.430054,-0.0073806883093219255,0.21076158787594812,0.6199845017035682,0
2004-11-17,1181.939941,-0.0018832624683418064,0.16842393612603127,0.6199046950403604,0
2004-11-18,1183.550049,-0.0005235692315824769,0.17546955291916871,0.6198248883771525,0
2004-11-19,1170.339966,-0.011679131785231944,0.2490546406819608,0.6197807909438552,0
2004-11-22,1177.23999,-0.005852245659408006,0.20325285352144826,0.6197545481255127,0
2004-11-23,1176.939941,-0.006105629032446491,0.18895373896591983,0.6197283053071702,0
2004-11-24,1181.76001,-0.002035209395991111,0.17522002905296702,0.6197020624888276,0
2004-11-26,1182.650024,-0.0012836163249539956,0.16810118615079128,0.6196758196704851,0
2004-11-29,1178.569946,-0.004729133310181877,0.14164056843782663,0.6196495768521427,0
2004-11-30,1173.819946,-0.008740381546081255,0.19320009806693766,0.6196233340338002,0
2004-12-01,1191.369995,0.0,0.1932671957671957,0.6195188957706822,0
2004-12-02,1190.329956,-0.0008729773322854184,0.1899496892008588,0.6194144575075641,0
2004-12-03,1191.170044,-0.0001678328318147626,0.19756912426590253,0.6193100192444461,0
2004-12-06,1190.25,-0.0009400899843881039,0.19309900745216513,0.6192055809813283,0
2004-12-07,1177.069946,-0.012003029335987181,0.20892744472699407,0.6191011427182103,0
2004-12-08,1182.810059,-0.007184951808359208,0.18551347656156536,0.6189967044550921,0
2004-12-09,1189.23999,-0.0017878618808089275,0.17383855595009234,0.6189184278200357,0
2004-12-10,1188.0,-0.0028286720449091085,0.1801404381999226,0.618892474441102,0
2004-12-13,1198.680054,0.0,0.15354497354497348,0.6188665210621683,0
2004-12-14,1203.380005,0.0,0.14509259259259252,0.6188405676832347,0
2004-12-15,1205.719971,0.0,0.1017460317460317,0.618814614304301,0
2004-12-16,1203.209961,-0.002081752032288442,0.09716741460805825,0.6187886609253672,0
2004-12-17,1194.199951,-0.009554473905284522,0.1165976438186165,0.6187627075464336,0
2004-12-20,1194.650024,-0.00918119237157422,0.0867184890469472,0.6187276476806016,0
2004-12-21,1205.449951,-0.00022394918098267436,0.08476609351453365,0.6186880345713204,0
2004-12-22,1209.569946,0.0,0.07074074074074069,0.618648421462039,0
2004-12-23,1210.130005,0.0,0.057394179894179845,0.6186088083527578,0
2004-12-27,1204.920044,-0.004305290322918709,0.05942560764676166,0.6185691952434765,0
2004-12-28,1213.540039,0.0,0.06153439153439149,0.6185295821341954,0
2004-12-29,1213.449951,-7.423570471898344e-05,0.05896474422132411,0.6184899690249142,0
2004-12-30,1213.550049,0.0,0.05406084656084652,0.6184779775181298,0
2004-12-31,1211.920044,-0.001343170808112193,0.06670439756232718,0.6184659860113455,0
2005-01-03,1202.079956,-0.009451685169022617,0.0759584243192292,0.6184539945045612,0
2005-01-04,1188.050049,-0.021012730394607715,0.10086342462167734,0.6184420029977769,0
2005-01-05,1183.73999,-0.024564342463307742,0.1268449358236941,0.6184300114909926,0
2005-01-06,1187.890015,-0.021144602994449757,0.12836294158275766,0.6184180199842083,0
2005-01-07,1186.189941,-0.022545512665543055,0.1408376839817204,0.6183991720958831,0
2005-01-10,1190.25,-0.019199907757574408,0.13133354010274,0.6183666114444764,0
2005-01-11,1182.98999,-0.025182363945502106,0.13019238170814745,0.6183340507930697,0
2005-01-12,1187.699951,-0.021301221174438667,0.09598474583260677,0.6183014901416629,0
2005-01-13,1177.449951,-0.02974751476442805,0.11414939866969455,0.6182689294902561,0
2005-01-14,1184.52002,-0.0239215754009664,0.09930112857639772,0.6182363688388494,0
2005-01-18,1195.97998,-0.014478240114182417,0.09204320030633101,0.6182038081874426,0
2005-01-19,1184.630005,-0.023830944610674254,0.10068708062275614,0.6181898084169128,0
2005-01-20,1175.410034,-0.031428464801619316,0.15172209426987962,0.6181850890868213,0
2005-01-21,1167.869995,-0.03764167290639686,0.16198217679984547,0.6181803697567299,0
2005-01-24,1163.75,-0.04103666679510798,0.1748392382493676,0.6181756504266385,0
2005-01-25,1168.410034,-0.03719666530209986,0.1900725062990277,0.618170931096547,0
2005-01-26,1174.069946,-0.032532735697660464,0.16119536749327712,0.6181662117664556,0
2005-01-27,1174.550049,-0.032137117074105936,0.14683173625612284,0.6181614924363641,0
2005-01-28,1171.359985,-0.0347658211828723,0.14337242457288585,0.6181575066661475,0
2005-01-31,1181.27002,-0.026599668490475237,0.14865240642137445,0.618153520895931,0
2005-02-01,1189.410034,-0.019892063800658222,0.1521905823808956,0.6181495351257145,0
2005-02-02,1193.189941,-0.016777312165062508,0.17186557883087916,0.6181455493554979,0
2005-02-03,1189.890015,-0.019496545708598156,0.1544937384482013,0.6181415635852814,0
2005-02-04,1203.030029,-0.008668797804152195,0.14976763673006194,0.6181375778150648,0
2005-02-07,1201.719971,-0.009748323120046254,0.16981968086574856,0.6181282389555809,0
2005-02-08,1202.300049,-0.00927032223291513,0.1702249157800272,0.6181081939175623,0
2005-02-09,1191.98999,-0.01776610615916996,0.2137531898248663,0.6180881488795438,0
2005-02-10,1197.01001,-0.013629465891109693,0.21532361303758552,0.6180681038415252,0
2005-02-11,1205.300049,-0.006798236304137784,0.21108116398824567,0.6180480588035067,0
2005-02-14,1206.140015,-0.00610608026105397,0.20310771959368798,0.618028013765488,0
2005-02-15,1210.119995,-0.0028264627427820876,0.20340498280456595,0.6180079687274694,0
2005-02-16,1210.339966,-0.0026452003381690625,0.20476154199310437,0.6179875892840639,0
2005-02-17,1200.75,-0.010547607006853643,0.18367564692674282,0.6179670426379649,0
2005-02-18,1201.589966,-0.00985545096376983,0.16707786390784649,0.6179464959918658,0
2005-02-22,1184.160034,-0.02421821417601866,0.2544586824080477,0.6179259493457667,0
2005-02-23,1190.800049,-0.01874665162656175,0.23265471211060418,0.6179054026996676,0
2005-02-24,1200.199951,-0.011000863137866301,0.2143253743897781,0.6178848560535687,0
2005-02-25,1211.369995,-0.001796426939124851,0.22027740544864288,0.6178643094074696,0
2005-02-28,1203.599976,-0.00819914515120257,0.22327812762059646,0.6178347975834482,0
2005-03-01,1210.410034,-0.0025874622992165808,0.18479807645218152,0.6178052857594267,0
2005-03-02,1210.079956,-0.002859456025616214,0.19525674405613622,0.6177757739354054,0
2005-03-03,1210.469971,-0.002538072494445598,0.17456685101449868,0.6177462621113841,0
2005-03-04,1222.119995,0.0,0.15757936507936499,0.6177167502873626,0
2005-03-07,1225.310059,0.0,0.14141534391534383,0.6176872384633412,0
2005-03-08,1219.430054,-0.004798789462969744,0.16218711878413505,0.6176636758622774,0
2005-03-09,1207.01001,-0.014935035312560019,0.18142733338036296,0.617652011707129,0
2005-03-10,1209.25,-0.013106934756666244,0.1747098031894809,0.6176403475519806,0
2005-03-11,1200.079956,-0.02059079072654535,0.1877512769141824,0.6176286833968323,0
2005-03-14,1206.829956,-0.015081980976375808,0.16103488510815883,0.6176170192416839,0
2005-03-15,1197.75,-0.022492314331029162,0.1707738459803037,0.6176053550865355,0
2005-03-16,1188.069946,-0.030392399643231705,0.1819735250745235,0.617593690931387,0
2005-03-17,1190.209961,-0.02864589068063783,0.1622718942135907,0.6175496018241787,0
2005-03-18,1189.650024,-0.029102866444353448,0.1482567730665574,0.6174893002409405,0
2005-03-21,1183.780029,-0.03389348654649371,0.1599843531679617,0.6174289986577022,0
2005-03-22,1171.709961,-0.04374410999591727,0.17378922829139695,0.6173686970744638,0
2005-03-23,1172.530029,-0.04307483613010954,0.17867393034025836,0.6173083954912256,0
2005-03-24,1171.420044,-0.04398071704722695,0.16678479696460877,0.6172480939079875,0
2005-03-28,1174.280029,-0.041646626194880465,0.1449759514338565,0.6171877923247492,0
2005-03-29,1165.359985,-0.04892645217401248,0.18025936165643394,0.6171612107776241,0
2005-03-30,1181.410034,-0.035827686778175605,0.1654403140809006,0.6171346292304989,0
2005-03-31,1180.589966,-0.036496960643983334,0.16080693478336194,0.6171080476833738,0
2005-04-01,1172.920044,-0.04275653710274485,0.17540837362382283,0.6170814661362488,0
2005-04-04,1176.119995,-0.04014499321106113,0.17985388603316746,0.6170548845891236,0
2005-04-05,1181.390015,-0.035844024683714726,0.14207367618130418,0.6170283030419985,0
2005-04-06,1184.069946,-0.03365687949518403,0.13175068925665465,0.6169957245238381,0
2005-04-07,1191.140015,-0.027886855044580994,0.12591131600058705,0.6169511520636073,0
2005-04-08,1181.199951,-0.035999139708359995,0.1275640470151113,0.6169065796033766,0
2005-04-11,1181.209961,-0.035990970347530515,0.13784524907312123,0.6168620071431458,0
2005-04-12,1187.76001,-0.030645344600080504,0.1314172706629537,0.616817434682915,0
2005-04-13,1173.790039,-0.042046516815545054,0.1830351852580191,0.6167728622226841,0
2005-04-14,1162.050049,-0.05162775701982547,0.2286728851433672,0.6167282897624533,0
2005-04-15,1142.619995,-0.06748501197116175,0.41336296674634637,0.6166380990144683,0
2005-04-18,1145.97998,-0.0647428611373212,0.3812231793965314,0.6165250991226061,0
2005-04-19,1152.780029,-0.059193205399124094,0.364722322669425,0.6164120992307438,0
2005-04-20,1137.5,-0.07166354210106085,0.40747773200275433,0.6162990993388816,0
2005-04-21,1159.949951,-0.053341688921856645,0.37318992088612196,0.6161860994470193,0
2005-04-22,1152.119995,-0.05973187232277499,0.36453538964447274,0.6160730995551574,0
2005-04-25,1162.099976,-0.05158701059843329,0.3378964762101833,0.6159600996632951,0
2005-04-26,1151.829956,-0.05996857894072005,0.36661837938494857,0.6159453180197123,0
2005-04-27,1156.380005,-0.056255193119246205,0.35183162856849215,0.6159305363761295,0
2005-04-28,1143.219971,-0.06699535958024805,0.399865330967197,0.6159157547325467,0
2005-04-29,1156.849976,-0.05587164040412074,0.382257608696585,0.615900973088964,0
2005-05-02,1162.160034,-0.0515379960656962,0.3748217857550258,0.6158861914453811,0
2005-05-03,1161.170044,-0.05234594666785475,0.34597651166280124,0.6158714098017983,0
2005-05-04,1175.650024,-0.0405285459261866,0.3296263186034873,0.6158613331534829,0
2005-05-05,1172.630005,-0.04299324372068991,0.32126120463414,0.6158606664957025,0
2005-05-06,1171.349976,-0.04403790094079363,0.32788516366863474,0.6158599998379221,0
2005-05-09,1178.839966,-0.03792517057921252,0.32196523115008135,0.6158593331801415,0
2005-05-10,1166.219971,-0.04822460043152221,0.37929809194639796,0.615858666522361,0
2005-05-11,1171.109985,-0.044233762386830966,0.3942048534885356,0.6158579998645806,0
2005-05-12,1159.359985,-0.05382317195194086,0.42133383808836067,0.6158573332068,0
2005-05-13,1154.050049,-0.05815671672373002,0.3749203352007511,0.6158420020601528,0
2005-05-16,1165.689941,-0.04865716849550472,0.31808436939037277,0.6158193386690722,0
2005-05-17,1173.800049,-0.04203834745471546,0.27715236615200767,0.6157966752779915,0
2005-05-18,1185.560059,-0.03244076852877609,0.24767230847791744,0.6157740118869108,0
2005-05-19,1191.079956,-0.027935870393438034,0.23639341484249596,0.6157513484958302,0
2005-05-20,1189.280029,-0.029404826750059287,0.2430238873381663,0.6157286851047497,0
2005-05-23,1193.859985,-0.02566703322885222,0.2275332441074268,0.615706021713669,0
2005-05-24,1194.069946,-0.02549567986530321,0.2250921703357183,0.6155074257855289,0
2005-05-25,1190.01001,-0.02880907468335736,0.26558940813854726,0.6153088298573889,0
2005-05-26,1197.619995,-0.02259841400681739,0.2706366153266993,0.6151102339292488,0
2005-05-27,1198.780029,-0.021651687101672534,0.2543947229347054,0.6149116380011094,0
2005-05-31,1191.5,-0.027593064099704634,0.27287358168155024,0.6147130420729694,0
2005-06-01,1202.219971,-0.018844281763951365,0.2653644608680643,0.6145144461448293,0
2005-06-02,1204.290039,-0.01715485794440863,0.24443503588249663,0.6143698945936953,0
2005-06-03,1196.02002,-0.023904185544599388,0.27766650413500066,0.6143334317965725,0
2005-06-06,1197.51001,-0.022688174960946772,0.2809295136568397,0.6142969689994499,0
2005-06-07,1197.26001,-0.02289220495169375,0.27079075176213824,0.6142605062023272,0
2005-06-08,1194.670044,-0.025005927907754133,0.26677960026179165,0.6142240434052045,0
2005-06-09,1200.930054,-0.01989700877824918,0.24119122534871376,0.6141875806080818,0
2005-06-10,1198.109985,-0.022198523386152913,0.22823875716391254,0.6141511178109591,0
2005-06-13,1200.819946,-0.01998687011513367,0.19016149281540903,0.6141310578553637,0
2005-06-14,1203.910034,-0.01746498761094384,0.20114317031831772,0.6141191993205319,0
2005-06-15,1206.579956,-0.015286010967122787,0.1895601443774785,0.6141073407857002,0
2005-06-16,1210.959961,-0.01171140144863525,0.156289131473812,0.6140954822508683,0
2005-06-17,1216.959961,-0.006814681670706757,0.09264851747574754,0.6140836237160365,0
2005-06-20,1216.099976,-0.007516532597077075,0.10620237879903212,0.6140717651812048,0
2005-06-21,1213.609985,-0.009548663959837667,0.09301924331265171,0.614059906646373,0
2005-06-22,1213.880005,-0.009328295247431728,0.07911723472019845,0.613921158744655,0
2005-06-23,1200.72998,-0.02006029316372393,0.08818610841022528,0.613782410842937,0
2005-06-24,1191.569946,-0.027535979772773445,0.11853259371674607,0.6136436629412192,0
2005-06-27,1190.689941,-0.02825416942080272,0.12648436838432828,0.6135049150395017,0
2005-06-28,1201.569946,-0.019374780142892623,0.15813068855242346,0.6133661671377837,0
2005-06-29,1199.849976,-0.02077848199563337,0.14947121543179703,0.6132274192360657,0
2005-06-30,1191.329956,-0.027731840402690944,0.1703284730334936,0.6131276375494532,0
2005-07-01,1194.439941,-0.025193719559597483,0.13969013542918887,0.6131057882930511,0
2005-07-05,1204.98999,-0.016583613960195143,0.11184478119667857,0.613083939036649,0
2005-07-06,1194.939941,-0.024785659578103414,0.14786448461541715,0.613062089780247,0
2005-07-07,1197.869995,-0.022394384016070412,0.13189971584573945,0.6130402405238449,0
2005-07-08,1211.859985,-0.010976873895066852,0.12088388888572038,0.6130183912674427,0
2005-07-11,1219.439941,-0.004790720484895483,0.14375151008452003,0.6129965420110406,0
2005-07-12,1222.209961,-0.0025300518650193116,0.13986145906341996,0.6129856790929284,0
2005-07-13,1223.290039,-0.0016485786476351239,0.1283804107792785,0.6129803093439612,0
2005-07-14,1226.5,0.0,0.13243386243386238,0.612974939594994,0
2005-07-15,1227.920044,0.0,0.1374603174603174,0.6129695698460268,0
2005-07-18,1221.130005,-0.005529707763284986,0.1504980831783758,0.6129642000970595,0
2005-07-19,1229.349976,0.0,0.12583333333333327,0.6129588303480923,0
2005-07-20,1235.199951,0.0,0.12522486772486766,0.612953460599125,0
2005-07-21,1227.040039,-0.006606146635120824,0.14246441299918197,0.6128416467678667,0
2005-07-22,1233.680054,-0.001230486609693937,0.13454536700041575,0.6127298329366084,0
2005-07-25,1229.030029,-0.004995079537531533,0.11034594729688962,0.6126180191053501,0
2005-07-26,1231.160034,-0.0032706583227511965,0.09727135083386224,0.6125062052740922,0
2005-07-27,1236.790039,0.0,0.06642857142857139,0.6123943914428338,0
2005-07-28,1243.719971,0.0,0.05890211640211636,0.6122825776115755,0
2005-07-29,1234.180054,-0.007670470220341952,0.07105641611626215,0.6121823405651557,0
2005-08-01,1235.349976,-0.006729806705017549,0.06811545058570355,0.612105257088413,0
2005-08-02,1244.119995,0.0,0.06853174603174599,0.6120281736116706,0
2005-08-03,1245.040039,0.0,0.08358465608465604,0.6119510901349279,0
2005-08-04,1235.859985,-0.007373300225246737,0.16607018249251823,0.6118740066581851,0
2005-08-05,1226.420044,-0.014955338315830624,0.23810513613772682,0.6117969231814425,0
2005-08-08,1223.130005,-0.01759785493934629,0.21359097090076046,0.6117198397046998,0
2005-08-09,1231.380005,-0.010971562015765768,0.19399920775225218,0.6116792820622509,0
2005-08-10,1229.130005,-0.01277873281310593,0.17956728360853128,0.6116569873369486,0
2005-08-11,1237.810059,-0.005807026098379242,0.13098959533921906,0.6116346926116463,0
2005-08-12,1230.390015,-0.011766709134725328,0.15644809328971265,0.611612397886344,0
2005-08-15,1233.869995,-0.008971634365246284,0.1392712522435865,0.6115901031610417,0
2005-08-16,1219.339966,-0.020641965073381896,0.22820951152721164,0.6115678084357394,0
2005-08-17,1220.23999,-0.019919077477957292,0.21636321043386614,0.6115455137104372,0
2005-08-18,1219.02002,-0.020898941548015637,0.2319967192756081,0.6115039899785211,0
2005-08-19,1219.709961,-0.0203447898915321,0.20272062617671674,0.611462466246605,0
2005-08-22,1221.72998,-0.018722336848477794,0.19914669839806748,0.6114209425146889,0
2005-08-23,1217.589966,-0.0220475423602019,0.21662900850419986,0.6113794187827729,0
2005-08-24,1209.589966,-0.028473038528522343,0.24203801660459712,0.6113378950508568,0
2005-08-25,1212.369995,-0.026240155317607372,0.21248024987319225,0.6112963713189408,0
2005-08-26,1205.099976,-0.03207934022112202,0.23049256276270083,0.6112678345414017,0
2005-08-29,1212.280029,-0.02631241484114233,0.21010664384111677,0.6112652716726165,0
2005-08-30,1208.410034,-0.029420744596632242,0.18093981415087926,0.6112627088038312,0
2005-08-31,1220.329956,-0.019846817954422336,0.14968919741832262,0.611260145935046,0
2005-09-01,1221.589966,-0.018834794276041733,0.1395991076286045,0.6112575830662608,0
2005-09-02,1218.02002,-0.021702128569055623,0.1330531362934487,0.6112550201974755,0
2005-09-06,1233.390015,-0.009357148071605148,0.12617566763301608,0.6112524573286903,0
2005-09-07,1236.359985,-0.006971706714726689,0.10117028086190477,0.6112315257395962,0
2005-09-08,1231.670044,-0.010738606455370392,0.13213235949247615,0.6112014097903475,0
2005-09-09,1241.47998,-0.002859393182936709,0.12696301785127,0.611171293841099,0
2005-09-12,1240.560059,-0.0035982617905190306,0.11530997764068629,0.6111411778918504,0
2005-09-13,1231.199951,-0.011116179051652075,0.16525740427997182,0.6111110619426019,0
2005-09-14,1227.160034,-0.014360987952131254,0.1797199580293299,0.6110809459933534,0
2005-09-15,1227.72998,-0.013903214722237434,0.1686150745979018,0.6110508300441048,0
2005-09-16,1237.910034,-0.00572672747595071,0.14109164969071752,0.6110279864818358,0
2005-09-19,1231.02002,-0.011260697295534916,0.1728911436329487,0.6110051429195668,0
2005-09-20,1221.339966,-0.019035591031301702,0.16023688913174186,0.6109822993572979,0
2005-09-21,1210.199951,-0.027983106493493226,0.2045982463107103,0.610959455795029,0
2005-09-22,1214.619995,-0.02443298452026732,0.1845973592020985,0.61093661223276,0
2005-09-23,1215.290039,-0.0238948138759415,0.17489070786806094,0.610913768670491,0
2005-09-26,1215.630005,-0.023621757597146686,0.17437785514832196,0.6108933650399153,0
2005-09-27,1215.660034,-0.023597638694091816,0.19526161087735455,0.6108778412727262,0
2005-09-28,1216.890015,-0.022609733918765973,0.1766158076866461,0.6108623175055371,0
2005-09-29,1227.680054,-0.013943314637450022,0.1711631944961569,0.610846793738348,0
2005-09-30,1228.810059,-0.013035709287739672,0.16294443844687484,0.610831269971159,0
2005-10-03,1226.699951,-0.01473052064633229,0.17581154541051933,0.6108157462039698,0
2005-10-04,1214.469971,-0.024553481849911796,0.19573401948973534,0.6108002224367808,0
2005-10-05,1196.390015,-0.039075067850087075,0.3355276475576705,0.6107204846565369,0
2005-10-06,1191.48999,-0.04301070433285881,0.37841178699837225,0.6106086398697654,0
2005-10-07,1195.900024,-0.03946862226171344,0.3525343043860137,0.610496795082994,0
2005-10-10,1187.329956,-0.046351989648744096,0.37023878969489493,0.6103849502962225,0
2005-10-11,1184.869995,-0.04832779839620882,0.343006585588678,0.6102731055094511,0
2005-10-12,1177.680054,-0.054102665689452656,0.36719833110247535,0.61016126072268,0
2005-10-13,1176.839966,-0.054777413467584024,0.3448995628277674,0.6100494159359086,0
2005-10-14,1186.569946,-0.04696241981660476,0.3073337397587616,0.6100145559372429,0
2005-10-17,1190.099976,-0.04412714553672281,0.30364040533189796,0.6099796959385771,0
2005-10-18,1178.140015,-0.053733230984068014,0.37434760204860634,0.6099448359399113,0
2005-10-19,1195.76001,-0.039581079689277376,0.27379359192342906,0.6099099759412457,0
2005-10-20,1177.800049,-0.05400628726286294,0.331368391276282,0.60987511594258,0
2005-10-21,1179.589966,-0.052568649159723924,0.32833370174299137,0.6098402559439143,0
2005-10-24,1199.380005,-0.03667354668904743,0.318135240153841,0.6097918981851889,0
2005-10-25,1196.540039,-0.03895457052044249,0.30928516716421345,0.6097165449063442,0
2005-10-26,1191.380005,-0.043099042857367875,0.3051844598944498,0.6096411916274996,0
2005-10-27,1178.900024,-0.05312280161939431,0.3443558275517386,0.6095658383486549,0
2005-10-28,1198.410034,-0.03745261480703266,0.3122447250700264,0.6094904850698102,0
2005-10-31,1207.01001,-0.030545225702576784,0.36120453539335656,0.6094151317909654,0
2005-11-01,1202.76001,-0.03395877054199703,0.3529198368197085,0.6093397785121207,0
2005-11-02,1214.76001,-0.02432052628951642,0.3019624093251974,0.6092486632363476,0
2005-11-03,1219.939941,-0.020160072940433316,0.24398044731687968,0.60914966696211,0
2005-11-04,1220.140015,-0.019999376100385824,0.24221353703474863,0.6090506706878724,0
2005-11-07,1222.810059,-0.017854831413980032,0.24231204108301935,0.6089516744136348,0
2005-11-08,1218.589966,-0.021244355339161913,0.2541969301106979,0.6088526781393973,0
2005-11-09,1220.650024,-0.01958974349097209,0.22563732181879606,0.60875368186516,0
2005-11-10,1230.959961,-0.011308935904831507,0.2132664902815649,0.6086546855909224,0
2005-11-11,1234.719971,-0.008288944673850773,0.19624302990491715,0.6086359361116535,0
2005-11-14,1233.76001,-0.009059972889755352,0.20916561826135713,0.6086171866323846,0
2005-11-15,1229.01001,-0.012875111239695647,0.21203743507493628,0.6085984371531157,0
2005-11-16,1231.209961,-0.011108139149571539,0.24433505798477678,0.6085796876738468,0
2005-11-17,1242.800049,-0.0017991308952595153,0.24128594120129548,0.608560938194578,0
2005-11-18,1248.27002,0.0,0.2466666666666666,0.6085421887153091,0
2005-11-21,1254.849976,0.0,0.25502645502645493,0.6085099515945503,0
2005-11-22,1261.22998,0.0,0.24132275132275122,0.6084507391908119,0
2005-11-23,1265.609985,0.0,0.24201058201058193,0.6083915267870738,0
2005-11-25,1268.25,0.0,0.1862830687830687,0.6083323143833353,0
2005-11-28,1257.459961,-0.008507817070766754,0.26904535932089885,0.6082731019795969,0
2005-11-29,1257.47998,-0.00849203232801099,0.2303756239787983,0.6082138895758585,0
2005-11-30,1249.47998,-0.014799936920954049,0.30727050631572683,0.6081546771721202,0
2005-12-01,1264.670044,-0.002822752611866819,0.33383703858397556,0.6080889139894324,0
2005-12-02,1265.079956,-0.0024995418884289355,0.32159733386399825,0.6080198754172699,0
2005-12-05,1262.089966,-0.004857113345160702,0.34355340373906046,0.6079508368451072,0
2005-12-06,1263.699951,-0.0035876593731519746,0.33221524415783515,0.6078817982729445,0
2005-12-07,1257.369995,-0.008578754188842908,0.3375960923281987,0.6078127597007819,0
2005-12-08,1255.839966,-0.009785163808397446,0.35895119127907155,0.6077437211286194,0
2005-12-09,1259.369995,-0.007001778040607087,0.36494975269634744,0.6076746825564567,0
2005-12-12,1260.430054,-0.0061659341612458896,0.333404411998786,0.6075759868073926,0
2005-12-13,1267.430054,-0.0006465176424207408,0.31645042434550796,0.6074772910583284,0
2005-12-14,1272.73999,0.0,0.2833068783068782,0.6073785953092642,0
2005-12-15,1270.939941,-0.0014143100822973098,0.26635325675484134,0.6072798995602003,0
2005-12-16,1267.319946,-0.004258563447825603,0.20340392693104145,0.6071812038111362,0
2005-12-19,1259.920044,-0.010072714066287847,0.1933438706361591,0.6070825080620721,0
2005-12-20,1259.619995,-0.010308464496350145,0.16688073940620213,0.6070008215720669,0
2005-12-21,1262.790039,-0.007817740526877004,0.16729134154230524,0.6069531536001798,0
2005-12-22,1268.119995,-0.0036299598003517453,0.13835066075513103,0.6069054856282928,0
2005-12-23,1268.660034,-0.0032056476829961378,0.12450815288097097,0.6068578176564057,0
2005-12-27,1256.540039,-0.012728405744522941,0.1355915472108878,0.6068101496845184,0
2005-12-28,1258.170044,-0.01144770032722875,0.12125046790590195,0.6067624817126313,0
2005-12-29,1254.420044,-0.014394099457816223,0.12847662305308313,0.6067148137407441,0
2005-12-30,1248.290039,-0.01921048383181556,0.11097586102145904,0.6066864736158019,0
2006-01-03,1268.800049,-0.0030956369965243757,0.11694227762334242,0.6066677974143317,0
2006-01-04,1273.459961,0.0,0.1376587301587301,0.6066491212128617,0
2006-01-05,1273.47998,0.0,0.14137566137566132,0.6066304450113917,0
2006-01-06,1285.449951,0.0,0.1404629629629629,0.6066117688099216,0
2006-01-09,1290.150024,0.0,0.11201058201058196,0.6065930926084516,0
2006-01-10,1289.689941,-0.0003566120152239671,0.1332057121960465,0.6065744164069816,0
2006-01-11,1294.180054,0.0,0.14646825396825391,0.6065683666136797,0
2006-01-12,1286.060059,-0.006274239024858241,0.16207935138009438,0.6065623168203779,0
2006-01-13,1287.609985,-0.005076626687062102,0.1764226398551623,0.606556267027076,0
2006-01-17,1282.930054,-0.008692762622348416,0.24969057440607728,0.6065502172337741,0
2006-01-18,1277.930054,-0.012556212676725464,0.29053041817503344,0.6065441674404722,0
2006-01-19,1285.040039,-0.007062398289751415,0.2918743488471725,0.6065381176471704,0
2006-01-20,1261.48999,-0.025259285907677786,0.4018455346236048,0.606524432958317,0
2006-01-23,1263.819946,-0.02345895218069849,0.38752904949514494,0.6064954784783607,0
2006-01-24,1266.859985,-0.021109944412726844,0.359247277210616,0.6064665239984045,0
2006-01-25,1264.680054,-0.022794355320824633,0.33140084543260845,0.6064375695184482,0
2006-01-26,1273.829956,-0.01572431744493563,0.322665477230219,0.6064086150384919,0
2006-01-27,1283.719971,-0.00808240164702767,0.3062729560505072,0.6063796605585355,0
2006-01-30,1285.189941,-0.006946570511741079,0.2990633978416024,0.6063507060785792,0
2006-01-31,1280.079956,-0.010895004876964265,0.30157929685764806,0.6063237863607901,0
2006-02-01,1282.459961,-0.009055998787630748,0.28261323029118857,0.6062978840240845,0
2006-02-02,1270.839966,-0.018034652850552946,0.3314167156957957,0.6062719816873787,0
2006-02-03,1264.030029,-0.023296623145143802,0.3472548895731143,0.6062460793506731,0
2006-02-06,1265.02002,-0.02253166698858733,0.34248773583604014,0.6062201770139674,0
2006-02-07,1254.780029,-0.030444005745741354,0.380514288376371,0.6061942746772617,0
2006-02-08,1265.650024,-0.022044869190975702,0.35306759964292733,0.6061683723405561,0
2006-02-09,1263.780029,-0.023489795647862688,0.33629622038590073,0.6061351865586223,0
2006-02-10,1266.98999,-0.021009490847863077,0.3189415477475943,0.6061020007766884,0
2006-02-13,1262.859985,-0.024200704456228572,0.3429297342363631,0.6060688149947546,0
2006-02-14,1275.530029,-0.014410688020076612,0.3031393864706527,0.6060356292128208,0
2006-02-15,1280.0,-0.010956786079473813,0.2700661327133579,0.606002443430887,0
2006-02-16,1289.380005,-0.0037089499140124937,0.23561476106083606,0.6059692576489532,0
2006-02-17,1287.23999,-0.005362518127635996,0.2364879318060732,0.6059325761630009,0
2006-02-21,1283.030029,-0.008615512938511038,0.23256083774843542,0.6058889032690118,0
2006-02-22,1292.670044,-0.0011667696433219632,0.22375462092648363,0.6058452303750228,0
2006-02-23,1287.790039,-0.004937500759844005,0.2354620379488498,0.6058015574810337,0
2006-02-24,1289.430054,-0.003670277551658163,0.19949692565458235,0.6057578845870446,0
2006-02-27,1294.119995,-4.640698936309029e-05,0.12803187886342615,0.6057142116930555,0
2006-02-28,1280.660034,-0.010446784400835685,0.21469222593708742,0.6056705387990664,0
2006-03-01,1291.23999,-0.0022717580841342677,0.19120494567979707,0.6056201548764913,0
2006-03-02,1289.140015,-0.0038943877897225088,0.15526850344290505,0.6055664154396232,0
2006-03-03,1287.22998,-0.005370252754644755,0.16729086415213448,0.6055126760027552,0
2006-03-06,1278.26001,-0.012301258971497031,0.19132235732664293,0.605458936565887,0
2006-03-07,1275.880005,-0.014140265060830548,0.18519583130050982,0.6054051971290189,0
2006-03-08,1278.469971,-0.012139024204123605,0.18118058565870487,0.6053514576921508,0
2006-03-09,1272.22998,-0.016960602917776013,0.2000220356706433,0.6052977182552827,0
2006-03-10,1281.420044,-0.009859532265670379,0.1792653011526668,0.6052781486102099,0
2006-03-13,1284.130005,-0.007765572471108317,0.16945096209760505,0.6052585789651371,0
2006-03-14,1297.47998,0.0,0.15559523809523804,0.6052390093200644,0
2006-03-15,1303.02002,0.0,0.14600529100529094,0.6052194396749917,0
2006-03-16,1305.329956,0.0,0.15506613756613752,0.6051998700299189,0
2006-03-17,1307.25,0.0,0.14501322751322746,0.6051803003848462,0
2006-03-20,1305.079956,-0.0016600068846815974,0.09425391302352262,0.6051417772287727,0
2006-03-21,1297.22998,-0.007664960795563114,0.12132758258430532,0.6050653470506983,0
2006-03-22,1305.040039,-0.0016905419774335684,0.09533552867979854,0.6049889168726239,0
2006-03-23,1301.670044,-0.004268468923312341,0.11565126323707528,0.6049124866945494,0
2006-03-24,1302.949951,-0.0032893853509274873,0.11083879681264733,0.6048360565164749,0
2006-03-27,1301.609985,-0.004314411933448059,0.0986561302989736,0.6047596263384003,0
2006-03-28,1293.22998,-0.010724819277108333,0.09616343392618074,0.6046831961603258,0
2006-03-29,1302.890015,-0.003335234270415044,0.07842027054248743,0.6046492292952885,0
2006-03-30,1300.25,-0.0053547523427041055,0.08192834831389037,0.6046364940867696,0
2006-03-31,1294.869995,-0.009470265825205604,0.0928854830114107,0.6046237588782506,0
2006-04-03,1297.810059,-0.007221220883534163,0.09914165553643142,0.6046110236697316,0
2006-04-04,1305.930054,-0.00100971199082045,0.0644127125900427,0.6045982884612127,0
2006-04-05,1311.560059,0.0,0.05380952380952377,0.6045855532526937,0
2006-04-06,1309.040039,-0.0019213912338267303,0.06689561657053913,0.6045728180441747,0
2006-04-07,1295.5,-0.012245004633828938,0.11405908492567404,0.6045530697961535,0
2006-04-10,1296.619995,-0.011391063563944592,0.10431742442488162,0.6045333215481322,0
2006-04-11,1286.569946,-0.019053731339648716,0.19795707020017095,0.604513573300111,0
2006-04-12,1288.119995,-0.017871895258743886,0.16899918436340267,0.6044938250520899,0
2006-04-13,1289.119995,-0.017109444471120394,0.1703064656404767,0.6044740768040686,0
2006-04-17,1285.329956,-0.019999162691793915,0.1786550798862373,0.6044543285560474,0
2006-04-18,1307.280029,-0.003263312244551897,0.17965671543420295,0.6044260028481194,0
2006-04-19,1309.930054,-0.0012427985960801191,0.16536701969095746,0.6043805222203777,0
2006-04-20,1311.459961,-7.631979893940599e-05,0.1720889382560817,0.6043350415926364,0
2006-04-21,1311.280029,-0.00021350909405815077,0.1719625601192189,0.6042895609648948,0
2006-04-24,1308.109985,-0.0026305116386590166,0.2016883599981368,0.6042440803371532,0
2006-04-25,1301.73999,-0.007487319343566501,0.23694774617524267,0.6041985997094116,0
2006-04-26,1305.410034,-0.0046890914051538335,0.22016394672322157,0.60415311908167,0
2006-04-27,1309.719971,-0.001402976544896406,0.2022523549226587,0.6041377932056813,0
2006-04-28,1310.609985,-0.000724384669600453,0.22925550498976385,0.6041375447055688,0
2006-05-01,1305.189941,-0.004856901486354093,0.24586796432330738,0.6041372962054563,0
2006-05-02,1313.209961,0.0,0.21522486772486765,0.6041370477053437,0
2006-05-03,1308.119995,-0.0038759727318272708,0.2325744477014731,0.6041367992052312,0
2006-05-04,1312.25,-0.0007310034408123389,0.2242237649755356,0.6041365507051187,0
2006-05-05,1325.76001,0.0,0.22710317460317453,0.6041363022050062,0
2006-05-08,1324.660034,-0.0008296946594429366,0.22497711507281293,0.6041334587068333,0
2006-05-09,1325.140015,-0.00046765251276514874,0.22769081264494773,0.6041306152086604,0
2006-05-10,1322.849976,-0.0021949930440275933,0.20821600223484363,0.6041277717104875,0
2006-05-11,1305.920044,-0.014964975448309104,0.2903389229189232,0.6041249282123146,0
2006-05-12,1291.23999,-0.026037910134278364,0.4057031641188059,0.6041220847141416,0
2006-05-15,1294.5,-0.02357893567780789,0.3994851990038455,0.6041192412159687,0
2006-05-16,1292.079956,-0.02540433694330535,0.39920213554889755,0.6041129625896596,0
2006-05-17,1270.319946,-0.04181757149244525,0.4588980170078654,0.6040998137070782,0
2006-05-18,1261.810059,-0.048236445900944114,0.47585992555732326,0.6040866648244968,0
2006-05-19,1267.030029,-0.04429910433035311,0.4674181844556829,0.6040735159419155,0
2006-05-22,1262.069946,-0.04804041720944641,0.5073839503867853,0.6040603670593341,0
2006-05-23,1256.579956,-0.05218143063464398,0.4850118966557525,0.6040472181767527,0
2006-05-24,1258.569946,-0.050680412362113625,0.43602813504617643,0.6040340692941712,0
2006-05-25,1272.880005,-0.039886559106576125,0.3946495852136055,0.6040171573428547,0
2006-05-26,1280.160034,-0.03439534731478289,0.4032585437618664,0.6039983638571703,0
2006-05-30,1259.869995,-0.04969980577404798,0.5242032589923495,0.603979570371486,0
2006-05-31,1270.089966,-0.04199104180250535,0.45697655175030794,0.6039607768858017,0
2006-06-01,1285.709961,-0.030209124349737992,0.41390967937841566,0.6039419834001174,0
2006-06-02,1288.219971,-0.028315863140267683,0.4111880304773158,0.6039231899144333,0
2006-06-05,1265.290039,-0.045611551520550075,0.5021280417188398,0.6039043964287489,0
2006-06-06,1263.849976,-0.04669776847470308,0.4980743592066806,0.6038930763027754,0
2006-06-07,1256.150024,-0.05250572160492295,0.5208375537565952,0.6038817561768021,0
2006-06-08,1257.930054,-0.05116307287017963,0.5333004493489774,0.6038704360508286,0
2006-06-09,1252.300049,-0.05540969741574875,0.5440180919253534,0.6038591159248552,0
2006-06-12,1237.439941,-0.06661844401235173,0.5668601222328113,0.6038477957988817,0
2006-06-13,1223.689941,-0.0769898535406871,0.6197820041430043,0.6038364756729083,0
2006-06-14,1230.040039,-0.07220007412955531,0.5807803005956779,0.6039006230534244,0
2006-06-15,1256.160034,-0.052498171218786416,0.5960930435577816,0.603889302927451,0
2006-06-16,1251.540039,-0.05598296104888545,0.6171001881792973,0.6038779828014776,0
2006-06-19,1240.130005,-0.0645893708922477,0.6262903138537658,0.6039670413810299,0
2006-06-20,1240.119995,-0.06459692127838423,0.5908099563277117,0.6040603670593341,0
2006-06-21,1252.199951,-0.05548519976854627,0.5860928217328374,0.6040472181767527,0
2006-06-22,1245.599976,-0.06046345748503912,0.6060614399873377,0.6040340692941712,0
2006-06-23,1244.5,-0.061293152144481944,0.6163956979172935,0.6041085796287992,0
2006-06-26,1250.560059,-0.05672214460594571,0.5895877375482986,0.6041315630413847,0
2006-06-27,1239.199951,-0.06529089604988159,0.6035342604450429,0.6041287195432118,0
2006-06-28,1246.0,-0.06016172565048172,0.59925756284407,0.6041258760450389,0
2006-06-29,1272.869995,-0.03989410949271277,0.5704655239838478,0.604123032546866,0
2006-06-30,1270.199951,-0.04190808184054362,0.5641785870975411,0.604120189048693,0
2006-07-03,1280.189941,-0.03437278893334539,0.5492764472491148,0.6041173455505201,0
2006-07-05,1270.910034,-0.0413724773611176,0.5832184014047695,0.6041041966679387,0
2006-07-06,1274.079956,-0.03898145487130811,0.5678888569566807,0.6040910477853573,0
2006-07-07,1265.47998,-0.045468282000752036,0.5998926262315901,0.6040778989027759,0
2006-07-10,1267.339966,-0.04406532370817251,0.59844717151859,0.6040647500201946,0
2006-07-11,1272.430054,-0.04022595009484409,0.580929870272543,0.6040516011376131,0
2006-07-12,1258.599976,-0.0506577612037038,0.5701279377830688,0.6040384522550317,0
2006-07-13,1242.280029,-0.0629676414813568,0.6900056142220725,0.6040234218380827,0
2006-07-14,1236.199951,-0.06755374903788203,0.68765180043276,0.6040998137070782,0
2006-07-17,1234.48999,-0.06884354582395347,0.7181413555178445,0.6041296673759361,1
2006-07-18,1236.859985,-0.06705589573485471,0.7078612547760055,0.6041371305387147,1
2006-07-19,1259.810059,-0.049745014559611,0.6601172978948134,0.6042440803371532,1
2006-07-20,1249.130005,-0.057800811928246376,0.6562525087054298,0.6044674940547282,1
2006-07-21,1240.290039,-0.06446865975388716,0.6911057779480507,0.604577063113681,1
2006-07-24,1260.910034,-0.048915320654452366,0.6270317181186761,0.6046492292952885,1
2006-07-25,1268.880005,-0.04290369642391012,0.6114447531690095,0.6050398703246735,1
2006-07-26,1268.400024,-0.0432657385705878,0.6154374048032237,0.6052455325350886,1
2006-07-27,1263.199951,-0.047188072145877946,0.6213214537708206,0.605458936565887,1
2006-07-28,1278.550049,-0.035609733770744834,0.5633533736465868,0.6057433269557149,0
2006-07-31,1276.660034,-0.037035342467449994,0.5892572257757547,0.6056996540617259,0
2006-08-01,1270.920044,-0.04136492697498095,0.609148494380559,0.6056559811677368,0
2006-08-02,1277.410034,-0.03646962922044994,0.5765677878687726,0.6059034609003415,0
2006-08-03,1280.27002,-0.03431238659853686,0.5655002607436409,0.6058597880063524,0
2006-08-04,1279.359985,-0.034998811738181757,0.5712049232921672,0.6058161151123633,0
2006-08-07,1275.77002,-0.03770666608053752,0.5937136077622533,0.6057724422183743,0
2006-08-08,1271.47998,-0.040942576024751154,0.5832051653037753,0.6057287693243852,0
2006-08-09,1265.949951,-0.045113790240210894,0.582231786383491,0.6056850964303961,0
2006-08-10,1271.810059,-0.040693602607609236,0.5154460797428876,0.6056380680221141,0
2006-08-11,1266.73999,-0.04451787620294867,0.4670193350414218,0.6055843285852459,0
2006-08-14,1268.209961,-0.04340910011307397,0.4441808672256357,0.6055305891483779,0
2006-08-15,1285.579956,-0.03030718508397301,0.41335274908489444,0.6054768497115097,0
2006-08-16,1295.430054,-0.022877410520174002,0.37570686087817695,0.6054231102746416,0
2006-08-17,1297.47998,-0.021331183462080627,0.3891027111597876,0.6053693708377734,0
2006-08-18,1302.300049,-0.017695480949074693,0.3330335189378313,0.6053156314009053,0
2006-08-21,1297.52002,-0.021300981917534267,0.37183101957088227,0.6052846718252342,0
2006-08-22,1298.819946,-0.020320468106440948,0.3652972601404274,0.6052651021801614,0
2006-08-23,1292.98999,-0.024717912557944755,0.40239959030762884,0.6052455325350886,0
2006-08-24,1296.060059,-0.02240220762127232,0.4037874110502886,0.6052259628900158,0
2006-08-25,1295.089966,-0.023133933569168375,0.3425226250449067,0.6052063932449431,0
2006-08-28,1301.780029,-0.01808772388601465,0.315713205171154,0.6051868235998704,0
2006-08-29,1304.280029,-0.016202013062680876,0.2997466484794498,0.6051672539547976,0
2006-08-30,1305.369995,-0.015379868789374584,0.2543685409599478,0.6050908237767231,0
2006-08-31,1303.819946,-0.01654904645977362,0.27829800919088166,0.6050143935986486,0
2006-09-01,1311.01001,-0.011125693857668817,0.2663931606715305,0.604937963420574,0
2006-09-05,1313.25,-0.009436104502805076,0.25031803439807504,0.6048615332424998,0
2006-09-06,1300.26001,-0.01923425039800375,0.3787557036522076,0.6047851030644252,0
2006-09-07,1294.02002,-0.023940977070201486,0.4586894899445591,0.6047086728863508,0
2006-09-08,1298.920044,-0.02024496575364343,0.4065029536133667,0.6046534743647948,0
2006-09-11,1299.540039,-0.01977731324087828,0.4006110827673607,0.6046407391562758,0
2006-09-12,1313.0,-0.009624675585138465,0.3810998752524306,0.604628003947757,0
2006-09-13,1318.069946,-0.005800494766771469,0.3438918106513426,0.6046152687392379,0
2006-09-14,1316.280029,-0.007150601110679111,0.28766802292011645,0.6046025335307189,0
2006-09-15,1319.660034,-0.0046011163061102645,0.28053456708055974,0.6045897983222,0
2006-09-18,1321.180054,-0.003454589039836864,0.2681005333028306,0.604577063113681,0
2006-09-19,1317.640015,-0.0061247849827662515,0.2707095303391078,0.6045596525454939,0
2006-09-20,1325.180054,-0.0004374517225029795,0.24682123836329978,0.6045399042974727,0
2006-09-21,1318.030029,-0.005830603534345502,0.251957041701532,0.6045201560494514,0
2006-09-22,1314.780029,-0.008282027604679332,0.29729293048011246,0.6045004078014302,0
2006-09-25,1326.369995,0.0,0.26679894179894176,0.604480659553409,0
2006-09-26,1336.349976,0.0,0.22183862433862428,0.6044609113053878,0
2006-09-27,1336.589966,0.0,0.22261904761904755,0.6044411630573666,0
2006-09-28,1338.880005,0.0,0.22113756613756608,0.604395682429625,0
2006-09-29,1335.849976,-0.00226310721549694,0.22546705140991902,0.6043502018018835,0
2006-10-02,1331.319946,-0.005646554561848038,0.24992401362236571,0.6043047211741419,0
2006-10-03,1334.109985,-0.0035626941788557964,0.2352011589405528,0.6042592405464005,0
2006-10-04,1350.199951,0.0,0.182063492063492,0.6042137599186589,0
2006-10-05,1353.219971,0.0,0.15070105820105817,0.6041682792909173,0
2006-10-06,1349.589966,-0.0026824944043040144,0.14753116259733406,0.6041378760390521,0
2006-10-09,1350.660034,-0.0018917375259458469,0.12868542894647889,0.6041376275389396,0
2006-10-10,1353.420044,0.0,0.1012433862433862,0.6041373790388271,0
2006-10-11,1349.949951,-0.002563943851270345,0.11566932521411696,0.6041371305387147,0
2006-10-12,1362.829956,0.0,0.10638888888888884,0.604136882038602,0
2006-10-13,1365.619995,0.0,0.09017195767195764,0.6041366335384896,0
2006-10-16,1369.060059,0.0,0.09027777777777773,0.6041363850383771,0
2006-10-17,1364.050049,-0.0036594523133334222,0.1356215015061588,0.6041344065395576,0
2006-10-18,1365.800049,-0.002381203058674508,0.10911405742702313,0.6041315630413847,0
2006-10-19,1366.959961,-0.0015339706875487913,0.12082224630653998,0.6041287195432118,0
2006-10-20,1368.599976,-0.00033605757247490153,0.08561490929861006,0.6041258760450389,0
2006-10-23,1377.02002,0.0,0.11161375661375658,0.604123032546866,0
2006-10-24,1377.380005,0.0,0.12346560846560842,0.604120189048693,0
2006-10-25,1382.219971,0.0,0.11248677248677244,0.6041173455505201,0
2006-10-26,1389.079956,0.0,0.1031349206349206,0.6041041966679387,0
2006-10-27,1377.339966,-0.008451630123442633,0.17240386091003584,0.6040910477853573,0
2006-10-30,1377.930054,-0.008026825203141907,0.1944866875982676,0.6040778989027759,0
2006-10-31,1377.939941,-0.00801970754230652,0.19281147973859847,0.6040647500201946,0
2006-11-01,1367.810059,-0.015312219363706747,0.2169460918078766,0.6040516011376131,0
2006-11-02,1367.339966,-0.01565063976778025,0.18759029153086004,0.6040384522550317,0
2006-11-03,1364.300049,-0.01783907894787884,0.17284869367925348,0.6040234218380827,0
2006-11-06,1379.780029,-0.006695026416463579,0.20922450789023245,0.6040046283523983,0
2006-11-07,1382.839966,-0.00449217481905706,0.1932742076664663,0.6039858348667142,0
2006-11-08,1385.719971,-0.0024188564419830305,0.18258516741291927,0.6039670413810299,0
2006-11-09,1378.329956,-0.0077389353676629025,0.18571529386976685,0.6039482478953455,0
2006-11-10,1380.900024,-0.0058887409358026055,0.1678865949430689,0.6039294544096613,0
2006-11-13,1384.420044,-0.003354675142976493,0.1730864567324183,0.6039106609239769,0
2006-11-14,1393.219971,0.0,0.14283068783068778,0.6038968496781,0
2006-11-15,1396.569946,0.0,0.14722222222222217,0.6038855295521266,0
2006-11-16,1399.76001,0.0,0.12838624338624335,0.6038742094261531,0
2006-11-17,1401.199951,0.0,0.12587301587301583,0.6038628893001796,0
2006-11-20,1400.5,-0.0004995368430469327,0.11716029077250284,0.6038515691742062,0
2006-11-21,1402.810059,0.0,0.11820105820105817,0.6038402490482329,0
2006-11-22,1406.089966,0.0,0.11198412698412696,0.6038289289222594,0
2006-11-24,1400.949951,-0.003655537785126284,0.15406918502469116,0.6038171501626541,0
2006-11-27,1381.959961,-0.01716106762972236,0.2335297890921747,0.6038053714030488,0
2006-11-28,1386.719971,-0.013775786378095844,0.19243041455318585,0.6037935926434436,0
2006-11-29,1399.47998,-0.004700969468407368,0.19548243320335862,0.6037818138838383,0
2006-11-30,1400.630005,-0.0038830808355260205,0.2094877393306735,0.6037700351242331,0
2006-12-01,1396.709961,-0.006670984948910386,0.24861364754715798,0.6037582563646278,0
2006-12-04,1409.119995,0.0,0.22070105820105812,0.6037409098894376,0
2006-12-05,1414.76001,0.0,0.19612433862433856,0.6037124279830777,0
2006-12-06,1412.900024,-0.0013147007173321956,0.20344272022587795,0.6036839460767178,0
2006-12-07,1407.290039,-0.005280026963725093,0.23617730219773989,0.6036554641703578,0
2006-12-08,1409.839966,-0.0034776527221743736,0.2038028128962388,0.6036269822639978,0
2006-12-11,1413.040039,-0.0012157334020206356,0.16456734569089032,0.6035985003576378,0
2006-12-12,1411.560059,-0.002261833086447007,0.18009515208468874,0.6035700184512779,0
2006-12-13,1413.209961,-0.0010956268123524238,0.15888088974096043,0.6035578980787465,0
2006-12-14,1425.48999,0.0,0.17001322751322748,0.6035539584731292,0
2006-12-15,1427.089966,0.0,0.1697222222222222,0.6035500188675119,0
2006-12-18,1422.47998,-0.003230340139606769,0.1922361965273164,0.6035460792618946,0
2006-12-19,1425.550049,-0.001079060911847285,0.19263085193019552,0.6035421396562775,0
2006-12-20,1423.530029,-0.0024945428002539627,0.2013796947465481,0.6035382000506602,0
2006-12-21,1418.300049,-0.006159329271046121,0.23284093057499072,0.6035342604450429,0
2006-12-22,1410.76001,-0.011442835692953124,0.2533213499214908,0.6034319600443906,0
2006-12-26,1416.900024,-0.007140364127540932,0.20676949515410725,0.6033296596437383,0
2006-12-27,1426.839966,-0.00017518166755858822,0.20939011218096443,0.6032273592430861,0
2006-12-28,1424.72998,-0.0016537051315795859,0.17895534562879492,0.6031250588424342,0
2006-12-29,1418.300049,-0.006159329271046121,0.22536738560144576,0.6030227584417819,0
2007-01-03,1416.599976,-0.007350615763491386,0.20122814632359703,0.6029204580411296,0
2007-01-04,1418.339966,-0.0061313583645503655,0.16845551363534397,0.6028399880493479,0
2007-01-05,1409.709961,-0.01217863303230593,0.24920430672871413,0.6028031788753073,0
2007-01-08,1412.839966,-0.009985355050839195,0.23325226733084825,0.6027663697012667,0
2007-01-09,1412.109985,-0.010496872206303465,0.2323052413565588,0.6027295605272261,0
2007-01-10,1414.849976,-0.008576887436401504,0.21000125963267646,0.6026927513531856,0
2007-01-11,1423.819946,-0.002291390226199619,0.166268186789958,0.6026559421791449,0
2007-01-12,1430.72998,0.0,0.15166666666666662,0.6026191330051043,0
2007-01-16,1431.900024,0.0,0.15219576719576716,0.6025913713971124,0
2007-01-17,1430.619995,-0.0008939374108146714,0.14092722224747492,0.6025681335721448,0
2007-01-18,1426.369995,-0.003862021724500009,0.13172437315934707,0.6025448957471771,0
2007-01-19,1430.5,-0.0009777386525136045,0.12231085252058244,0.6025216579222095,0
2007-01-22,1422.949951,-0.006250487359444334,0.1430561403868887,0.6024984200972419,0
2007-01-23,1427.98999,-0.002730661313264937,0.13461277241189673,0.6024751822722743,0
2007-01-24,1440.130005,0.0,0.13404761904761903,0.6024519444473067,0
2007-01-25,1423.900024,-0.011269802687015051,0.21725392195457674,0.6024377526499034,0
2007-01-26,1422.180054,-0.012464118473804131,0.21219239190401462,0.6024235608525002,0
2007-01-29,1420.619995,-0.013547394979802507,0.18944470466359364,0.6024093690550969,0
2007-01-30,1428.819946,-0.007853498615217003,0.15922578563984766,0.6023951772576936,0
2007-01-31,1438.23999,-0.0013123919322824973,0.13349285973672836,0.6023809854602904,0
2007-02-01,1445.939941,0.0,0.13208994708994704,0.6023667936628871,0
2007-02-02,1448.390015,0.0,0.11992063492063487,0.602353034617299,0
2007-02-05,1446.98999,-0.0009666077406643714,0.11086892399779191,0.6023401410753412,0
2007-02-06,1448.0,-0.0002692748472171713,0.1129421774357082,0.6023272475333834,0
2007-02-07,1450.02002,0.0,0.10068783068783066,0.6023143539914256,0
2007-02-08,1448.310059,-0.0011792671662561593,0.11923258091696767,0.6023014604494679,0
2007-02-09,1438.060059,-0.00824813508436939,0.14779458749806862,0.60228856690751,0
2007-02-12,1433.369995,-0.011482617322759348,0.16802517253334293,0.6022756733655522,0
2007-02-13,1444.26001,-0.0039723658436108256,0.13349699774249169,0.6022691231135903,0
2007-02-14,1455.300049,0.0,0.14412698412698408,0.6022657445066263,0
2007-02-15,1456.810059,0.0,0.14916666666666661,0.6022623658996622,0
2007-02-16,1455.540039,-0.0008717814598779849,0.15445883616455194,0.6022589872926982,0
2007-02-20,1459.680054,0.0,0.17100529100529097,0.6022556086857342,0
2007-02-21,1457.630005,-0.0014044509235994207,0.1843176162405944,0.6022522300787702,0
2007-02-22,1456.380005,-0.002260802969086817,0.1494589953089359,0.6022488514718062,0
2007-02-23,1451.189941,-0.005816420507174902,0.11216488979379503,0.602214940520119,0
2007-02-26,1449.369995,-0.007063232090996241,0.10141238644570338,0.6021810295684319,0
2007-02-27,1399.040039,-0.04154336070690734,0.6174710804673363,0.6021471186167449,0
2007-02-28,1406.819946,-0.03621348928838608,0.5731651818550578,0.6022578610903769,0
2007-03-01,1403.170044,-0.038713970123208874,0.6063244890155753,0.6022544824834128,0
2007-03-02,1387.170044,-0.0496752763054471,0.6445574215136263,0.6022799712128715,0
2007-03-05,1374.119995,-0.05861562522933528,0.6854842529207048,0.602353034617299,1
2007-03-06,1395.410034,-0.044030210472410736,0.6571087393393796,0.602433022050769,1
2007-03-07,1391.969971,-0.04638693446173514,0.652211940401701,0.602552641688833,1
2007-03-08,1401.890015,-0.0395908944851554,0.6122180680911811,0.6027295605272261,1
2007-03-09,1402.839966,-0.038940100499585184,0.6000217713931528,0.6030909587088833,0
2007-03-12,1406.599976,-0.03636418669594288,0.5768909922890996,0.602988658308231,0
2007-03-13,1377.949951,-0.05599179270555399,0.6881689872255007,0.6028863579075787,0
2007-03-14,1387.170044,-0.0496752763054471,0.6754172098734147,0.6034660601779415,0
2007-03-15,1392.280029,-0.046174519419719284,0.6642057195999592,0.6035539584731292,1
2007-03-16,1386.949951,-0.04982605797804507,0.6854526452350296,0.6036744521079311,1
2007-03-19,1402.060059,-0.039474400463377135,0.644366635053407,0.6037857401370401,1
2007-03-20,1410.939941,-0.03339095637186795,0.5929924280695218,0.6038515691742062,0
2007-03-21,1435.040039,-0.016880421796871325,0.5386692045689438,0.6038402490482329,0
2007-03-22,1434.540039,-0.017222962615066284,0.5629823699528942,0.6038289289222594,0
2007-03-23,1436.109985,-0.016147421440342535,0.5421679110194162,0.6038171501626541,0
2007-03-26,1437.5,-0.015195147689536004,0.5547553412486071,0.6038053714030488,0
2007-03-27,1428.609985,-0.02128553371326669,0.5794579843712637,0.6037935926434436,0
2007-03-28,1417.22998,-0.029081766160791722,0.642014521509352,0.6037818138838383,0
2007-03-29,1422.530029,-0.025450799918925182,0.6324060392677895,0.6038477957988817,0
2007-03-30,1420.859985,-0.026594916395288326,0.6295726298330759,0.603916925419205,1
2007-04-02,1424.550049,-0.024066921311784895,0.6129543796482159,0.6040234218380827,1
2007-04-03,1437.77002,-0.015010161946078071,0.569083622906722,0.6040998137070782,0
2007-04-04,1439.369995,-0.013914048454895078,0.5397788687278845,0.6040866648244968,0
2007-04-05,1443.76001,-0.010906529794919018,0.5312888939549609,0.6040735159419155,0
2007-04-09,1444.609985,-0.010324227531028463,0.5193864275345885,0.6040603670593341,0
2007-04-10,1448.390015,-0.0077345983930255935,0.5054984492885618,0.6040472181767527,0
2007-04-11,1438.869995,-0.014256589273090037,0.5200708700906709,0.6040340692941712,0
2007-04-12,1447.800049,-0.00813877326571999,0.5263141469664829,0.6040171573428547,0
2007-04-13,1452.849976,-0.004679161012910549,0.5079562630567623,0.6039983638571703,0
2007-04-16,1468.329956,0.0,0.511653439153439,0.603979570371486,0
2007-04-17,1471.47998,0.0,0.5035449735449734,0.6039607768858017,0
2007-04-18,1472.5,0.0,0.5035317460317459,0.6039419834001174,0
2007-04-19,1470.72998,-0.001202050933786003,0.5257149478930299,0.6039231899144333,0
2007-04-20,1484.349976,0.0,0.5247089947089946,0.6039043964287489,0
2007-04-23,1480.930054,-0.0023039862938630806,0.572592825880678,0.6038930763027754,0
2007-04-24,1480.410034,-0.0026543214630670997,0.5777222227927175,0.6038817561768021,0
2007-04-25,1495.420044,0.0,0.4935582010582009,0.6038704360508286,0
2007-04-26,1494.25,-0.0007824182942407498,0.448597632111819,0.6038591159248552,0
2007-04-27,1494.069946,-0.0009028219231224099,0.45819978842414893,0.6038477957988817,0
2007-04-30,1482.369995,-0.008726677867105015,0.48039264836116086,0.6038364756729083,0
2007-05-01,1486.300049,-0.006098617600179823,0.44969929350116805,0.6038250026690576,0
2007-05-02,1495.920044,0.0,0.38997354497354486,0.6038132239094524,0
2007-05-03,1502.390015,0.0,0.3851984126984126,0.6038014451498471,0
2007-05-04,1505.619995,0.0,0.3602645502645502,0.6037896663902418,0
2007-05-07,1509.47998,0.0,0.36095238095238086,0.6037778876306366,0
2007-05-08,1507.719971,-0.001165970415851425,0.3861478417476989,0.6037661088710313,0
2007-05-09,1512.579956,0.0,0.30195767195767187,0.6037543301114261,0
2007-05-10,1491.469971,-0.013956277098782333,0.4047104954815016,0.603731415920651,0
2007-05-11,1505.849976,-0.0044493383462500535,0.3770587827350767,0.6037029340142911,0
2007-05-14,1503.150024,-0.006234336216471736,0.34293093890950144,0.6036744521079311,0
2007-05-15,1501.189941,-0.00753019035775182,0.326403953297027,0.6036459702015712,0
2007-05-16,1514.140015,0.0,0.31724867724867717,0.6036174882952111,0
2007-05-17,1512.75,-0.0009180227629080884,0.25164395535781764,0.6035890063888513,0
2007-05-18,1522.75,0.0,0.2016666666666666,0.6035605244824913,0
2007-05-21,1525.099976,0.0,0.20812169312169307,0.603556584876874,0
2007-05-22,1524.119995,-0.0006425683662851789,0.1991044153728755,0.6035526452712567,0
2007-05-23,1522.280029,-0.0018490243553711538,0.2077214747290908,0.6035487056656396,0
2007-05-24,1507.51001,-0.011533647811164838,0.2661287371617575,0.6035447660600223,0
2007-05-25,1515.72998,-0.006143856892959487,0.23697580287472592,0.603540826454405,0
2007-05-29,1518.109985,-0.004583300183593986,0.2395872618076143,0.6035368868487877,0
2007-05-30,1530.22998,0.0,0.21199735449735443,0.603500160311492,0
2007-05-31,1530.619995,0.0,0.19469576719576714,0.6033978599108397,0
2007-06-01,1536.339966,0.0,0.17584656084656078,0.6032955595101878,0
2007-06-04,1539.180054,0.0,0.19059523809523804,0.6031932591095355,0
2007-06-05,1530.949951,-0.005347069680776806,0.22603288573333422,0.6030909587088833,0
2007-06-06,1517.380005,-0.014163417037107662,0.3044431903916191,0.602988658308231,0
2007-06-07,1490.719971,-0.03148434965361102,0.41973889154200505,0.6028863579075787,0
2007-06-08,1507.670044,-0.020471945382940837,0.3679922603854548,0.6028277183246677,0
2007-06-11,1509.119995,-0.019529917193170654,0.3706184403143444,0.6027909091506272,0
2007-06-12,1493.0,-0.030003022635323173,0.42909886525762575,0.6027540999765866,0
2007-06-13,1515.670044,-0.015274372831757033,0.3942948558637169,0.6027172908025459,0
2007-06-14,1522.969971,-0.010531635306651355,0.38019087242089156,0.6026804816285053,0
2007-06-15,1532.910034,-0.004073610480921586,0.3952851579739312,0.6026436724544647,0
2007-06-18,1531.050049,-0.005282036353623343,0.38784638013228445,0.6026068632804241,0
2007-06-19,1533.699951,-0.003560404116307425,0.3535185166856006,0.6025836254554565,0
2007-06-20,1512.839966,-0.017113064798070732,0.4319113391333462,0.6025603876304888,0
2007-06-21,1522.189941,-0.011038418121288807,0.3991852551846999,0.6025371498055212,0
2007-06-22,1502.560059,-0.023791885104560984,0.4768703679455789,0.6025139119805537,0
2007-06-25,1497.73999,-0.026923467395712386,0.5132605418272357,0.602490674155586,0
2007-06-26,1492.890015,-0.030074479512453456,0.5366846135101822,0.6024674363306184,0
2007-06-27,1506.339966,-0.02133609249590751,0.5045715649633429,0.6024472138481722,0
2007-06-28,1505.709961,-0.021745404582796057,0.4913061257109953,0.602433022050769,0
2007-06-29,1503.349976,-0.023278678739946823,0.48333123988476145,0.6024188302533657,0
2007-07-02,1519.430054,-0.012831507235735007,0.45195865524372847,0.6024046384559625,0
2007-07-03,1524.869995,-0.009297196233027494,0.43261166193465933,0.6023904466585592,0
2007-07-05,1525.400024,-0.00895283821031112,0.41293917304814043,0.602376254861156,0
2007-07-06,1530.439941,-0.005678421427880442,0.3761262750256257,0.6023620630637527,0
2007-07-09,1531.849976,-0.0047623265263545544,0.3761645272813608,0.6023487367699798,0
2007-07-10,1510.119995,-0.018880220624272637,0.46954779914066147,0.6023358432280219,0
2007-07-11,1518.76001,-0.013266832523545657,0.4465948022028578,0.6023229496860641,0
2007-07-12,1547.699951,0.0,0.4640476190476189,0.6023100561441064,0
2007-07-13,1552.5,0.0,0.4424074074074073,0.6022971626021485,0
2007-07-16,1549.52002,-0.0019194718196458016,0.44463140851161714,0.6022842690601907,0
2007-07-17,1549.369995,-0.0020161062801932195,0.44386112647803067,0.602271375518233,0
2007-07-18,1546.170044,-0.004077266344605479,0.4935964233172302,0.602267996911269,0
2007-07-19,1553.079956,0.0,0.5081349206349205,0.6022646183043049,0
2007-07-20,1534.099976,-0.012220864693201938,0.5642682122350169,0.6022612396973409,0
2007-07-23,1541.569946,-0.007411086567393643,0.5323324573200257,0.6022578610903769,0
2007-07-24,1511.040039,-0.027068739659917407,0.5897973024067156,0.6022544824834128,0
2007-07-25,1518.089966,-0.022529419599308764,0.5625511765350434,0.6022511038764489,0
2007-07-26,1482.660034,-0.04534210986881093,0.6863814313134724,0.6022375478212437,0
2007-07-27,1458.949951,-0.060608602046757665,0.7311165658423524,0.6022668707089476,0
2007-07-30,1473.910034,-0.050976076082975386,0.7225998627281417,0.6023272475333834,1
2007-07-31,1455.27002,-0.06297804283812425,0.7147006355327331,0.6024046384559625,1
2007-08-01,1465.810059,-0.05619150299561271,0.6824827136476451,0.6025061660388977,1
2007-08-02,1472.199951,-0.05207716749388014,0.66635503485509,0.6026559421791449,1
2007-08-03,1433.060059,-0.07727863368291399,0.68606769375283,0.6028863579075787,1
2007-08-06,1467.670044,-0.05499389240717245,0.6280693904653264,0.6034660601779415,1
2007-08-07,1476.709961,-0.049173253897818014,0.6162830369525137,0.6035539584731292,1
2007-08-08,1497.48999,-0.03579337031892005,0.6249097163403758,0.6036744521079311,1
2007-08-09,1453.089966,-0.0643817400473875,0.6592157600145367,0.6037857401370401,1
2007-08-10,1453.640015,-0.0640275734780007,0.6518463156868283,0.6038515691742062,1
2007-08-13,1452.920044,-0.064491149739621,0.6497571045552699,0.6039231899144333,1
2007-08-14,1426.540039,-0.08147675624241979,0.6750869223057184,0.6040296863333108,1
2007-08-15,1406.699951,-0.09425142886848248,0.7146361061765704,0.6041041966679387,1
2007-08-16,1411.27002,-0.09130884437220832,0.6877584439344806,0.6041306152086604,1
2007-08-17,1445.939941,-0.06898551139372244,0.6047667406565937,0.6041372133720855,1
2007-08-20,1445.550049,-0.06923655577717092,0.6133748722236103,0.6042592405464005,1
2007-08-21,1447.119995,-0.0682256960375065,0.606288824662997,0.6044740768040686,1
2007-08-22,1464.069946,-0.05731193017856451,0.6001367500767111,0.6045813081831873,0
2007-08-23,1462.5,-0.05832278991822881,0.5763100992246257,0.6045662352948343,0
2007-08-24,1479.369995,-0.04746050627672904,0.5411325017119689,0.604546487046813,0
2007-08-27,1466.790039,-0.05556051165726339,0.5562493335654355,0.6045267387987919,0
2007-08-28,1432.359985,-0.0777293986273041,0.6349154899929764,0.6045069905507707,0
2007-08-29,1463.76001,-0.05751149234457065,0.607426489226183,0.6046025335307189,0
2007-08-30,1457.640015,-0.06145204606581123,0.6044699685064865,0.6046795236787597,0
2007-08-31,1473.98999,-0.05092459386553305,0.5984772375063644,0.6046631704954157,0
2007-09-04,1489.420044,-0.04098946210339227,0.5953249206616367,0.6046492292952885,0
2007-09-05,1472.290039,-0.052019161465502894,0.6188647927004023,0.6046364940867696,0
2007-09-06,1478.550049,-0.047988454626607835,0.5916602196260033,0.6047231321676767,0
2007-09-07,1453.550049,-0.06408550095279197,0.6324713842121332,0.6047067789843328,0
2007-09-10,1451.699951,-0.0652767454813511,0.642300348545875,0.6048868946460548,0
2007-09-11,1471.48999,-0.0525342984981515,0.6446549148115384,0.6051868235998704,1
2007-09-12,1471.560059,-0.05248918234059041,0.6352356960573856,0.6052977182552827,1
2007-09-13,1483.949951,-0.04451155572057364,0.6036255070763284,0.6056022417308686,0
2007-09-14,1484.25,-0.04431835961444863,0.5718460527013594,0.6055485022940005,0
2007-09-17,1476.650024,-0.04921184624444408,0.6505489244880417,0.6054947628571323,0
2007-09-18,1519.780029,-0.021441218703102005,0.5922373989516588,0.6057724422183743,0
2007-09-19,1529.030029,-0.01548531156241384,0.5955665008590235,0.6057287693243852,0
2007-09-20,1518.75,-0.022104435684314527,0.6121734709693255,0.6056850964303961,0
2007-09-21,1525.75,-0.01759726271298301,0.6039738581127223,0.6059325761630009,0
2007-09-24,1517.72998,-0.022761208052059834,0.6030674179164399,0.6058889032690118,0
2007-09-25,1517.209961,-0.023096038849399703,0.6124242413282741,0.6058452303750228,0
2007-09-26,1525.420044,-0.017809715393687142,0.5847843568851228,0.6060042868908342,0
2007-09-27,1531.380005,-0.013972204660917087,0.5923486561751109,0.6059871409618831,0
2007-09-28,1526.75,-0.016953380859935585,0.6156218348097003,0.605969995032932,0
2007-10-01,1547.040039,-0.0038889929502122778,0.5743625587360218,0.6060667866049987,0
2007-10-02,1546.630005,-0.004153006401944714,0.5728142955130213,0.606050009368037,0
2007-10-03,1539.589966,-0.008685959758790496,0.5763887601761568,0.6060328634390859,0
2007-10-04,1542.839966,-0.006593343736386537,0.5813247108963621,0.6060157175101349,0
2007-10-05,1557.589966,0.0,0.5158201058201057,0.6059985715811839,0
2007-10-08,1552.579956,-0.0032165140437223627,0.5242434147360646,0.6059814256522328,0
2007-10-09,1565.150024,0.0,0.4995767195767195,0.6059642797232817,0
2007-10-10,1562.469971,-0.001712329782387667,0.49770294388701325,0.6059471337943306,0
2007-10-11,1554.410034,-0.006861955617872506,0.4866867276938278,0.6059034609003415,0
2007-10-12,1561.800049,-0.0021403539268642913,0.4867218638656762,0.6058597880063524,0
2007-10-15,1548.709961,-0.010503825670324374,0.48022363842343674,0.6058161151123633,0
2007-10-16,1538.530029,-0.01700795105377073,0.5869968428518263,0.6057724422183743,0
2007-10-17,1541.23999,-0.015276512560050914,0.5055540372942833,0.6057287693243852,0
2007-10-18,1540.079956,-0.016017677293279076,0.49303073656145857,0.6056850964303961,0
2007-10-19,1500.630005,-0.04122289749266872,0.6294807045044298,0.6056380680221141,0
2007-10-22,1506.329956,-0.03758110538801618,0.6029412418095347,0.6058889032690118,0
2007-10-23,1519.589966,-0.02910906769407562,0.6011478124498219,0.6058452303750228,0
2007-10-24,1515.880005,-0.03147942257578751,0.615434037249675,0.6058015574810337,0
2007-10-25,1514.400024,-0.03242500669060466,0.5715951932139106,0.6059871409618831,0
2007-10-26,1535.280029,-0.01908442931474541,0.5695282993046784,0.605969995032932,0
2007-10-29,1540.97998,-0.015442637210092758,0.5587560323769789,0.605952849103981,0
2007-10-30,1531.02002,-0.021806218877839734,0.5891568806428256,0.6059180185316713,0
2007-10-31,1549.380005,-0.010075723578048534,0.5590617677645575,0.6058743456376822,0
2007-11-01,1508.439941,-0.036233001393098374,0.6157282789203952,0.6058306727436931,0
2007-11-02,1509.650024,-0.03545985953356767,0.6083057996942494,0.6059985715811839,0
2007-11-05,1502.170044,-0.040238941337421674,0.6445565708747472,0.6060935196933033,1
2007-11-06,1520.27002,-0.028674570048755954,0.6075973147463377,0.6061864401889222,1
2007-11-07,1475.619995,-0.057202202745517794,0.6717246538766318,0.606288824662997,1
2007-11-08,1474.77002,-0.05774526570240146,0.6766223611709239,0.6063191393626886,1
2007-11-09,1453.699951,-0.07120727808262806,0.7051709559213757,0.606336084914355,1
2007-11-12,1439.180054,-0.08048427822788706,0.7179435677358982,0.6064472210117668,1
2007-11-13,1481.050049,-0.05373285225723512,0.6723630205922799,0.6065502172337741,1
2007-11-14,1470.579956,-0.06042236625873765,0.6650068395104851,0.6066055434094317,1
2007-11-15,1451.150024,-0.0728364682311119,0.6957900052635775,0.6067307030647066,1
2007-11-16,1458.73999,-0.0679871145694082,0.6646797755785279,0.6070008215720669,1
2007-11-19,1433.27002,-0.08426029580407823,0.7031361644887033,0.6073445335601522,1
2007-11-20,1439.699951,-0.08015210751451896,0.6843571321920258,0.6075375258142836,1
2007-11-21,1416.77002,-0.09480241620594965,0.7386967618810019,0.6076359986513973,1
2007-11-23,1440.699951,-0.07951319112652677,0.7076380515740542,0.6078357725581695,1
2007-11-26,1407.219971,-0.1009040990181782,0.705807141044036,0.6081691117022159,1
2007-11-27,1428.22998,-0.08748045995621434,0.6477807847516899,0.6083169941626599,1
2007-11-28,1469.02002,-0.061419034933356764,0.6497874980046842,0.6085073001256418,1
2007-11-29,1469.719971,-0.06097182476866514,0.6317640733202816,0.6086234364588076,1
2007-11-30,1481.140015,-0.05367537150547308,0.6325982764943983,0.6089509708647043,1
2007-12-03,1472.420044,-0.05924670388018982,0.6456463092064921,0.6092232692479351,1
2007-12-04,1462.790039,-0.06539947189113682,0.6573021175921154,0.6094653673101952,1
2007-12-05,1485.01001,-0.0512027682785251,0.648453903944812,0.6098518759434696,1
2007-12-06,1507.339966,-0.03693579344698017,0.6383705711839951,0.6100494159359086,1
2007-12-07,1504.660034,-0.038648045920484875,0.6414437926707193,0.6106832030609464,1
2007-12-10,1515.959961,-0.03142833737706918,0.6169864916249697,0.6108674920946001,1
2007-12-11,1477.650024,-0.055905183949318316,0.6256444217973828,0.6109822993572979,1
2007-12-12,1486.589966,-0.050193308497818445,0.6340944040598159,0.6111311392421009,1
2007-12-13,1488.410034,-0.04903043722535827,0.6551592759931811,0.6112558744870706,1
2007-12-14,1467.949951,-0.06210271955373903,0.6654491893904126,0.6112862952647979,1
2007-12-17,1445.900024,-0.07619077926807094,0.7249474536402034,0.6114359499521088,1
2007-12-18,1454.97998,-0.07038944657742274,0.6967689231944945,0.6115253616021517,1
2007-12-19,1453.0,-0.07165448824731957,0.6989086663200638,0.611642124186747,1
2007-12-20,1460.119995,-0.06710540675939702,0.6326164352012233,0.6119338080908889,1
2007-12-21,1484.459961,-0.05155420359882379,0.6215608115143556,0.6121855684001528,1
2007-12-24,1496.449951,-0.04389360249596108,0.6251723229951531,0.6122100416641589,1
2007-12-26,1497.660034,-0.04312046063643038,0.6242974628166263,0.6122283767530357,1
2007-12-27,1476.27002,-0.05678689112041324,0.6448770735773,0.6124036240045648,1
2007-12-28,1478.48999,-0.05536851590656211,0.6485718487175041,0.6128211557814123,1
2007-12-31,1468.359985,-0.06184074211150503,0.6587062450311604,0.6129540120285796,1
2008-01-02,1447.160034,-0.07538573823003691,0.697394102807261,0.6129700753230267,1
2008-01-03,1447.160034,-0.07538573823003691,0.700872938786097,0.6130329574383775,1
2008-01-04,1411.630005,-0.09808645602397537,0.7150979271229502,0.613170913373224,1
2008-01-07,1416.180054,-0.09517935515170783,0.6937522632190863,0.6133748722236103,1
2008-01-08,1390.189941,-0.11178486427317713,0.7093799323659076,0.6139571514829585,1
2008-01-09,1409.130005,-0.09968374699395588,0.66524218951444,0.614115246475588,1
2008-01-10,1420.329956,-0.09252791475534616,0.6754514871244047,0.6142726604680347,1
2008-01-11,1401.02002,-0.104865349316827,0.6931664615082346,0.6148028442155118,1
2008-01-14,1416.25,-0.09513466550603333,0.6769526038982452,0.6154348791380622,1
2008-01-15,1380.949951,-0.11768844530906131,0.7510806317253708,0.6154558478038714,1
2008-01-16,1373.199951,-0.12264004731600087,0.7646283742395182,0.6156126133093764,1
2008-01-17,1333.25,-0.14816472570938666,0.7733135438671369,0.6156891843328752,1
2008-01-18,1325.189941,-0.1533144294926707,0.7681704370843263,0.615720488898041,1
2008-01-22,1310.5,-0.16270007353620952,0.8459146914180544,0.6157926949539676,1
2008-01-23,1338.599976,-0.14474653836762175,0.7278757402210402,0.615858666522361,1
2008-01-24,1352.069946,-0.13614035378885825,0.709069482747688,0.6158812642308535,1
2008-01-25,1330.609985,-0.14985147455743197,0.7087238858710346,0.615976246527756,1
2008-01-28,1353.959961,-0.1349327922318072,0.6591151178739356,0.6162507432235919,1
2008-01-29,1362.300049,-0.12960417333131002,0.6488583413309053,0.6163675326760986,1
2008-01-30,1355.810059,-0.13375073430021567,0.667855378514756,0.6165863385323432,1
2008-01-31,1378.550049,-0.11922178202643663,0.6618095246751101,0.6168363089828767,1
2008-02-01,1395.420044,-0.10844326575559005,0.6443250405998296,0.6169937187406533,1
2008-02-04,1380.819946,-0.11777150763408217,0.6493813647164541,0.6170240229358891,1
2008-02-05,1336.640015,-0.1459987895703473,0.7391668014526706,0.6171001881792973,1
2008-02-06,1326.449951,-0.15250938845463669,0.7468869275212252,0.6171746517029314,1
2008-02-07,1336.910034,-0.14582627000617798,0.7289465504624398,0.6173860940245601,1
2008-02-08,1331.290039,-0.1494169769121123,0.7312315892257514,0.6175363777941203,1
2008-02-11,1339.130005,-0.1444078941534106,0.7171386793332989,0.6176209072934,1
2008-02-12,1348.859985,-0.1381912504765741,0.701067595809984,0.6177167502873626,1
2008-02-13,1367.209961,-0.12646715009091036,0.6535462943948066,0.6178780071715356,1
2008-02-14,1348.859985,-0.1381912504765741,0.6554855852279734,0.6179944381660969,1
2008-02-15,1349.98999,-0.13746927176356094,0.6705186816718286,0.6181081939175623,1
2008-02-19,1348.780029,-0.13824233567529243,0.6719886864082344,0.6181521923058588,1
2008-02-20,1360.030029,-0.13105452631038006,0.5907839500909744,0.6181772235366689,0
2008-02-21,1342.530029,-0.14223556310024377,0.6118334693710861,0.6181725042065774,0
2008-02-22,1353.109985,-0.13547585582760724,0.5929281698502715,0.618167784876486,0
2008-02-25,1371.800049,-0.123534467645384,0.5929635833966829,0.6181630655463946,0
2008-02-26,1381.290039,-0.11747115751250181,0.5895500450996581,0.6181588352562197,0
2008-02-27,1380.02002,-0.11828259346466341,0.5772697999882839,0.6181548494860032,0
2008-02-28,1367.680054,-0.12616679996933,0.6030403716034074,0.6181508637157866,0
2008-02-29,1330.630005,-0.14983868345134432,0.6988804942156871,0.6181468779455701,0
2008-03-03,1331.339966,-0.14938507773360898,0.697542516560754,0.618170931096547,0
2008-03-04,1326.75,-0.15231768223133613,0.7082574091537936,0.6182255152883805,1
2008-03-05,1333.699951,-0.14787724464169316,0.6636431697605079,0.6184100256463521,1
2008-03-06,1304.339966,-0.1666358202093987,0.6891164234047173,0.6184779775181298,1
2008-03-07,1293.369995,-0.17364471445709795,0.7181620171368772,0.6186748302015599,1
2008-03-10,1273.369995,-0.18642304221694217,0.7529404548931345,0.6188149613742763,1
2008-03-11,1320.650024,-0.1562150568640952,0.758952777231623,0.6188897071987801,1
2008-03-12,1308.77002,-0.16380538610910833,0.7658918601563266,0.6191011427182103,1
2008-03-13,1315.47998,-0.15951828270233603,0.7393716746925385,0.6196392010447206,1
2008-03-14,1288.140015,-0.17698623438796945,0.8035210474031292,0.6197740706375441,1
2008-03-17,1276.599976,-0.18435935442313867,0.8224878390643799,0.6197950297534677,1
2008-03-18,1330.73999,-0.149768412232411,0.8178834703402686,0.620144115029984,1
2008-03-19,1298.420044,-0.17041815539083427,0.8485097229769374,0.6205183455133301,1
2008-03-20,1329.51001,-0.15055426661131377,0.8121598289282853,0.6209216431117616,1
2008-03-24,1349.880005,-0.13753954298249438,0.775946922478464,0.6213693253195276,1
2008-03-25,1352.98999,-0.1355525225995844,0.7543826038390778,0.6215832263463641,1
2008-03-26,1341.130005,-0.14313006137742612,0.7796925815894191,0.6219642784905105,1
2008-03-27,1325.76001,-0.15295020306628448,0.781476751616049,0.6222835892898337,1
2008-03-28,1315.219971,-0.1596844067134615,0.7926265790614446,0.6224428953938884,1
2008-03-31,1322.699951,-0.1549053249096075,0.7818387708439097,0.6225088216018959,1
2008-04-01,1370.180054,-0.12456950899934949,0.7487955801113885,0.6226029581812984,1
2008-04-02,1367.530029,-0.12626265340043852,0.7419913745567165,0.6227876529859175,1
2008-04-03,1369.310059,-0.1251253630623208,0.7314070494313986,0.6229243743529183,1
2008-04-04,1370.400024,-0.12442896656148283,0.7206110561700756,0.6229269340505424,1
2008-04-07,1372.540039,-0.12306167590743367,0.7042613126762217,0.6238864397002045,1
2008-04-08,1365.540039,-0.12753409062337917,0.7270488452559913,0.6245853324826689,1
2008-04-09,1354.48999,-0.13459414801759606,0.7472140358221733,0.6248564038618092,1
2008-04-10,1360.550049,-0.13072227701029637,0.7446974202430434,0.6249485511594974,1
2008-04-11,1332.829956,-0.14843309870466448,0.7704874433133221,0.6250757823546913,1
2008-04-14,1328.319946,-0.15131461800367318,0.7881119331387991,0.6251669596262386,1
2008-04-15,1334.430054,-0.14741076987007096,0.7290357809869421,0.6255500020369367,1
2008-04-16,1364.709961,-0.12806444106089088,0.6442328848286245,0.6259049812415118,1
2008-04-17,1365.560059,-0.12752129951729163,0.6516498980450885,0.6260773903245251,1
2008-04-18,1390.329956,-0.11169540639511244,0.663624434764082,0.6261727836582728,1
2008-04-21,1388.170044,-0.11307540956853357,0.6607434015351502,0.6262995178602415,1
2008-04-22,1375.939941,-0.12088942280206616,0.6861387359339078,0.6263568802451203,1
2008-04-23,1379.930054,-0.11834007421642545,0.6752620573136787,0.6267061683477128,1
2008-04-24,1388.819946,-0.11266017653014448,0.6754435345874961,0.6269606038554233,1
2008-04-25,1397.839966,-0.10689713793212707,0.6780649253069122,0.6271738079141872,1
2008-04-28,1396.369995,-0.1078363264939004,0.6731602055492941,0.6273954708703942,1
2008-04-29,1390.939941,-0.11130567698218297,0.6384742197860267,0.6275633773409166,1
2008-04-30,1385.589966,-0.11472386368503162,0.657800911554313,0.6276169303862223,1
2008-05-01,1409.339966,-0.09954959947021669,0.6129251278298683,0.6277516563038131,0
2008-05-02,1413.900024,-0.0966361036838217,0.6078284037856653,0.6277278811418853,0
2008-05-05,1407.48999,-0.1007315794540089,0.6244625514294666,0.6277041059799575,0
2008-05-06,1418.26001,-0.09385043717700514,0.586019995511877,0.6276803308180297,0
2008-05-07,1392.569946,-0.11026424007517377,0.5625022732753935,0.627656555656102,0
2008-05-08,1397.680054,-0.10699930832956372,0.5689282705245768,0.6276327804941741,0
2008-05-09,1388.280029,-0.11300513834960013,0.6699315628449168,0.6276090053322463,0
2008-05-12,1403.579956,-0.1032297642542157,0.5816270398563815,0.6277437312498372,0
2008-05-13,1403.040039,-0.10357472607367124,0.576829353828088,0.6277199560879093,0
2008-05-14,1408.660034,-0.09998401916773703,0.5122956378160991,0.6276961809259817,0
2008-05-15,1423.569946,-0.09045783204741531,0.5084568058643056,0.6276724057640538,0
2008-05-16,1425.349976,-0.0893205417092976,0.45908941195591885,0.627648630602126,0
2008-05-19,1426.630005,-0.08850271020409228,0.4717455802872387,0.6276248554401982,0
2008-05-20,1413.400024,-0.09695556187781784,0.5693096372163442,0.6276010802782703,0
2008-05-21,1390.709961,-0.11145261497309344,0.6013754130999871,0.6275889012409548,0
2008-05-22,1394.349976,-0.10912694973705606,0.5916401703722978,0.6275825202659453,0
2008-05-23,1375.930054,-0.1208957397683943,0.6421119247591099,0.6275761392909357,0
2008-05-27,1385.349976,-0.11487719722898593,0.627905546727693,0.6276644807100779,0
2008-05-28,1390.839966,-0.11136955264807258,0.584807484341708,0.627770040387349,0
2008-05-29,1398.26001,-0.10662876493684936,0.569475681945383,0.627760848345581,0
2008-05-30,1400.380005,-0.10527426538888773,0.5824666846042313,0.6277516563038131,0
2008-06-02,1385.670044,-0.11467270053851408,0.5744194099583861,0.6277278811418853,0
2008-06-03,1377.650024,-0.11979682274853931,0.5807270867691465,0.6277041059799575,0
2008-06-04,1377.199951,-0.12008438176403213,0.5816409406565209,0.6276803308180297,0
2008-06-05,1404.050049,-0.10292941413263534,0.5793883128321782,0.627656555656102,0
2008-06-06,1360.680054,-0.1306392146852755,0.6336453645006374,0.6276327804941741,0
2008-06-09,1361.76001,-0.129949213098565,0.5939020186812409,0.6277577843316584,0
2008-06-10,1358.439941,-0.13207045959192976,0.5975850806108447,0.6277437312498372,0
2008-06-11,1335.48999,-0.146733559389448,0.6159215411086072,0.6277199560879093,0
2008-06-12,1339.869995,-0.14393510241546026,0.5858438160202454,0.6276961809259817,0
2008-06-13,1360.030029,-0.13105452631038006,0.5441437384507628,0.6276724057640538,0
2008-06-16,1360.140015,-0.13098425445253037,0.5475647032266342,0.627648630602126,0
2008-06-17,1350.930054,-0.13686864946819954,0.5400492576687176,0.6276248554401982,0
2008-06-18,1337.810059,-0.1452512292840754,0.531973432812848,0.6276010802782703,0
2008-06-19,1342.829956,-0.14204393482474242,0.5320532508902199,0.6275889012409548,0
2008-06-20,1317.930054,-0.15795289027194248,0.5856810344638971,0.6275825202659453,0
2008-06-23,1318.0,-0.15790820062626787,0.5812755550372356,0.6275761392909357,0
2008-06-24,1314.290039,-0.16027855550797987,0.5943448486201577,0.6275697583159261,0
2008-06-25,1321.969971,-0.15537172109451414,0.5831127319800835,0.6275633773409166,0
2008-06-26,1283.150024,-0.18017442141380302,0.6506140676013253,0.6275569963659071,0
2008-06-27,1278.380005,-0.18322206472393732,0.635805631107878,0.6275931552242945,0
2008-06-30,1280.0,-0.18218702336997183,0.6366667560862942,0.6277278811418853,1
2008-07-01,1284.910034,-0.17904992218177296,0.6113546156128364,0.62779455249873,0
2008-07-02,1261.52002,-0.19399418544174019,0.6681898479269135,0.6277853604569621,0
2008-07-03,1262.900024,-0.19311247827064526,0.6377799474697478,0.6278499806404367,0
2008-07-07,1252.310059,-0.19987858045740936,0.6626585293531239,0.6279465076621014,1
2008-07-08,1273.699951,-0.18621222792122571,0.6172377422885396,0.6280727385485447,0
2008-07-09,1244.689941,-0.20474719872604363,0.63842150619612,0.6280611982784446,0
2008-07-10,1253.390015,-0.19918857887069874,0.6179284110469547,0.628096175131073,0
2008-07-11,1239.48999,-0.20806953263670014,0.6448950793756802,0.6280911530062455,0
2008-07-14,1228.300049,-0.21521896932226614,0.658593451017407,0.6281052944107198,0
2008-07-15,1214.910034,-0.22377406934122757,0.6753013699819597,0.6281617626524225,1
2008-07-16,1245.359985,-0.2043190966337678,0.6453813286589339,0.6283688613174385,1
2008-07-17,1260.319946,-0.19476093238714343,0.6715173516688047,0.6288061600809003,1
2008-07-18,1260.680054,-0.1945308534844965,0.6673523680967396,0.6289826574939998,1
2008-07-21,1260.0,-0.19496535112981606,0.637820855218213,0.629141878922479,1
2008-07-22,1277.0,-0.1841037725339485,0.6083980720142829,0.6292070088364887,0
2008-07-23,1282.189941,-0.18078783417633582,0.6172364063026081,0.6292022644435645,0
2008-07-24,1252.540039,-0.19973164246649877,0.6516885529703803,0.6291975200506402,0
2008-07-25,1257.76001,-0.19639651744975473,0.6200673553312399,0.6292588171439749,0
2008-07-28,1234.369995,-0.21134078134863832,0.6582782497876779,0.6292196605509535,0
2008-07-29,1263.199951,-0.19292084999514392,0.6252616337507862,0.6294415479114084,0
2008-07-30,1284.26001,-0.17946523316796115,0.6400011369444103,0.6294023913183868,0
2008-07-31,1267.380005,-0.19025014499185167,0.6398874755775235,0.6295312634351852,0
2008-08-01,1260.310059,-0.19476724935347167,0.6379931859966527,0.6298140821200987,1
2008-08-04,1249.01001,-0.20198703584468658,0.6579135435427242,0.6304013654101703,1
2008-08-05,1284.880005,-0.17906910820198796,0.6463511838106393,0.6310819216628976,1
2008-08-06,1289.189941,-0.1763154194603903,0.6779012546752196,0.6311264758928702,1
2008-08-07,1266.069946,-0.19108716315618823,0.7213151777980077,0.6312208684772667,1
2008-08-08,1296.319946,-0.17175994241942394,0.6979902377816155,0.6314343248129514,1
2008-08-11,1305.319946,-0.16600969492749407,0.677055549256908,0.6315409070372533,1
2008-08-12,1289.589966,-0.17605983693228378,0.6811130741600102,0.6316216139925119,1
2008-08-13,1285.829956,-0.17846216894029832,0.7305831741569292,0.6317865288984774,1
2008-08-14,1292.930054,-0.17392579997174773,0.6771236583787955,0.6318827353510498,1
2008-08-15,1298.199951,-0.1705587764154166,0.68977635180432,0.631991265727466,1
2008-08-18,1278.599976,-0.1830815216471543,0.7213380376167966,0.6320934521657717,1
2008-08-19,1266.689941,-0.19069103819021505,0.76849855799757,0.6321351672170276,1
2008-08-20,1274.540039,-0.18567548193067018,0.7323740703802961,0.6322614262725975,1
2008-08-21,1277.719971,-0.18364377126316933,0.7555841657274432,0.6324256427510926,1
2008-08-22,1292.199951,-0.17439227474336993,0.7158844863058004,0.632490418054473,1
2008-08-25,1266.839966,-0.19059518475910653,0.7165184545151604,0.6325982764943983,1
2008-08-26,1271.51001,-0.18761141711486184,0.7206363460404794,0.6326051628737358,1
2008-08-27,1281.660034,-0.18112640044274764,0.6921003577799743,0.6326134180760008,1
2008-08-28,1300.680054,-0.16897419796480806,0.6599383497270818,0.6326684520273226,1
2008-08-29,1282.829956,-0.18037891810427498,0.6649203101907384,0.632736902204007,1
2008-09-02,1277.579956,-0.18373322914123402,0.6546200866096923,0.6329716257296019,1
2008-09-03,1274.97998,-0.1853943964160205,0.6406214238473726,0.6335597506235938,1
2008-09-04,1236.829956,-0.20976907195191663,0.7591567487761622,0.6335636913612537,1
2008-09-05,1242.310059,-0.20626774433733142,0.7601667958503002,0.6336290762343801,1
2008-09-08,1267.790039,-0.18998816754961767,0.8124831555568955,0.6337123273464619,1
2008-09-09,1224.51001,-0.21764048735049568,0.8708114419634518,0.6339213941616302,1
2008-09-10,1232.040039,-0.21282942842033914,0.8517312929403855,0.6340964931914732,1
2008-09-11,1249.050049,-0.20196145427142775,0.8053828456548137,0.6341356501089537,1
2008-09-12,1251.699951,-0.2002683884570544,0.7988141296405287,0.6342838200602781,1
2008-09-15,1192.699951,-0.23796445534859478,0.8931234839844511,0.634403866327704,1
2008-09-16,1213.599976,-0.22461108686664788,0.8372449444516175,0.634606920708395,1
2008-09-17,1156.390015,-0.2611634685059431,0.8742857142857139,0.6347841170384506,1
2008-09-18,1206.51001,-0.22914098233435554,0.8173633586954064,0.6348851152535135,1
2008-09-19,1255.079956,-0.19810884787105876,0.8652835274981804,0.6349613789921854,1
2008-09-22,1207.089966,-0.22877043894164106,0.8940086537140961,0.635074965854626,1
2008-09-23,1188.219971,-0.24082678798847212,0.9212672778612987,0.6351118701966921,1
2008-09-24,1185.869995,-0.24232822616626049,0.9173547179603588,0.6352171221782815,1
2008-09-25,1209.180054,-0.22743504746609522,0.8947077712450283,0.6352925356726459,1
2008-09-26,1213.27002,-0.22482190116236433,0.904270408378964,0.6353579156701363,1
2008-09-29,1106.420044,-0.29309010188533857,0.9614285714285711,0.6355505294547151,1
2008-09-30,1166.359985,-0.2547934912851524,0.9413888888888887,0.6357932381807399,1
2008-10-01,1161.060059,-0.2581797008616984,0.9426455026455025,0.6358336367206686,1
2008-10-02,1114.280029,-0.2880682286594656,0.950701058201058,0.6360716844293884,1
2008-10-03,1099.22998,-0.2976839516056513,0.9454100529100526,0.6363504577168846,1
2008-10-06,1056.890015,-0.3247356491111679,0.9477248677248674,0.6365320110347538,1
2008-10-07,996.2299805,-0.36349233924939073,0.9557142857142853,0.6366304422098762,1
2008-10-08,984.9400024,-0.3696262835889087,0.9671296296296295,0.6366825951445791,1
2008-10-09,909.9199829,-0.4173902200332176,0.9547619047619045,0.6367543154122103,1
2008-10-10,899.2199707,-0.4242412969088081,0.9480291005291003,0.636931273380505,1
2008-10-13,1003.349976,-0.3524184042893983,0.9640079365079364,0.6370628274317195,1
2008-10-14,998.0100098,-0.3558649223693835,0.9566402116402114,0.6370961942232293,1
2008-10-15,907.8400269,-0.41406238368230397,0.9558333333333331,0.6371248047642525,1
2008-10-16,946.4299927,-0.38915566894772213,0.9401322751322748,0.6372108934913209,1
2008-10-17,940.5499878,-0.3929507385116926,0.9122619047619046,0.6373489325358276,1
2008-10-20,985.4000244,-0.3640036522867094,0.9272089947089945,0.6375104787290338,1
2008-10-21,955.0499878,-0.3835921563993592,0.934722222222222,0.6377479666452592,1
2008-10-22,896.7800293,-0.42120072131691155,0.9458465608465605,0.6377751503460745,1
2008-10-23,908.1099854,-0.4138881472140852,0.9401587301587297,0.6378085828936734,1
2008-10-24,876.7700195,-0.43411557095704223,0.9571957671957669,0.6379053399128238,1
2008-10-27,848.9199829,-0.45209052642963465,0.9624338624338622,0.6379819526509826,1
2008-10-28,940.5100098,-0.39297654109070546,0.9630158730158727,0.6380495493540213,1
2008-10-29,930.0900269,-0.3997018007857924,0.9509259259259257,0.6382338326019138,1
2008-10-30,954.0900269,-0.37242067899227527,0.9395634920634918,0.6383629745961017,1
2008-10-31,968.75,-0.36277767287682217,0.9248148148148145,0.638411319193695,1
2008-11-03,966.2999878,-0.36438923672256585,0.9103439153439151,0.6384332643717621,1
2008-11-04,1005.75,-0.3384398910925047,0.9134523809523807,0.6384569077415672,1
2008-11-05,952.7700195,-0.37150713474549346,0.9148677248677245,0.6387350604120161,1
2008-11-06,904.8800049,-0.40309768847516414,0.9424735449735446,0.6392659621997613,1
2008-11-07,930.9899902,-0.3858742881402526,0.9385582010582008,0.6394678728756229,1
2008-11-10,919.210022,-0.3936449209426053,0.9342724867724865,0.6397394775664106,1
2008-11-11,898.9500122,-0.4070093964704653,0.959232804232804,0.6397883189852444,1
2008-11-12,852.2999878,-0.43778199310898547,0.9629629629629627,0.6398500646640518,1
2008-11-13,911.289978,-0.3988693623551447,0.9555687830687827,0.6399085744206084,1
2008-11-14,873.289978,-0.42393598744920946,0.9608201058201056,0.6399494486245717,1
2008-11-17,850.75,-0.438804439505906,0.9671428571428569,0.639987123885226,1
2008-11-18,859.1199951,-0.4332831887371992,0.9525264550264548,0.6400011369444103,1
2008-11-19,806.5800171,-0.46794108165763093,0.9482275132275129,0.640100306186062,1
2008-11-20,752.4400024,-0.5036544356332113,0.9666666666666663,0.6402853419921413,1
2008-11-21,800.0300293,-0.4722617681985072,0.9516402116402114,0.6403583136873476,1
2008-11-24,851.8099976,-0.43810521417854253,0.9315343915343912,0.6404641325225491,1
2008-11-25,857.3900146,-0.4344243669638713,0.8923677248677245,0.6406879569349095,1
2008-11-26,887.6799927,-0.4144436426180784,0.8821164021164019,0.6409361842161078,1
2008-11-28,896.2399902,-0.408797057140746,0.8545105820105817,0.6413495223741001,1
2008-12-01,816.210022,-0.4615886679080966,0.8806216931216928,0.6413835805465945,1
2008-12-02,848.8099976,-0.4400841582649161,0.8600661375661374,0.6414235710415557,1
2008-12-03,870.7399902,-0.425618081874921,0.8435846560846559,0.6416102451296795,1
2008-12-04,845.2199707,-0.44245231243280836,0.8763888888888887,0.6417811316348099,1
2008-12-05,876.0700073,-0.4221021466014827,0.8219312169312166,0.6418167730585423,1
2008-12-08,909.7000122,-0.39991818016096015,0.8537301587301586,0.6419308061940076,1
2008-12-09,888.6699829,-0.40662769739103555,0.8544179894179892,0.6420057093708947,1
2008-12-10,899.2399902,-0.3995700160347605,0.8440476190476187,0.6420875739466705,1
2008-12-11,873.5900269,-0.4166967088206348,0.8239682539682538,0.6421213680446252,1
2008-12-12,879.7299805,-0.4125970109849376,0.8584391534391533,0.6422053718082098,1
2008-12-15,868.5700073,-0.42004861745546185,0.8819841269841268,0.6423183996876524,1
2008-12-16,913.1799927,-0.3902621609918717,0.8653439153439152,0.6424490741086746,1
2008-12-17,904.4199829,-0.3961112920370552,0.8778174603174601,0.6429508862865211,1
2008-12-18,885.2800293,-0.4088911974665139,0.8543915343915343,0.6430619376520078,1
2008-12-19,887.8800049,-0.40715517223984354,0.8005687830687829,0.6436970647990328,1
2008-12-22,871.6300049,-0.4180054317320455,0.8298809523809523,0.6440016897923234,1
2008-12-23,863.1599731,-0.4236609420666426,0.8504365079365077,0.6441142099006258,1
2008-12-24,868.1500244,-0.4128130523223901,0.8423544973544972,0.6442506964034045,1
2008-12-26,872.7999878,-0.4096679763114257,0.8382804232804231,0.6443062220749531,1
2008-12-29,869.4199829,-0.4078972515040309,0.818743386243386,0.6443239951262254,1
2008-12-30,890.6400146,-0.384560108298292,0.7553835978835977,0.6443478276429427,1
2008-12-31,903.25,-0.37584650019432475,0.7882539682539681,0.6443620463260169,1
2009-01-02,931.7999878,-0.3468523832148055,0.7889417989417988,0.6444061274943255,1
2009-01-05,927.4500122,-0.3499015098872815,0.7805820105820104,0.6444844527640701,1
2009-01-06,934.7000122,-0.3448196035944162,0.8304232804232802,0.644556741002523,1
2009-01-07,906.6500244,-0.36448131525174254,0.7564153439153437,0.6445607153611511,1
2009-01-08,909.7299805,-0.36232241203983373,0.7892195767195764,0.6446167107690729,1
2009-01-09,890.3499756,-0.3759068767097745,0.8136507936507934,0.6446470107246844,1
2009-01-12,870.2600098,-0.3899889903128737,0.845238095238095,0.6447882100709953,1
2009-01-13,871.789978,-0.38891655513722356,0.8712830687830686,0.644885176186571,1
2009-01-14,842.6199951,-0.4093633302630558,0.8741137566137563,0.6449138330591391,1
2009-01-15,843.7399902,-0.4085782667945499,0.8764153439153437,0.6450211522046351,1
2009-01-16,850.1199951,-0.4041061858221606,0.870238095238095,0.6453813286589339,1
2009-01-20,805.2199707,-0.435578974311563,0.9004761904761901,0.6456065621243584,1
2009-01-21,840.2399902,-0.41103160086696766,0.864669312169312,0.6457421481917791,1
2009-01-22,827.5,-0.4199617300212328,0.8601719576719574,0.6458074693890282,1
2009-01-23,831.9500122,-0.41684248243468003,0.85765873015873,0.645878370479279,1
2009-01-26,836.5700073,-0.41360408489375633,0.8512566137566137,0.6460021238792507,1
2009-01-27,845.710022,-0.40719736789778227,0.8351190476190473,0.6461580187663584,1
2009-01-28,874.0900269,-0.3873043298987673,0.8434788359788357,0.6462805485821099,1
2009-01-29,845.1400146,-0.4075969160623395,0.8000264550264549,0.6463384982921775,1
2009-01-30,825.8800049,-0.4210972697857984,0.8036243386243385,0.6464322984200055,1
2009-02-02,825.4400024,-0.4214056906787125,0.770753968253968,0.6465567512105737,1
2009-02-03,838.5100098,-0.4122442351126633,0.7667195767195766,0.6467377716368472,1
2009-02-04,832.2299805,-0.41664623792908373,0.7715873015873014,0.6469505229831513,1
2009-02-05,845.8499756,-0.40709926705908583,0.7593650793650791,0.6470666781411176,1
2009-02-06,868.5999756,-0.39115259558837046,0.7842195767195765,0.6472337019952862,1
2009-02-09,869.8900146,-0.39024833940738546,0.771216931216931,0.6476489265288881,1
2009-02-10,827.1599731,-0.42020007275817806,0.7786111111111109,0.6479192583751155,1
2009-02-11,833.7399902,-0.4155877927157434,0.7673412698412697,0.6482106225434017,1
2009-02-12,835.1900024,-0.4145714029055487,0.7754629629629628,0.6484892873766196,1
2009-02-13,826.8400269,-0.4204243398764068,0.7814682539682538,0.6486148226095141,1
2009-02-17,789.1699829,-0.44682925486345704,0.858174603174603,0.6488583413309053,1
2009-02-18,788.4199829,-0.4473549693075465,0.8270105820105819,0.6491154095850843,1
2009-02-19,778.9400024,-0.45399998621226245,0.8700925925925924,0.6492797317006538,1
2009-02-20,770.0499878,-0.46023146499011136,0.887116402116402,0.6493585715914691,1
2009-02-23,743.3300171,-0.4789608977136297,0.8843650793650791,0.6495316606519803,1
2009-02-24,773.1400146,-0.4580655026949332,0.849206349206349,0.6497647029176234,1
2009-02-25,764.9000244,-0.46384134518466125,0.8390079365079364,0.6498165871917235,1
2009-02-26,752.8300171,-0.47230184808849585,0.8049074074074073,0.6500638452815596,1
2009-02-27,735.0900269,-0.4847367402033578,0.8277777777777776,0.6501172377842139,1
2009-03-02,700.8200073,-0.5087583992739588,0.8946560846560844,0.6504012333337511,1
2009-03-03,696.3300171,-0.5119056695432395,0.9009788359788358,0.6505814960446835,1
2009-03-04,712.8699951,-0.5003119290905422,0.9078042328042326,0.6506167365334541,1
2009-03-05,682.5499878,-0.5215648168005551,0.9030555555555554,0.6507112134617797,1
2009-03-06,683.3800049,-0.5209830141628067,0.8880820105820104,0.6510796947787639,1
2009-03-09,676.5300293,-0.525784522315581,0.8270105820105819,0.6512564940415886,1
2009-03-10,719.5999756,-0.4955945318141546,0.8603306878306876,0.651556747022532,1
2009-03-11,721.3599854,-0.4943608483826891,0.8727777777777777,0.651666220857833,1
2009-03-12,750.7399902,-0.47376685786164996,0.8520105820105819,0.6516822553398189,1
2009-03-13,756.5499878,-0.46969432498372266,0.8530952380952379,0.6517358817853147,1
2009-03-16,753.8900146,-0.4715588400932308,0.8473148148148146,0.6518692547861777,1
2009-03-17,778.1199951,-0.4545747724547543,0.8224735449735449,0.651999243015825,1
2009-03-18,794.3499756,-0.4431983255532327,0.8171164021164019,0.6521800357938196,1
2009-03-19,784.039978,-0.450425145095697,0.8278703703703703,0.6522949038753372,1
2009-03-20,768.539978,-0.46128991027354704,0.8293650793650792,0.6527855588457403,1
2009-03-23,822.9199829,-0.4231721048794287,0.865238095238095,0.6531761618803402,1
2009-03-24,806.1199951,-0.4349480998754124,0.8708730158730157,0.6532694947842141,1
2009-03-25,813.8800049,-0.4295087008912307,0.8769179894179893,0.6534752645404879,1
2009-03-26,832.8599854,-0.4162046343613809,0.8696560846560846,0.6535423482917889,1
2009-03-27,815.9400024,-0.42806474030384634,0.875701058201058,0.6537687140693403,1
2009-03-30,787.5300293,-0.44797878459033247,0.9023809523809523,0.6543415679420905,1
2009-03-31,797.8699951,-0.44073095876039703,0.8850132275132273,0.6547328242699254,1
2009-04-01,811.0800171,-0.43147135959754335,0.8732142857142855,0.6549553618522163,1
2009-04-02,834.3800049,-0.4151391727527839,0.883664021164021,0.6551904368069303,1
2009-04-03,842.5,-0.4094474411394424,0.864153439153439,0.6553236053202295,1
2009-04-06,835.4799805,-0.41436814200469585,0.8555291005291003,0.6554685347113687,1
2009-04-07,815.5499878,-0.4283381220486807,0.876111111111111,0.6556255916309278,1
2009-04-08,825.1599731,-0.42160197794241683,0.8732936507936506,0.6560138135658046,1
2009-04-09,856.5599976,-0.3995920493765306,0.8861904761904761,0.6562464625277299,1
2009-04-13,858.7299805,-0.3980709942379208,0.8888359788359786,0.6563685028121702,1
2009-04-14,841.5,-0.41014839373156176,0.885648148148148,0.6566966152579816,1
2009-04-15,852.0599976,-0.4027463360410677,0.8699867724867725,0.6570222192617937,1
2009-04-16,865.2999878,-0.39346573059074275,0.8644047619047618,0.657088737127887,1
2009-04-17,869.5999756,-0.3904516429962511,0.8623544973544972,0.6571062602100192,1
2009-04-20,832.3900146,-0.41653406161186135,0.8813227513227512,0.6571152403234833,1
2009-04-21,850.0800171,-0.40413420850488846,0.8641137566137564,0.6571329445246187,1
2009-04-22,843.5499878,-0.4087114494693387,0.8666931216931214,0.6571891711574022,1
2009-04-23,851.9199829,-0.40284447970796744,0.8680952380952379,0.6573314869876316,1
2009-04-24,866.2299805,-0.3928138497970257,0.8638095238095237,0.65758112684952,1
2009-04-27,857.5100098,-0.39892613586239545,0.8604232804232802,0.657759891552906,1
2009-04-28,855.1599731,-0.40057340017883614,0.8336243386243385,0.6578741223467802,1
2009-04-29,873.6400146,-0.3876197671869379,0.83755291005291,0.6579654739435497,1
2009-04-30,872.8099976,-0.38820156975459097,0.8327910052910051,0.6580585350460658,1
2009-05-01,877.5200195,-0.3849000676948471,0.7419841269841269,0.6581635864654719,1
2009-05-04,907.2399902,-0.36406777719497074,0.7583333333333332,0.658281665340622,1
2009-05-05,903.7999878,-0.3664790557941475,0.7476455026455026,0.6583397297406725,1
2009-05-06,919.5300293,-0.3554530424305775,0.729589947089947,0.6585317284746954,1
2009-05-07,907.3900146,-0.36396261720290957,0.7106349206349205,0.658661127425659,1
2009-05-08,929.2299805,-0.34865383649350623,0.6663756613756612,0.6588902378104091,1
2009-05-11,909.2399902,-0.3626658720107321,0.6935714285714285,0.659145310516116,1
2009-05-12,908.3499756,-0.3632897300516261,0.7170634920634918,0.659241618826786,1
2009-05-13,883.9199829,-0.380413996760148,0.7594708994708993,0.6593881520961989,1
2009-05-14,893.0700073,-0.3740002634390126,0.7420502645502642,0.6597159393713081,1
2009-05-15,882.8800049,-0.38114297203499514,0.7519708994708993,0.6598889800643261,1
2009-05-18,909.710022,-0.36233640200214356,0.7157936507936505,0.659979111607802,1
2009-05-19,908.1300049,-0.3574855034104627,0.7131746031746029,0.6600543965004146,1
2009-05-20,903.4699707,-0.3565258080768031,0.7206349206349204,0.6602738238048976,1
2009-05-21,888.3300171,-0.3673088664234646,0.7789021164021164,0.660771086859505,1
2009-05-22,887.0,-0.3682561382824324,0.7915343915343914,0.6610064121165224,1
2009-05-26,910.3300171,-0.3516399093120932,0.7863756613756612,0.6612648611029257,1
2009-05-27,893.0599976,-0.36394005453291356,0.7412169312169309,0.661599025074314,1
2009-05-28,906.8300171,-0.3541326979434477,0.7108201058201056,0.6617777782105708,1
2009-05-29,919.1400146,-0.3453652059948754,0.6791798941798941,0.661866039446332,1
2009-06-01,942.8699951,-0.3284641129626854,0.7061640211640209,0.6619979948263306,1
2009-06-02,944.7399902,-0.32713225509812294,0.696190476190476,0.6621250313392949,1
2009-06-03,931.7600098,-0.33637692583421575,0.7169841269841267,0.6624486944712482,1
2009-06-04,942.460022,-0.3287561061863543,0.7076587301587299,0.662615590136536,1
2009-06-05,940.0900269,-0.30965073140898003,0.7430026455026454,0.6626819329703738,1
2009-06-08,939.1400146,-0.31034836703715507,0.7471031746031743,0.6627591445244446,1
2009-06-09,942.4299927,-0.3071081048225759,0.7442989417989415,0.662940389247409,1
2009-06-10,939.1500244,-0.3095195979510976,0.7319047619047617,0.6632268715268542,1
2009-06-11,944.8900146,-0.3052994513950831,0.7010052910052909,0.6634494472749534,1
2009-06-12,946.210022,-0.304328957633086,0.7086904761904761,0.6635981866407126,1
2009-06-15,923.7199707,-0.32086405773452664,0.794695767195767,0.66363754926158,1
2009-06-16,911.9699707,-0.3249317623812372,0.8217460317460316,0.6638383142207595,1
2009-06-17,910.710022,-0.3217979551835378,0.8209788359788358,0.6640810745620173,1
2009-06-18,918.3699951,-0.31609360440868806,0.8209391534391532,0.6642510297817937,1
2009-06-19,921.2299805,-0.30313849731160036,0.7853306878306876,0.6644162418524202,1
2009-06-22,893.039978,-0.3244627354701085,0.7978042328042325,0.6646651348159662,1
2009-06-23,895.0999756,-0.32290445680630364,0.7847751322751321,0.6648722032682963,1
2009-06-24,900.9400024,-0.318486787019461,0.806216931216931,0.6649765542485737,1
2009-06-25,920.2600098,-0.29499276202740266,0.7980687830687829,0.6650928550458771,1
2009-06-26,918.9000244,-0.2960346409967446,0.7993650793650792,0.6652010322078789,1
2009-06-29,927.2299805,-0.28965309743301815,0.7185714285714285,0.6652781392634601,1
2009-06-30,919.3200073,-0.29571289390225863,0.720238095238095,0.665423300816084,1
2009-07-01,923.3300171,-0.2926408426306236,0.7214285714285713,0.6654464642773255,1
2009-07-02,896.4199829,-0.3132565041643821,0.7846560846560845,0.6658105430125343,1
2009-07-06,898.7199707,-0.3114944933967937,0.7836772486772484,0.6661346865318601,1
2009-07-07,881.0300293,-0.32504668146701254,0.8031878306878305,0.6663085304583628,1
2009-07-08,879.5599976,-0.32617286643377474,0.7997354497354495,0.6663612228112613,1
2009-07-09,882.6799927,-0.32378265159827724,0.7927910052910051,0.666392730205904,1
2009-07-10,879.1300049,-0.3265022819930157,0.7716798941798939,0.6664894535772797,1
2009-07-13,901.0499878,-0.3097094773115495,0.7208465608465606,0.6668442948263031,1
2009-07-14,905.8400269,-0.3060398489459687,0.6791534391534391,0.6672187318287922,1
2009-07-15,932.6799927,-0.2854778665122766,0.7027645502645501,0.6676290238266487,1
2009-07-16,940.7399902,-0.27930313707165255,0.7083730158730156,0.6679891662796189,1
2009-07-17,940.3800049,-0.27957892026266484,0.6934920634920634,0.668285900701469,1
2009-07-20,951.1300049,-0.27134339146917474,0.6913492063492063,0.6686081875141562,1
2009-07-21,954.5800171,-0.26870035195187314,0.6960582010582009,0.6688982796708334,1
2009-07-22,954.0700073,-0.2690910682674882,0.6660714285714284,0.6694437238617945,0
2009-07-23,976.289978,-0.2520684442218736,0.6880291005291004,0.6693446526218346,0
2009-07-24,979.2600098,-0.24979311562592177,0.6860083525077197,0.669608740739946,0
2009-07-27,982.1799927,-0.24755612927713588,0.6913927519579597,0.669743127706186,1
2009-07-28,979.6199951,-0.24951733243490948,0.703719740720833,0.6699463890010967,1
2009-07-29,975.1500244,-0.25294175777499384,0.7098677248677248,0.6700313430281171,1
2009-07-30,986.75,-0.24405506632777685,0.7051147568420093,0.6704673828672272,1
2009-07-31,987.4799805,-0.24349583140438735,0.6612690717593388,0.6705631715984903,0
2009-08-03,1002.630005,-0.23188946275398448,0.6366403711777971,0.670554273613158,0
2009-08-04,1005.650024,-0.22957583917897173,0.5991153456391045,0.6705453756278257,0
2009-08-05,1002.719971,-0.2318205401880835,0.6181846482257002,0.6705364776424932,0
2009-08-06,997.0800171,-0.2361412846287726,0.6130256262106116,0.6705275796571609,0
2009-08-07,1010.47998,-0.22587563064787497,0.5657597514864445,0.6705186816718286,0
2009-08-10,1007.099976,-0.2284650371840714,0.6306262985891394,0.6704417334649265,0
2009-08-11,994.3499756,-0.23551531943458248,0.6534649441680597,0.6703647852580249,0
2009-08-12,1005.809998,-0.22670452667678098,0.574439611906317,0.6702878370511232,0
2009-08-13,1012.72998,-0.22138424673651524,0.5577642706869927,0.6702108888442211,0
2009-08-14,1004.090027,-0.22802688953973915,0.581727505542925,0.6701339406373195,0
2009-08-17,979.7299805,-0.2467555895187118,0.7520458608616074,0.6700569924304174,0
2009-08-18,989.6699829,-0.23911343158030773,0.7086160120762633,0.6704930322695279,0
2009-08-19,996.460022,-0.23389305545543482,0.7029600263348814,0.6705661375936011,1
2009-08-20,1007.369995,-0.2255051563972088,0.675831055401518,0.6706322957629511,1
2009-08-21,1026.130005,-0.21108192453299512,0.6326237062649909,0.6707140223285759,0
2009-08-24,1025.569946,-0.21151251389913284,0.6141589320228746,0.670698274958635,0
2009-08-25,1028.0,-0.20964421893103002,0.626163009807183,0.6706825275886941,0
2009-08-26,1028.119995,-0.2095519633454761,0.624319498871714,0.6706667802187533,0
2009-08-27,1030.97998,-0.2073531251367985,0.6287443850847929,0.6706531781433,0
2009-08-28,1028.930054,-0.19792171270437664,0.6110245737637704,0.6706406487150908,0
2009-08-31,1020.619995,-0.20113023830189147,0.6382081378141214,0.6706281192868814,0
2009-09-01,998.039978,-0.21721125534849572,0.6763942471589355,0.6706155898586721,0
2009-09-02,994.75,-0.21536692244038047,0.6843000952882448,0.6706930258353214,0
2009-09-03,1003.23999,-0.20867023786420513,0.6701000526328131,0.6708003460512649,0
2009-09-04,1016.400024,-0.19828994333974248,0.6604611595209183,0.6707665135617124,0
2009-09-08,1025.390015,-0.18300821386075905,0.6350331370561911,0.6707507661917714,0
2009-09-09,1033.369995,-0.17665006913710923,0.6093742628587109,0.6707350188218305,0
2009-09-10,1044.140015,-0.16806892659833061,0.5737329764682612,0.6707192714518896,0
2009-09-11,1042.72998,-0.16919238888713473,0.5799885386222334,0.6707035240819487,0
2009-09-14,1049.339966,-0.1639258033055545,0.5785231332788346,0.6706877767120077,0
2009-09-15,1052.630005,-0.16130442529352296,0.525721395008312,0.6706720293420668,0
2009-09-16,1068.76001,-0.14845265045408795,0.5215161964179214,0.6706573546193698,0
2009-09-17,1065.48999,-0.15105807808789518,0.5279760429118233,0.6706448251911605,0
2009-09-18,1068.300049,-0.14881912989454205,0.5041120564025509,0.6706322957629511,0
2009-09-21,1064.660034,-0.1224871492332762,0.5017068013021535,0.670619766334742,0
2009-09-22,1071.660034,-0.11671761740226627,0.4882225165440951,0.6706072369065326,0
2009-09-23,1060.869995,-0.12561097075488603,0.5216590908317891,0.6705947074783233,0
2009-09-24,1050.780029,-0.13392731075642994,0.5525778522727952,0.670582178050114,0
2009-09-25,1044.380005,-0.13920233106889102,0.5779290406689125,0.6705720695838226,0
2009-09-28,1062.97998,-0.08863473226921448,0.47507860993998846,0.6705631715984903,0
2009-09-29,1060.609985,-0.09066669069584032,0.4736809812159607,0.670554273613158,0
2009-09-30,1057.079956,-0.08955617945341787,0.4724806428573288,0.6705453756278257,0
2009-10-01,1029.849976,-0.07577094698158682,0.5087822792350469,0.6705364776424932,0
2009-10-02,1025.209961,-0.06733806423292787,0.5258585871324234,0.6705275796571609,0
2009-10-05,1040.459961,-0.029113778633271248,0.45861378303717404,0.6705186816718286,0
2009-10-06,1054.719971,-0.01580731058596141,0.41771215894653985,0.670455887315976,0
2009-10-07,1057.579956,-0.013138567785761057,0.3906604612370931,0.6703930929601238,0
2009-10-08,1065.47998,-0.005766804587209129,0.3633487369332223,0.6703302986042717,0
2009-10-09,1071.48999,-0.0001586734548317814,0.33021686317225313,0.6702675042484192,0
2009-10-12,1076.189941,0.0,0.3279894179894179,0.670204709892567,0
2009-10-13,1073.189941,-0.00278761200575095,0.320739314301081,0.6701419155367144,0
2009-10-14,1092.02002,0.0,0.3106216931216931,0.6700953346824633,0
2009-10-15,1096.560059,0.0,0.3091269841269841,0.6700811808314138,0
2009-10-16,1087.680054,-0.008098056214174032,0.334982217721559,0.6700670269803642,0
2009-10-19,1097.910034,0.0,0.32062169312169303,0.6700528731293147,0
2009-10-20,1091.060059,-0.006239104104954429,0.31965623709525737,0.6700387192782652,0
2009-10-21,1081.400024,-0.015037671110308848,0.3479261577133229,0.6700245654272158,0
2009-10-22,1092.910034,-0.004554107208387115,0.320557521242657,0.6700104115761663,0
2009-10-23,1079.599976,-0.016677193424757486,0.3142454363425131,0.6699982805477265,0
2009-10-26,1066.949951,-0.02819910743251297,0.42018813526822185,0.6699871609305915,0
2009-10-27,1063.410034,-0.03142333973787148,0.431530759008197,0.6699760413134566,0
2009-10-28,1042.630005,-0.05035023570975039,0.5010948860263036,0.6699649216963216,0
2009-10-29,1066.109985,-0.028964166475592967,0.40047128548499716,0.6699538020791868,0
2009-10-30,1036.189941,-0.056215984086725235,0.3997872232321125,0.6699426824620518,0
2009-11-02,1042.880005,-0.05012253034933101,0.3776867189588796,0.6699315628449168,0
2009-11-03,1045.410034,-0.047818125688065205,0.3444187878627151,0.6698880778129019,0
2009-11-04,1046.5,-0.046825361284565825,0.3245634494144948,0.6698445927808873,0
2009-11-05,1066.630005,-0.028490521109491906,0.28086851951128444,0.6698011077488727,0
2009-11-06,1069.300049,-0.026058587784069775,0.250635384705963,0.6697576227168577,0
2009-11-09,1093.079956,-0.004399338607374403,0.22957814812779104,0.6697141376848431,0
2009-11-10,1093.01001,-0.0044630469239340664,0.2293239102769748,0.6696706526528282,0
2009-11-11,1098.51001,0.0,0.20980158730158724,0.6696383704423312,0
2009-11-12,1087.23999,-0.010259369416214859,0.24888531737353184,0.6696284938748696,0
2009-11-13,1093.47998,-0.0045789569090953774,0.23659263188879798,0.6696186173074078,0
2009-11-16,1109.300049,0.0,0.2399603174603174,0.669608740739946,0
2009-11-17,1110.319946,0.0,0.23810846560846555,0.6695988641724844,0
2009-11-18,1109.800049,-0.00046824071014228696,0.25495342324370507,0.6695889876050226,0
2009-11-19,1094.900024,-0.013887818601792445,0.3171680278247963,0.669579111037561,0
2009-11-20,1091.380005,-0.01705809309130446,0.3505490767889303,0.6695097713551005,0
2009-11-23,1106.23999,-0.0036745768773210896,0.3529412382845313,0.6694107001151413,0
2009-11-24,1105.650024,-0.004205924622739388,0.3567931412933189,0.6693116288751814,0
2009-11-25,1110.630005,0.0,0.27970899470899463,0.6692125576352221,0
2009-11-27,1091.48999,-0.01723347551734833,0.4483389007795481,0.6691134863952629,0
2009-11-30,1095.630005,-0.013505847971395313,0.43811177947043617,0.669014415155303,0
2009-12-01,1108.859985,-0.0015937080684218508,0.39875107402073046,0.6689153439153438,0
2009-12-02,1109.23999,-0.0012515554178639254,0.3748484273479975,0.6688641511818124,0
2009-12-03,1099.920044,-0.009643140336371592,0.4064791758110532,0.6688129584482813,0
2009-12-04,1105.97998,-0.00418683538087905,0.3771670595999119,0.6687617657147501,0
2009-12-07,1103.25,-0.006644881703875782,0.39159819666898943,0.6687105729812187,0
2009-12-08,1091.939941,-0.01682834419730983,0.4424030077457664,0.6686593802476877,0
2009-12-09,1095.949951,-0.013217771835724812,0.43314968599122944,0.6686081875141562,0
2009-12-10,1102.349976,-0.0074552541915162696,0.4086023896859041,0.6685548484702244,0
2009-12-11,1106.410034,-0.003799619117979769,0.400908749290782,0.6684972168054912,0
2009-12-14,1114.109985,0.0,0.37883597883597875,0.6684395851407577,0
2009-12-15,1107.930054,-0.005546966711729162,0.3834288468265617,0.6683819534760245,0
2009-12-16,1109.180054,-0.004424994898506451,0.3658523219205357,0.668324321811291,0
2009-12-17,1096.079956,-0.016183347463670783,0.41071631325270114,0.6682666901465578,0
2009-12-18,1102.469971,-0.010447814090814411,0.4037410806126809,0.6682090584818247,0
2009-12-21,1114.050049,-5.379720207798755e-05,0.37724709632503317,0.6681564009856976,0
2009-12-22,1118.02002,0.0,0.34945767195767186,0.6681062305738741,0
2009-12-23,1120.589966,0.0,0.3432804232804232,0.6680560601620503,0
2009-12-24,1126.47998,0.0,0.31150793650793646,0.6680058897502268,0
2009-12-28,1127.780029,0.0,0.21556878306878302,0.6679557193384033,0
2009-12-29,1126.199951,-0.0014010515875165774,0.24333470105845897,0.6679055489265795,0
2009-12-30,1126.420044,-0.0012058956223989226,0.19209522289502678,0.667855378514756,0
2009-12-31,1115.099976,-0.011243374305221043,0.19253966821388427,0.6677799269520532,0
2010-01-04,1132.98999,0.0,0.2325661375661375,0.667704475389351,0
2010-01-05,1136.52002,0.0,0.21802910052910046,0.6676290238266487,0
2010-01-06,1137.140015,0.0,0.2161507936507936,0.667553572263946,0
2010-01-07,1141.689941,0.0,0.16960317460317453,0.6674781207012437,0
2010-01-08,1144.97998,0.0,0.1592460317460317,0.667402669138541,0
2010-01-11,1146.97998,0.0,0.17511904761904756,0.667330095385415,0
2010-01-12,1136.219971,-0.009381165484684484,0.2038235361477589,0.6672632772514415,0
2010-01-13,1145.680054,-0.001133346721535755,0.16538118008700686,0.6671964591174676,0
2010-01-14,1148.459961,0.0,0.13361111111111107,0.6671296409834941,0
2010-01-15,1136.030029,-0.010823130472199405,0.19019675127563393,0.6670628228495202,0
2010-01-19,1150.22998,0.0,0.12205026455026452,0.6669960047155468,0
2010-01-20,1138.040039,-0.010597829314099472,0.19701633697586107,0.6669291865815733,0
2010-01-21,1116.47998,-0.029341958205610363,0.287339979476362,0.6668651678409516,0
2010-01-22,1091.76001,-0.05083328640069018,0.4089761341570185,0.6668025487970064,0
2010-01-25,1096.780029,-0.046468925283968066,0.3758685304465817,0.6667399297530608,0
2010-01-26,1092.170044,-0.0504768063861456,0.35718592427713125,0.6666773107091157,0
2010-01-27,1097.5,-0.045842988721264355,0.3070089409628716,0.6666146916651705,0
2010-01-28,1084.530029,-0.057118969373411765,0.2947993770047078,0.666552072621225,0
2010-01-29,1073.869995,-0.06638671076891944,0.29531220107085143,0.6664894535772797,0
2010-02-01,1089.189941,-0.05306768216909108,0.27643254135423195,0.6664723847470369,0
2010-02-02,1103.319946,-0.04078317798671882,0.23675727390152287,0.6664553159167942,0
2010-02-03,1097.280029,-0.04603422960684789,0.23545271573985763,0.6664382470865514,0
2010-02-04,1063.109985,-0.07574137043445872,0.38812509425680014,0.6664211782563085,0
2010-02-05,1066.189941,-0.07306368331661806,0.37438276918629076,0.6664041094260658,0
2010-02-08,1056.73999,-0.08127938901401266,0.3745193938009421,0.666387040595823,0
2010-02-09,1070.52002,-0.06929915007084075,0.3704076573336861,0.6663746300496326,0
2010-02-10,1068.130005,-0.07137700844834538,0.3751365371221413,0.666371536071547,0
2010-02-11,1078.469971,-0.06238753140480657,0.35937561969634985,0.6663684420934612,0
2010-02-12,1075.51001,-0.06496089590709508,0.34170968884512776,0.6663653481153755,0
2010-02-16,1094.869995,-0.04812949232987307,0.3268162373566942,0.6663622541372899,0
2010-02-17,1099.51001,-0.04409550340532775,0.3425310062027953,0.6663591601592042,0
2010-02-18,1106.75,-0.0378011186945415,0.3100174270895344,0.6663560661811185,0
2010-02-19,1109.170044,-0.03569715336406043,0.2870032507035391,0.6663465795102305,0
2010-02-22,1108.01001,-0.036705676894285166,0.2536235318498617,0.6663338964929413,0
2010-02-23,1094.599976,-0.048364244513953714,0.3033280987077497,0.666321213475652,0
2010-02-24,1105.23999,-0.039113908333357816,0.2815398646032039,0.6663085304583628,0
2010-02-25,1102.939941,-0.041113551048286845,0.3108045152261981,0.6662958474410736,0
2010-02-26,1104.48999,-0.039765951849038084,0.3216609411606446,0.6662831644237843,0
2010-03-01,1115.709961,-0.030011406066811186,0.32906924283572886,0.6662704814064951,0
2010-03-02,1118.310059,-0.02775090334543373,0.29718997290340926,0.666240623481235,0
2010-03-03,1118.790039,-0.027333612883225444,0.2764643566238916,0.6662107655559751,0
2010-03-04,1122.969971,-0.023699616141113045,0.271336364766161,0.6661809076307151,0
2010-03-05,1138.699951,-0.01002410752673999,0.20148660098975987,0.666151049705455,0
2010-03-08,1138.5,-0.01019794319741174,0.18281954241890463,0.6661211917801951,0
2010-03-09,1140.449951,-0.008502672656819477,0.18668468866966478,0.666091333854935,0
2010-03-10,1145.609985,-0.004016583709633426,0.1830606411923008,0.6660644068538524,0
2010-03-11,1150.23999,0.0,0.16392857142857137,0.6660433417011244,0
2010-03-12,1149.98999,-0.00021734594708366917,0.1801020849777702,0.6660222765483963,0
2010-03-15,1150.51001,0.0,0.1985714285714285,0.6660012113956684,0
2010-03-16,1159.459961,0.0,0.19347883597883592,0.6659801462429402,0
2010-03-17,1166.209961,0.0,0.17957671957671953,0.6659590810902122,0
2010-03-18,1165.829956,-0.0003258461278053959,0.19164762910998018,0.6659380159374843,0
2010-03-19,1159.900024,-0.005410635486760351,0.19498482607617584,0.6658828137369585,0
2010-03-22,1165.810059,-0.0003429073780653047,0.18391677985896931,0.6658105430125343,0
2010-03-23,1174.170044,0.0,0.16861111111111104,0.6657382722881097,0
2010-03-24,1167.719971,-0.005493304000523391,0.2079808536895169,0.6656660015636856,0
2010-03-25,1165.72998,-0.007188110481210597,0.14960456855628862,0.6655937308392614,0
2010-03-26,1166.589966,-0.006455690160666383,0.13290555835152976,0.6655214601148368,0
2010-03-29,1173.219971,-0.0008091443014194288,0.09463499432572442,0.6654491893904126,0
2010-03-30,1173.27002,-0.0007665192998229653,0.09664733638730075,0.6654451017207818,0
2010-03-31,1169.430054,-0.004036885478573837,0.11627283400285998,0.665441014051151,0
2010-04-01,1178.099976,0.0,0.12481481481481477,0.6654369263815202,0
2010-04-05,1187.439941,0.0,0.04924603174603172,0.6654328387118893,0
2010-04-06,1189.439941,0.0,0.05038359788359785,0.6654287510422585,0
2010-04-07,1182.449951,-0.005876706977002377,0.06455204837240282,0.6654246633726276,0
2010-04-08,1186.439941,-0.00252219544391441,0.05700811601417874,0.6654129508222854,0
2010-04-09,1194.369995,0.0,0.0636375661375661,0.6653859885105203,0
2010-04-12,1196.47998,0.0,0.066031746031746,0.6653590261987552,0
2010-04-13,1197.300049,0.0,0.07002645502645499,0.6653320638869902,0
2010-04-14,1210.650024,0.0,0.058386243386243354,0.665305101575225,0
2010-04-15,1211.670044,0.0,0.03835978835978833,0.6652781392634601,0
2010-04-16,1192.130005,-0.016126534692145977,0.21699734427607775,0.6652511769516951,0
2010-04-19,1197.52002,-0.011678116554971973,0.20886823722046366,0.6652358576211229,0
2010-04-20,1207.170044,-0.0037138823578938274,0.20985348422629793,0.6652263597811473,0
2010-04-21,1205.939941,-0.0047290952090253136,0.2036511047270208,0.6652168619411716,0
2010-04-22,1208.670044,-0.0024759215719292182,0.2152859207011298,0.665207364101196,0
2010-04-23,1217.280029,0.0,0.20821428571428563,0.6651978662612205,0
2010-04-26,1212.050049,-0.004296447715729346,0.1942165838197217,0.6651883684212447,0
2010-04-27,1183.709961,-0.027577933754140305,0.33538188029332805,0.6651788705812691,0
2010-04-28,1191.359985,-0.021293411033197818,0.3054859556736997,0.6651530659206514,0
2010-04-29,1206.780029,-0.008625788438035742,0.26028480855950525,0.6651272612600339,0
2010-04-30,1186.689941,-0.025129869275132832,0.25909764207195823,0.6651014565994163,0
2010-05-03,1202.26001,-0.012339000593264537,0.20597082187593854,0.6650756519387987,0
2010-05-04,1173.599976,-0.03588332344192269,0.29936951193983097,0.6650498472781812,0
2010-05-05,1165.869995,-0.04223353113106898,0.33975431143135676,0.6650240426175634,0
2010-05-06,1128.150024,-0.07322062539153018,0.49626422136930703,0.6650025130444978,0
2010-05-07,1110.880005,-0.08740800922151659,0.5400351137113224,0.6649895336465358,0
2010-05-10,1159.72998,-0.04727757593072279,0.547553196936973,0.6649765542485737,0
2010-05-11,1155.790039,-0.050514251885422246,0.5462652504106547,0.6649635748506117,0
2010-05-12,1171.670044,-0.03746876964495083,0.5013117299231472,0.6649505954526497,0
2010-05-13,1157.439941,-0.049158851352518074,0.5136334787658787,0.6649376160546877,0
2010-05-14,1135.680054,-0.06703467818085762,0.5553225661979814,0.6649246366567257,0
2010-05-17,1136.939941,-0.06599967639820692,0.5609324159106523,0.6648962567295172,0
2010-05-18,1120.800049,-0.07925865676056376,0.5735759965782847,0.6648601765376858,0
2010-05-19,1115.050049,-0.08398230280996422,0.5967179168111104,0.664824096345854,0
2010-05-20,1071.589966,-0.11968492009162834,0.711307089295139,0.6647880161540226,0
2010-05-21,1087.689941,-0.10645873169089837,0.6726975679761679,0.6649462689866624,0
2010-05-24,1073.650024,-0.11799257490323944,0.6889455872383846,0.6650326441711026,1
2010-05-25,1074.030029,-0.11768039940463038,0.6909254739945511,0.6651788705812691,1
2010-05-26,1067.949951,-0.12267520573936896,0.6872763844533801,0.6652326916744643,1
2010-05-27,1103.060059,-0.0938321234875037,0.6441726222590783,0.6653680136360103,0
2010-05-28,1089.410034,-0.1050456689945416,0.6687532154918624,0.6653410513242453,0
2010-06-01,1070.709961,-0.12040784742062005,0.6961296285449555,0.6654328387118893,0
2010-06-02,1098.380005,-0.097676804981083,0.6562597850249183,0.6655696405977866,0
2010-06-03,1102.829956,-0.09402115394435673,0.6417142736221167,0.6654973698733619,0
2010-06-04,1064.880005,-0.12519717761672078,0.7092445496480012,0.665447826833869,0
2010-06-07,1050.469971,-0.1370350732994733,0.7317569027741825,0.6658346332540092,0
2010-06-08,1062.0,-0.12756311226724315,0.6736577453027022,0.6660222765483963,1
2010-06-09,1055.689941,-0.13274684883538812,0.6763729381791851,0.6661709549889618,1
2010-06-10,1086.839966,-0.10715698926495743,0.6426889162184779,0.6663000751135033,0
2010-06-11,1091.599976,-0.10324662362467796,0.6271366890903541,0.6662873920962141,0
2010-06-14,1089.630005,-0.1048649620127794,0.6039464200238007,0.6662747090789249,0
2010-06-15,1115.22998,-0.08383448883477895,0.5632601167604647,0.6662505761229884,0
2010-06-16,1114.609985,-0.08434381699693516,0.56409617827992,0.6662207181977284,0
2010-06-17,1116.040039,-0.08316902240084323,0.5565488586270434,0.6661908602724683,0
2010-06-18,1117.51001,-0.08196143584312432,0.5243722415302676,0.6661610023472084,0
2010-06-21,1113.199951,-0.08550216508973874,0.5419279949330832,0.6661311444219484,0
2010-06-22,1095.310059,-0.10019877685843481,0.6119051988967883,0.6661012864966883,0
2010-06-23,1092.040039,-0.10288511025921054,0.6176949365438568,0.6660714285714284,0
2010-06-24,1073.689941,-0.11795978294161258,0.679699887678083,0.6660503634187003,0
2010-06-25,1076.76001,-0.11543771001931069,0.6434987969967176,0.6662107655559751,0
2010-06-28,1074.569946,-0.11723685561262087,0.6572450732959914,0.6661809076307151,0
2010-06-29,1041.23999,-0.1446175364797675,0.7398373400720171,0.666151049705455,0
2010-06-30,1030.709961,-0.15326799385123235,0.7551782063780924,0.6662916197686438,0
2010-07-01,1027.369995,-0.15601178814706407,0.7492776378399687,0.6663570975071471,1
2010-07-02,1022.580017,-0.15994677260904933,0.7420948572895891,0.6663746300496326,1
2010-07-06,1028.060059,-0.1554448980449018,0.7187164173364217,0.666466695136956,1
2010-07-07,1060.27002,-0.12898429717029403,0.6492652835884797,0.6667608027677094,0
2010-07-08,1070.25,-0.12078570706592939,0.6244798855161522,0.6666981837237642,0
2010-07-09,1077.959961,-0.11445194588007157,0.5898820175957683,0.6666355646798187,0
2010-07-12,1078.75,-0.1138029259494242,0.5688783259541237,0.6665729456358734,0
2010-07-13,1095.339966,-0.10017420814845224,0.5597593143284071,0.6665103265919282,0
2010-07-14,1095.170044,-0.10031379969349685,0.5642257659814024,0.6664780743571178,0
2010-07-15,1096.47998,-0.09923768247412856,0.5834502983340335,0.6664610055268751,0
2010-07-16,1064.880005,-0.12519717761672078,0.6563609517644033,0.6664439366966323,0
2010-07-19,1071.25,-0.11996420340516412,0.6364834991126519,0.6664268678663895,0
2010-07-20,1083.47998,-0.1099172300640775,0.6032631099393269,0.6664097990361467,0
2010-07-21,1069.589966,-0.1213279274131589,0.6323263171285948,0.666392730205904,0
2010-07-22,1093.670044,-0.10154605518464477,0.5933764302427377,0.6663756613756612,0
2010-07-23,1102.660034,-0.09416074548940123,0.5538130004073871,0.6663725673975754,0
2010-07-26,1115.01001,-0.08401519499503762,0.5121013027771137,0.6663694734194898,0
2010-07-27,1113.839966,-0.08497639042429406,0.5211383351758194,0.6663663794414041,0
2010-07-28,1106.130005,-0.09131015161015188,0.45692667928667946,0.6663632854633185,0
2010-07-29,1101.530029,-0.09508904873358437,0.461990456363899,0.6663601914852327,0
2010-07-30,1101.599976,-0.09503158701702485,0.4530987509812762,0.6663570975071471,0
2010-08-02,1125.859985,-0.07510190081332546,0.40524132859503803,0.6663508071826602,0
2010-08-03,1120.459961,-0.07953804029754608,0.4138848017962086,0.666338124165371,0
2010-08-04,1127.23999,-0.07396822165395112,0.43659255381542905,0.6663254411480818,0
2010-08-05,1125.810059,-0.07514291520509297,0.4133064188810321,0.6663127581307926,0
2010-08-06,1121.640015,-0.07856862161664535,0.40216594382357224,0.6663000751135033,0
2010-08-09,1127.790039,-0.07351635438685078,0.3954550749996706,0.6662873920962141,0
2010-08-10,1121.060059,-0.07904505759372815,0.4334122701706747,0.6662747090789249,0
2010-08-11,1089.469971,-0.10499643052962637,0.5600565631963981,0.6662505761229884,0
2010-08-12,1083.609985,-0.10981043048065975,0.5782936805979555,0.6662207181977284,0
2010-08-13,1079.25,-0.11339217411904157,0.573319286191527,0.6661908602724683,0
2010-08-16,1079.380005,-0.11328537453562382,0.5795535605538595,0.6661610023472084,0
2010-08-17,1092.540039,-0.1024743584288279,0.5324401295854928,0.6661311444219484,0
2010-08-18,1094.160034,-0.10114352660590642,0.5272187927736484,0.6661012864966883,0
2010-08-19,1075.630005,-0.11636601326349372,0.5669672582442347,0.6660714285714284,0
2010-08-20,1071.689941,-0.11960279026314324,0.5514863112787346,0.6660503634187003,0
2010-08-23,1067.359985,-0.12315986496809594,0.5615484517183288,0.6660292982659723,0
2010-08-24,1051.869995,-0.135884948458314,0.6207471233351619,0.6660082331132443,0
2010-08-25,1055.329956,-0.13304257783070883,0.6010135272592843,0.6659871679605163,0
2010-08-26,1047.219971,-0.13970496019696055,0.6009925130829135,0.6659661028077882,0
2010-08-27,1064.589966,-0.1254354457169855,0.5547685666064142,0.6659450376550602,0
2010-08-30,1048.920044,-0.13830834400389236,0.5495017588364168,0.6659069039784333,0
2010-08-31,1049.329956,-0.1379715997953006,0.5121399938284347,0.6658346332540092,0
2010-09-01,1080.290039,-0.11253777827320288,0.4888416302241396,0.6657623625295845,0
2010-09-02,1090.099976,-0.10447887911582587,0.46868153324586925,0.6656900918051605,0
2010-09-03,1104.51001,-0.09264098343307337,0.4487088626593705,0.6656178210807359,0
2010-09-07,1091.839966,-0.10304947096113082,0.4727202117142034,0.6655455503563117,0
2010-09-08,1098.869995,-0.09727427640234454,0.4408428882965699,0.6654732796318875,0
2010-09-09,1104.180054,-0.09291204349496485,0.3715209072204128,0.6654464642773255,0
2010-09-10,1109.550049,-0.08850057294417346,0.3544546557869763,0.6654423766076946,0
2010-09-13,1121.900024,-0.07835502327131338,0.34638052528007335,0.6654382889380638,0
2010-09-14,1121.099976,-0.0790122656321014,0.34363747008127293,0.6654342012684329,0
2010-09-15,1125.069946,-0.07575092074397283,0.3423032212948837,0.6654301135988021,0
2010-09-16,1124.660034,-0.07608766495256447,0.3458025524404318,0.6654260259291712,0
2010-09-17,1125.589966,-0.07532372241030172,0.3314731229770181,0.6654219382595404,0
2010-09-20,1142.709961,-0.061259583845517884,0.3032204953236161,0.6653949759477753,0
2010-09-21,1139.780029,-0.0636665337093113,0.3173125388638719,0.6653680136360103,0
2010-09-22,1134.280029,-0.06818480384352055,0.28131911910957913,0.6653410513242453,0
2010-09-23,1124.829956,-0.07594807340751997,0.3161773706287064,0.6653140890124801,0
2010-09-24,1148.670044,-0.056363353842552866,0.2765910510660898,0.6652871267007151,0
2010-09-27,1142.160034,-0.06171135088917168,0.29960917662256153,0.66526016438895,0
2010-09-28,1147.699951,-0.05716028879333557,0.30543097089062693,0.6652390235677814,0
2010-09-29,1144.72998,-0.05960013084220239,0.2858587813492671,0.6652295257278059,0
2010-09-30,1141.199951,-0.06250006258831009,0.2794445195504165,0.6652200278878302,0
2010-10-01,1146.23999,-0.058359652099410186,0.25483316982087945,0.6652105300478546,0
2010-10-04,1137.030029,-0.06592566877641592,0.27953408295497945,0.6652010322078789,0
2010-10-05,1160.75,-0.046439625766669046,0.28230162499407685,0.6651915343679032,0
2010-10-06,1159.969971,-0.04708042244567212,0.27330867624697575,0.6651820365279277,0
2010-10-07,1158.060059,-0.04864942214541179,0.23910681980200732,0.6651616674741907,0
2010-10-08,1165.150024,-0.04282498994321382,0.22009369163556022,0.6651358628135731,0
2010-10-11,1165.319946,-0.042685398398169205,0.1509314727867977,0.6651100581529554,0
2010-10-12,1169.77002,-0.03902964631649275,0.15863451737873305,0.6650842534923379,0
2010-10-13,1178.099976,-0.03218655696847883,0.154563021801328,0.6650584488317204,0
2010-10-14,1173.810059,-0.035710739488358234,0.1617020937352362,0.6650326441711026,0
2010-10-15,1176.189941,-0.033755657713168574,0.1532977945468075,0.6650068395104851,0
2010-10-18,1184.709961,-0.026756430093375028,0.14135374785808172,0.664993860112523,0
2010-10-19,1165.900024,-0.04220886219763975,0.17075645474298773,0.6649808807145611,0
2010-10-20,1178.170044,-0.032128995849976305,0.14486431882949533,0.6649679013165991,0
2010-10-21,1180.26001,-0.0304120811301013,0.12927227513389927,0.664954921918637,0
2010-10-22,1183.079956,-0.028095485167940693,0.1182251642121108,0.6649419425206751,0
2010-10-25,1185.619995,-0.026008833830954092,0.12179261117915545,0.664928963122713,0
2010-10-26,1185.640015,-0.025992387327665623,0.11673319283552674,0.6649082834601279,0
2010-10-27,1182.449951,-0.02861303658174119,0.14200760157004705,0.6648722032682963,0
2010-10-28,1183.780029,-0.02752037263563778,0.13131809795641608,0.6648361230764647,0
2010-10-29,1183.26001,-0.027947570147805356,0.14003179317207537,0.6648000428846331,0
2010-11-01,1184.380005,-0.02702749015526651,0.14224780300113457,0.6647639626928015,0
2010-11-02,1193.569946,-0.01947791998154924,0.10482853043288551,0.6647278825009699,0
2010-11-03,1197.959961,-0.015871506588234663,0.07380771266778631,0.6646918023091384,0
2010-11-04,1221.060059,0.0,0.09157407407407403,0.6646504940534047,0
2010-11-05,1225.849976,0.0,0.07776455026455023,0.6646065717657202,0
2010-11-08,1223.25,-0.002120957744343066,0.07934409109215344,0.6645626494780354,0
2010-11-09,1213.400024,-0.010156179176692315,0.11570593353054925,0.664518727190351,0
2010-11-10,1218.709961,-0.005824542268457744,0.08776987400257252,0.6644748049026665,0
2010-11-11,1213.540039,-0.010041960469068023,0.1087567017692308,0.6644308826149817,0
2010-11-12,1199.209961,-0.021731872187922607,0.19197771752497794,0.6643869603272973,0
2010-11-15,1197.75,-0.022922850715950904,0.19114498699670715,0.6643597742181965,0
2010-11-16,1178.339966,-0.03875678992549081,0.3237303701328111,0.6643325881090958,0
2010-11-17,1178.589966,-0.03855284979831819,0.32777135626591825,0.6643054019999952,0
2010-11-18,1196.689941,-0.02378760498503274,0.30041020534711854,0.6642782158908944,0
2010-11-19,1199.72998,-0.021307661223953778,0.2770109924105434,0.6642510297817937,0
2010-11-22,1197.839966,-0.022849460006026057,0.2833849604728397,0.6642238436726929,0
2010-11-23,1180.72998,-0.0368071108890734,0.32525318915154405,0.6641953325134641,0
2010-11-24,1198.349976,-0.022433413988988793,0.2952269750936648,0.6641641712539786,0
2010-11-26,1189.400024,-0.029734431385264326,0.34114428062528007,0.6641330099944931,0
2010-11-29,1187.76001,-0.031072290040163986,0.3319428327042814,0.6641018487350077,0
2010-11-30,1180.550049,-0.03695389149316264,0.3769240348711601,0.6640706874755221,0
2010-12-01,1206.069946,-0.016135767334713336,0.31528884672758184,0.6640395262160367,0
2010-12-02,1221.530029,-0.0035240421622360074,0.287112448478281,0.6640083649565512,0
2010-12-03,1224.709961,-0.0009299792163147691,0.2636159750595776,0.6639624970591012,0
2010-12-06,1223.119995,-0.0022270106892753327,0.264365534520252,0.663909275842669,0
2010-12-07,1223.75,-0.0017130774899978274,0.24959537552767985,0.6638560546262366,0
2010-12-08,1228.280029,0.0,0.2534656084656084,0.6638028334098045,0
2010-12-09,1233.0,0.0,0.26003968253968246,0.6637496121933724,0
2010-12-10,1240.400024,0.0,0.2603571428571428,0.66369639097694,0
2010-12-13,1240.459961,0.0,0.2479497354497354,0.6636431697605079,0
2010-12-14,1241.589966,0.0,0.24628306878306871,0.6636403595110439,0
2010-12-15,1235.22998,-0.00512245280178103,0.2483823930975869,0.66363754926158,0
2010-12-16,1242.869995,0.0,0.23740740740740734,0.6636347390121162,0
2010-12-17,1243.910034,0.0,0.21593915343915338,0.6636319287626523,0
2010-12-20,1247.079956,0.0,0.22284391534391526,0.6636291185131884,0
2010-12-21,1254.599976,0.0,0.22851851851851845,0.6636263082637245,0
2010-12-22,1258.839966,0.0,0.18513227513227506,0.6636156853896255,0
2010-12-23,1256.77002,-0.0016443281560064582,0.20789911971313363,0.6635894372662563,0
2010-12-27,1257.540039,-0.0010326388064485492,0.21461218244075406,0.6635631891428869,0
2010-12-28,1258.51001,-0.0002621111570270118,0.24298649106039,0.6635369410195177,0
2010-12-29,1259.780029,0.0,0.22342592592592583,0.6635106928961483,0
2010-12-30,1257.880005,-0.001508218860643673,0.20981250813541782,0.663484444772779,0
2010-12-31,1257.640015,-0.0016987203723961564,0.08416809407650498,0.6634581966494099,0
2011-01-03,1271.869995,0.0,0.09050264550264546,0.663423261892824,0
2011-01-04,1270.199951,-0.0013130618746926004,0.0734936636676205,0.6633839838196302,0
2011-01-05,1276.560059,0.0,0.07888888888888884,0.663344705746436,0
2011-01-06,1273.849976,-0.00212295769469939,0.06816924235533234,0.6633054276732422,0
2011-01-07,1271.5,-0.003963823687201828,0.08615870482675855,0.6632661496000484,0
2011-01-10,1269.75,-0.005334695341584372,0.1161106291188959,0.6632268715268542,0
2011-01-11,1274.47998,-0.001629440765700707,0.11514315960667149,0.6631875934536604,0
2011-01-12,1285.959961,0.0,0.13220899470899464,0.6631346211237492,0
2011-01-13,1283.76001,-0.0017107461093028853,0.11727776305603116,0.6630816487938382,0
2011-01-14,1293.23999,0.0,0.11206349206349203,0.6630286764639274,0
2011-01-18,1295.02002,0.0,0.08496031746031742,0.6629757041340161,0
2011-01-19,1281.920044,-0.010115655200450102,0.10469169629345013,0.6629227318041052,0
2011-01-20,1280.26001,-0.01139751492027119,0.13535691208421957,0.6628697594741939,0
2011-01-21,1283.349976,-0.009011477675843205,0.12077409067132927,0.6628275991273012,0
2011-01-24,1290.839966,-0.0032277910267363152,0.10383366669240099,0.6628070627464442,0
2011-01-25,1291.180054,-0.002965178870362184,0.10944445803067795,0.6627865263655872,0
2011-01-26,1296.630005,0.0,0.08480158730158727,0.6627659899847302,0
2011-01-27,1299.540039,0.0,0.06720899470899468,0.6627454536038733,0
2011-01-28,1276.339966,-0.017852526512266986,0.18670080959249813,0.6627249172230164,0
2011-01-31,1286.119995,-0.01032676454534387,0.17003762009991524,0.6627043808421594,0
2011-02-01,1307.589966,0.0,0.14707671957671953,0.6626936347789988,0
2011-02-02,1304.030029,-0.00272251783247468,0.15374321187516005,0.6626877838746863,0
2011-02-03,1307.099976,-0.0003747275619581103,0.15297612810080471,0.6626819329703738,0
2011-02-04,1310.869995,0.0,0.13808201058201053,0.6626760820660613,0
2011-02-07,1319.050049,0.0,0.11740740740740735,0.6626702311617488,0
2011-02-08,1324.569946,0.0,0.11920634920634915,0.6626643802574363,0
2011-02-09,1320.880005,-0.00278576530529262,0.14097519349862622,0.6626585293531239,0
2011-02-10,1321.869995,-0.002038360456654953,0.1361365087384621,0.662632765823171,0
2011-02-11,1329.150024,0.0,0.13805555555555551,0.6626070022932183,0
2011-02-14,1332.319946,0.0,0.14964285714285708,0.6625812387632657,0
2011-02-15,1328.01001,-0.0032349106631179847,0.17500623142008015,0.6625554752333129,0
2011-02-16,1336.319946,0.0,0.19161375661375657,0.6625297117033602,0
2011-02-17,1340.430054,0.0,0.156058201058201,0.6625039481734074,0
2011-02-18,1343.01001,0.0,0.16718253968253963,0.6624677334790103,0
2011-02-22,1315.439941,-0.02052856553168947,0.31470041620416483,0.6624106164557245,0
2011-02-23,1307.400024,-0.02651505628018358,0.3418842051023578,0.6623534994324384,0
2011-02-24,1306.099976,-0.027483066935591882,0.3529135427565726,0.6622963824091526,0
2011-02-25,1319.880005,-0.017222511245467143,0.3219368547644018,0.6622392653858665,0
2011-02-28,1327.219971,-0.011757201273577933,0.30783880025845217,0.6621821483625807,0
2011-03-01,1306.329956,-0.027311824727203615,0.340036094434549,0.6621250313392949,0
2011-03-02,1308.439941,-0.02574073814982203,0.317013224404125,0.6620924926433825,0
2011-03-03,1330.969971,-0.008964965942435565,0.28053309140605487,0.6620722431111572,0
2011-03-04,1321.150024,-0.016276860065994492,0.30008778763474886,0.6620519935789316,0
2011-03-07,1310.130005,-0.02448232310643761,0.3420904279393653,0.6620317440467063,0
2011-03-08,1321.819946,-0.015778038765325242,0.319211424296168,0.6620114945144809,0
2011-03-09,1320.02002,-0.01711825662416322,0.32460275450984233,0.6619912449822554,0
2011-03-10,1295.109985,-0.03566617124469529,0.4044263896206184,0.66197099545003,0
2011-03-11,1304.280029,-0.028838192352713676,0.3704920742094997,0.6619467748337919,0
2011-03-14,1296.390015,-0.03471306591378276,0.3730313404722006,0.661922554217554,0
2011-03-15,1281.869995,-0.04552461600788804,0.45415334873327506,0.6618983336013161,0
2011-03-16,1256.880005,-0.06413206480866063,0.48885001216192703,0.661874112985078,0
2011-03-17,1273.719971,-0.051593091997877205,0.4306815516672938,0.6618498923688401,0
2011-03-18,1279.209961,-0.04750526691904544,0.3988713996679338,0.661825671752602,0
2011-03-21,1298.380005,-0.03323132714401733,0.33563156082678897,0.6618063500286562,0
2011-03-22,1293.77002,-0.03666390394216057,0.31994906568297354,0.6617968260892945,0
2011-03-23,1297.540039,-0.033856762541926266,0.29557520499740136,0.6617873021499325,0
2011-03-24,1309.660034,-0.024832261674654243,0.28102887273974375,0.6617777782105708,0
2011-03-25,1313.800049,-0.021749622700131588,0.2695916107322213,0.661768254271209,0
2011-03-28,1310.189941,-0.024437694995288917,0.2926056572747699,0.6617587303318472,0
2011-03-29,1319.439941,-0.017550181178470847,0.2800152438691914,0.6617492063924855,0
2011-03-30,1328.26001,-0.01098279230249366,0.2651634777471193,0.6617040298398265,0
2011-03-31,1325.829956,-0.012792201005262793,0.273128418984093,0.6616410269805192,0
2011-04-01,1332.410034,-0.007892700665723229,0.26904796037558737,0.6615780241212115,0
2011-04-04,1332.869995,-0.007550215504350533,0.25694385648881846,0.6615150212619042,0
2011-04-05,1332.630005,-0.007728911119582738,0.2593672859360918,0.6614520184025969,0
2011-04-06,1335.540039,-0.0055621111863491945,0.2590290307781163,0.6613890155432893,0
2011-04-07,1333.51001,-0.0070736628388942124,0.26159686101513857,0.6613260126839821,0
2011-04-08,1328.170044,-0.011049780634174167,0.2861697896710618,0.6613174715452855,0
2011-04-11,1324.459961,-0.013812293923259666,0.28160120773436653,0.6613089304065891,0
2011-04-12,1314.160034,-0.021481579277283225,0.1922858316406763,0.6613003892678926,0
2011-04-13,1314.410034,-0.021295430255207082,0.23728732053905266,0.6612918481291961,0
2011-04-14,1314.52002,-0.02121353510983881,0.2882869299624943,0.6612833069904996,0
2011-04-15,1319.680054,-0.01737139397791987,0.27843826536609634,0.6612747658518031,0
2011-04-18,1305.140015,-0.028197850141116976,0.31584800217992226,0.6612566309103068,0
2011-04-19,1312.619995,-0.022628286292519895,0.27953489593197617,0.6612193083632111,0
2011-04-20,1330.359985,-0.009419159131956123,0.2987368533922097,0.6611819858161151,0
2011-04-21,1337.380005,-0.004192079700135687,0.2859431940528611,0.6611446632690194,0
2011-04-25,1335.25,-0.005778073091205038,0.2905051162808745,0.6611073407219235,0
2011-04-26,1347.23999,0.0,0.26452380952380944,0.6610700181748277,0
2011-04-27,1355.660034,0.0,0.2556613756613756,0.6610326956277319,0
2011-04-28,1360.47998,0.0,0.2487962962962962,0.6609925694543449,0
2011-04-29,1363.609985,0.0,0.24291005291005285,0.6609510414678126,0
2011-05-02,1361.219971,-0.001752710838356042,0.24858473448750867,0.6609095134812799,0
2011-05-03,1356.619995,-0.005126091827495682,0.2650269715686561,0.6608679854947476,0
2011-05-04,1347.319946,-0.011946259692429573,0.2902614375568413,0.6608264575082152,0
2011-05-05,1335.099976,-0.02090774437970988,0.32917659484295336,0.6607849295216826,0
2011-05-06,1340.199951,-0.017167690364191635,0.3061171014529029,0.6607434015351502,0
2011-05-09,1346.290039,-0.012701539436146048,0.2858767679582958,0.6607010652330153,0
2011-05-10,1357.160034,-0.00473005556643824,0.257871833875493,0.6606587289308806,0
2011-05-11,1342.079956,-0.015788993360883907,0.2451504957367643,0.6606163926287459,0
2011-05-12,1348.650024,-0.01097085029045164,0.21653803622155776,0.6605740563266109,0
2011-05-13,1337.77002,-0.018949674235481773,0.22808352442649338,0.6605317200244762,0
2011-05-16,1329.469971,-0.025036494580963353,0.2669221003754628,0.6604893837223413,0
2011-05-17,1328.97998,-0.025395828265367237,0.24671838016182684,0.660443966439613,0
2011-05-18,1340.680054,-0.016815608020060213,0.2333665603119029,0.6603923871956974,0
2011-05-19,1343.599976,-0.014674290464366191,0.12156417501226582,0.6603408079517815,0
2011-05-20,1333.27002,-0.022249738073016667,0.13554889203682627,0.6602892287078659,0
2011-05-23,1317.369995,-0.033909981965994485,0.23552002068723563,0.6602376494639499,0
2011-05-24,1316.280029,-0.03470930582838172,0.24015645799934898,0.6601860702200344,0
2011-05-25,1320.469971,-0.03163662225603314,0.2237840525273455,0.6601344909761188,0
2011-05-26,1325.689941,-0.027808570204918226,0.20642583980145734,0.6601068143290802,0
2011-05-27,1331.099976,-0.023841134457518676,0.19399295923262022,0.6600910889804806,0
2011-05-31,1345.199951,-0.01350095276693064,0.21237839199756536,0.6600753636318809,0
2011-06-01,1314.550049,-0.03597798237008365,0.27193019260071405,0.6600596382832813,0
2011-06-02,1312.939941,-0.03715875107793376,0.28531801452103367,0.6600439129346816,0
2011-06-03,1300.160034,-0.04653086417521357,0.3062735449467641,0.6600281875860818,0
2011-06-06,1286.170044,-0.056790388638874645,0.3470770377952209,0.6600124622374822,0
2011-06-07,1284.939941,-0.057692481622595326,0.3634902372063735,0.6600013453609221,0
2011-06-08,1279.560059,-0.06163780474224101,0.3659759477012711,0.6599902284843621,0
2011-06-09,1289.0,-0.05471504742611577,0.3454331891864711,0.659979111607802,0
2011-06-10,1270.97998,-0.06792998439359477,0.39476994952628186,0.6599679947312419,0
2011-06-13,1271.829956,-0.06730665660240087,0.39305634771124076,0.6599568778546818,0
2011-06-14,1287.869995,-0.05554373378983435,0.37486676626208676,0.6599457609781217,0
2011-06-15,1265.420044,-0.07200734966750777,0.42987442806661763,0.6599301214499558,0
2011-06-16,1267.640015,-0.07037933944140196,0.42896578934026425,0.659905436618578,0
2011-06-17,1271.5,-0.06754862901652925,0.39570121196269215,0.6598807517872001,0
2011-06-20,1278.359985,-0.06251787603329995,0.3760531972717059,0.6598560669558223,0
2011-06-21,1295.52002,-0.04993360693233717,0.3590208574193336,0.6598313821244444,0
2011-06-22,1287.140015,-0.05607906281208408,0.3497155102951357,0.6598066972930666,0
2011-06-23,1283.5,-0.058748458783102864,0.35141084895242175,0.6597820124616889,0
2011-06-24,1268.449951,-0.0697853748848869,0.36169218531159963,0.6597352209757263,0
2011-06-27,1280.099976,-0.061241857949580814,0.33827858932785665,0.6596773761624719,0
2011-06-28,1296.670044,-0.04909023968462656,0.28897442518768934,0.6596195313492171,0
2011-06-29,1307.410034,-0.04121409465918513,0.26796220459631304,0.6595616865359627,0
2011-06-30,1320.640015,-0.03151192091043542,0.2522719770501944,0.6595038417227082,0
2011-07-01,1339.670044,-0.01755629634818201,0.2203268148770776,0.6594459969094534,0
2011-07-05,1337.880005,-0.0188690170085547,0.2105793283467735,0.6593881520961989,0
2011-07-06,1339.219971,-0.017886356266304415,0.21334193439787208,0.6593622932839496,0
2011-07-07,1353.219971,-0.007619490993973632,0.1883894209388,0.6593364344717002,0
2011-07-08,1343.800049,-0.014527567426106947,0.20289604387429122,0.659310575659451,0
2011-07-11,1319.48999,-0.03235528889149342,0.3136014789449243,0.6592847168472016,0
2011-07-12,1313.640015,-0.03664535354660081,0.36861728139877803,0.6592588580349523,0
2011-07-13,1317.719971,-0.03365332793452669,0.34798981362725206,0.6592329992227028,0
2011-07-14,1308.869995,-0.040143435881338174,0.3772726521581348,0.6592107279075067,0
2011-07-15,1316.140015,-0.034811984747970315,0.3511923711155537,0.6591956315864166,0
2011-07-18,1305.439941,-0.04265885747382525,0.38645517923314043,0.6591805352653263,0
2011-07-19,1326.72998,-0.027045860184134685,0.32914815391408325,0.6591654389442362,0
2011-07-20,1325.839966,-0.02769854974331243,0.3045742385279536,0.659150342623146,0
2011-07-21,1343.800049,-0.014527567426106947,0.2768642978425452,0.6591352463020558,0
2011-07-22,1345.02002,-0.013632904719453331,0.27114784545170373,0.6591201499809657,0
2011-07-25,1337.430054,-0.01919898745827986,0.3333827002938511,0.659074230589658,0
2011-07-26,1331.939941,-0.023225148208341984,0.35411356409339656,0.6590128996632418,0
2011-07-27,1304.890015,-0.04306214434180755,0.42949203352762927,0.6589515687368253,0
2011-07-28,1300.670044,-0.04615684960681776,0.4263009179408796,0.6588902378104091,0
2011-07-29,1292.280029,-0.05230964629523449,0.45988797767068335,0.658828906883993,0
2011-08-01,1286.939941,-0.05622578658369093,0.4078942243237094,0.6587675759575765,0
2011-08-02,1254.050049,-0.08034550729694168,0.5042849791267002,0.6587062450311604,0
2011-08-03,1260.339966,-0.07573281226743145,0.45095873980028267,0.6586893259290973,0
2011-08-04,1200.069946,-0.11993168193176584,0.5980053199054205,0.6586724068270343,0
2011-08-05,1199.380005,-0.12043764845268423,0.5835198871379299,0.6586554877249714,0
2011-08-08,1119.459961,-0.1790468144745948,0.7819858069991431,0.6586385686229083,0
2011-08-09,1172.530029,-0.1401280117496353,0.6316589051048531,0.6588084632418542,0
2011-08-10,1120.76001,-0.1780934267652785,0.655802059208281,0.6587471323154377,0
2011-08-11,1172.640015,-0.14004735378936084,0.6014959779863862,0.6587006053304727,0
2011-08-12,1178.810059,-0.13552256732705004,0.5724551231205022,0.6586836862284097,0
2011-08-15,1204.48999,-0.11669025362849628,0.5443404736663647,0.6586667671263466,0
2011-08-16,1192.76001,-0.1252924053647202,0.560245066331844,0.6586498480242837,0
2011-08-17,1193.890015,-0.12446371900100162,0.5507056691504081,0.6586329289222206,0
2011-08-18,1140.650024,-0.16350713433650899,0.6429942754895248,0.6586160098201577,0
2011-08-19,1123.530029,-0.17606204020279304,0.6720945540634573,0.6585990907180946,0
2011-08-22,1123.819946,-0.175849430289996,0.6756357184643972,0.658694965629785,0
2011-08-23,1162.349976,-0.14759352836507722,0.6526413345671931,0.6590128996632418,0
2011-08-24,1177.599976,-0.1364099786934312,0.622395678135821,0.6589515687368253,0
2011-08-25,1159.27002,-0.14985220645769926,0.6306295260561173,0.6588902378104091,0
2011-08-26,1176.800049,-0.13699660317462403,0.5988800507936757,0.658828906883993,0
2011-08-29,1210.079956,-0.11259086592857415,0.580214859220109,0.6587675759575765,0
2011-08-30,1212.920044,-0.1105080944387482,0.5818292900460743,0.6587062450311604,0
2011-08-31,1218.890015,-0.10613003101469665,0.5724486298102284,0.6586893259290973,0
2011-09-01,1204.420044,-0.1167415483540919,0.5794813924164445,0.6586724068270343,0
2011-09-02,1173.969971,-0.13907203385578026,0.6327859115264071,0.6586554877249714,0
2011-09-06,1165.23999,-0.14547414376699508,0.621116591568013,0.6586385686229083,0
2011-09-07,1198.619995,-0.12099499990094309,0.669770719457851,0.6586216495208453,0
2011-09-08,1185.900024,-0.130323159081297,0.7256602776700429,0.6587471323154377,0
2011-09-09,1154.22998,-0.15354830728963897,0.7804219899115877,0.6590946742317968,1
2011-09-12,1162.27002,-0.14765216389934266,0.7586243956210099,0.6591956315864166,1
2011-09-13,1172.869995,-0.1398786985268372,0.7240052318829981,0.6593278148676172,1
2011-09-14,1188.680054,-0.12828443097679443,0.7051450208758568,0.6595809681403809,1
2011-09-15,1209.109985,-0.11330219175536471,0.6765314131752206,0.6598313821244444,1
2011-09-16,1216.01001,-0.10824207553745657,0.6303534536079106,0.6599531722291618,0
2011-09-19,1204.089966,-0.11698361023661763,0.639348586252195,0.6599420553526018,0
2011-09-20,1202.089966,-0.11845030527552203,0.6390319007221608,0.6599218931728298,0
2011-09-21,1166.76001,-0.14435944087047736,0.6918159851292287,0.659897208341452,0
2011-09-22,1129.560059,-0.17163993266007083,0.798190141414307,0.659982817233322,0
2011-09-23,1136.430054,-0.16660183886817181,0.7979777621973616,0.6600596382832813,1
2011-09-26,1162.949951,-0.14715353818709387,0.7545472087874754,0.6602204563826449,1
2011-09-27,1175.380005,-0.138037988919537,0.7379471740050315,0.660503495823053,1
2011-09-28,1151.060059,-0.15587296099184855,0.7638464949891599,0.6607434015351502,1
2011-09-29,1160.400024,-0.14902352082732806,0.737505473670042,0.6609787267921674,1
2011-09-30,1131.420044,-0.1702759172741024,0.785243799141621,0.661194426665147,1
2011-10-03,1099.22998,-0.1938824208595099,0.8318784817509883,0.6613003892678926,1
2011-10-04,1123.949951,-0.17575409144572962,0.7711562324861981,0.6614940203088017,1
2011-10-05,1144.030029,-0.16102841605402296,0.7013028823336104,0.6617619049783012,1
2011-10-06,1164.969971,-0.14567216153085005,0.6900579165883427,0.661825671752602,1
2011-10-07,1155.459961,-0.15264630377431565,0.6746967285503426,0.661962921911284,1
2011-10-10,1194.890015,-0.12373037148154942,0.6288732711746845,0.6620789929552323,0
2011-10-11,1195.540039,-0.12325367799356501,0.6158409215287858,0.6620587434230069,0
2011-10-12,1207.25,-0.11466620714133302,0.6053375438076947,0.6620384938907815,0
2011-10-13,1203.660034,-0.11729889980235075,0.6054412194453604,0.6620182443585559,0
2011-10-14,1224.579956,-0.10195732689651726,0.5673091097361381,0.6619979948263306,0
2011-10-17,1200.859985,-0.11935230879084535,0.6025349398611836,0.6619777452941051,0
2011-10-18,1225.380005,-0.10137061294692706,0.5711817725733493,0.6619548483725379,0
2011-10-19,1209.880005,-0.11273749949843614,0.5826659517790755,0.6619306277563001,0
2011-10-20,1215.390015,-0.10869674733277934,0.5109651973284356,0.661906407140062,0
2011-10-21,1238.25,-0.09193243403831486,0.48190622243327924,0.661882186523824,0
2011-10-24,1254.189941,-0.08024291784575044,0.47297139559479456,0.6618579659075862,0
2011-10-25,1229.050049,-0.09867919528324665,0.4939441348689964,0.6618337452913481,0
2011-10-26,1242.0,-0.08918238084036911,0.46335483584442166,0.6618095246751101,0
2011-10-27,1284.589966,-0.05794913492071563,0.4488908137567105,0.6618000007357483,0
2011-10-28,1285.089966,-0.05758246116098953,0.41949577879001276,0.6617904767963865,0
2011-10-31,1253.300049,-0.08089551793653083,0.48493176438097974,0.6617809528570248,0
2011-11-01,1218.280029,-0.1065773627346972,0.6265436289324301,0.6617714289176629,0
2011-11-02,1237.900024,-0.09218908806978265,0.6018570644138977,0.6617619049783012,0
2011-11-03,1261.150024,-0.07513875824251903,0.5479442876688004,0.6617523810389393,0
2011-11-04,1253.22998,-0.0809469028638713,0.5482738495742115,0.661725030792929,0
2011-11-07,1261.119995,-0.07516077993518067,0.5338834121126929,0.6616620279336217,0
2011-11-08,1275.920044,-0.06430720071325968,0.4937956249828956,0.661599025074314,0
2011-11-09,1229.099976,-0.09864258144164295,0.5503287696876434,0.6615360222150068,0
2011-11-10,1239.699951,-0.09086911606913761,0.5354053731453989,0.6614730193556991,0
2011-11-11,1263.849976,-0.07315875514067904,0.5074069082852167,0.6614100164963919,0
2011-11-14,1251.780029,-0.08201022083304854,0.5377508893382824,0.6613470136370846,0
2011-11-15,1257.810059,-0.07758811329032633,0.5632380110806665,0.6613203185915177,0
2011-11-16,1236.910034,-0.09291509478056514,0.6055325052710695,0.6613117774528212,0
2011-11-17,1216.130005,-0.1081540775018599,0.6322584379757767,0.6613032363141247,0
2011-11-18,1215.650024,-0.10850607037759408,0.6438713056171339,0.6612946951754283,0
2011-11-21,1192.97998,-0.12513109091086627,0.6560435524792827,0.6612861540367317,0
2011-11-22,1188.040039,-0.1287537843894565,0.6660389328017392,0.6612776128980352,0
2011-11-23,1161.790039,-0.14800415677507672,0.6975256230507269,0.6613260126839821,0
2011-11-25,1158.670044,-0.15029219736903,0.6109061923983914,0.6616830288867239,0
2011-11-28,1192.550049,-0.1254463797432519,0.6153372429934895,0.6616200260274167,0
2011-11-29,1195.189941,-0.12351042149343017,0.5820484846280949,0.6615570231681094,0
2011-11-30,1246.959961,-0.08554500574443946,0.48584183758115784,0.6614940203088017,0
2011-12-01,1244.579956,-0.08729037650747329,0.4832140602745763,0.6614310174494944,0
2011-12-02,1244.280029,-0.08751032722894003,0.4737822339445692,0.6613680145901868,0
2011-12-05,1257.079956,-0.0781235325143208,0.4803090855780314,0.6613231656377498,0
2011-12-06,1258.469971,-0.07710416846206947,0.4842842614137425,0.6613146244990534,0
2011-12-07,1261.01001,-0.07524143716210763,0.4917182960231004,0.6613060833603569,0
2011-12-08,1234.349976,-0.09479250696451891,0.5726928072992216,0.6612975422216605,0
2011-12-09,1255.189941,-0.07950957032629824,0.5380834420635154,0.661289001082964,0
2011-12-12,1236.469971,-0.09323781389001784,0.5444515142341588,0.6612804599442674,0
2011-12-13,1225.72998,-0.10111395964880676,0.5578314605732769,0.661271918805571,0
2011-12-14,1211.819946,-0.11131484857820251,0.594662474378499,0.6612441900612748,0
2011-12-15,1215.75,-0.10843275322598933,0.5521827959346791,0.6612068675141791,0
2011-12-16,1219.660034,-0.10556533949111557,0.5424059206168518,0.6611695449670831,0
2011-12-19,1205.349976,-0.11605958502863267,0.5670492798121368,0.6611322224199874,0
2011-12-20,1241.300049,-0.08969568816995721,0.4956506988198215,0.6610948998728917,0
2011-12-21,1243.719971,-0.0879210443739894,0.4545793273228612,0.6610575773257957,0
2011-12-22,1254.0,-0.08038221060694273,0.42734489611457455,0.6610202547787,0
2011-12-23,1265.329956,-0.07207341547884016,0.40113095571746527,0.6609787267921674,0
2011-12-27,1265.430054,-0.07200000885883817,0.35427038100097613,0.660937198805635,0
2011-12-28,1249.640015,-0.08357959479154153,0.39914472009905605,0.6608956708191026,0
2011-12-29,1263.02002,-0.07376740131453363,0.376245749302308,0.66085414283257,0
2011-12-30,1257.599976,-0.07774217713725529,0.39326415753825117,0.6608126148460376,0
2012-01-03,1277.060059,-0.0634711735408715,0.400940540524178,0.660771086859505,0
2012-01-04,1277.300049,-0.06329517746967805,0.3962716732810739,0.6607292894344385,0
2012-01-05,1281.060059,-0.06053778346306271,0.37314798565832064,0.6606869531323039,0
2012-01-06,1277.810059,-0.06292116290128236,0.3806112155873588,0.660644616830169,0
2012-01-09,1280.699951,-0.06080186777159746,0.3462426646063401,0.6606022805280343,0
2012-01-10,1292.079956,-0.052456369333493846,0.3784899712425206,0.6605599442258994,0
2012-01-11,1292.47998,-0.05216301272537249,0.3961141337889654,0.6605176079237647,0
2012-01-12,1295.5,-0.04994828854967648,0.39020249652416195,0.66047527162163,0
2012-01-13,1289.089966,-0.054649071083180734,0.36508946731039876,0.6604267733583077,0
2012-01-17,1293.670044,-0.051290282242983154,0.36898220112544217,0.660375194114392,0
2012-01-18,1308.040039,-0.04075208205519265,0.34634958841332103,0.6603236148704762,0
2012-01-19,1314.5,-0.0360146856800847,0.293667358265837,0.6602720356265606,0
2012-01-20,1315.380005,-0.03536933619622917,0.27305166904394057,0.6602204563826449,0
2012-01-23,1316.0,-0.0349146644009064,0.2896092374927278,0.6601688771387291,0
2012-01-24,1314.650024,-0.0359046659518264,0.29976549332208574,0.6601172978948134,0
2012-01-25,1326.060059,-0.027537145087713766,0.27908954765023,0.6601015725462137,0
2012-01-26,1318.430054,-0.033132590327871636,0.2720342406685782,0.6600858471976141,0
2012-01-27,1316.329956,-0.034672691986778026,0.261078129855033,0.6600701218490144,0
2012-01-30,1313.01001,-0.03710736615059329,0.26921137906325154,0.6600543965004146,0
2012-01-31,1312.410034,-0.037547357061924136,0.2680594739769544,0.660038671151815,0
2012-02-01,1324.089966,-0.028981907902353776,0.20685500905954401,0.6600229458032153,0
2012-02-02,1325.540039,-0.027918500464779172,0.1886741582296926,0.6600087566119622,0
2012-02-03,1344.900024,-0.013720903488397385,0.15299947572046832,0.6599976397354022,0
2012-02-06,1344.329956,-0.01413896144211646,0.15447998124376722,0.6599865228588421,0
2012-02-07,1347.050049,-0.0121441879878873,0.14100159701403614,0.659975405982282,0
2012-02-08,1349.959961,-0.010010211240862987,0.1354117243885064,0.6599642891057219,0
2012-02-09,1351.949951,-0.008550857010628299,0.12911023476196024,0.6599531722291618,0
2012-02-10,1342.640015,-0.015378275482487047,0.18804387766893146,0.6599420553526018,0
2012-02-13,1351.77002,-0.00868280896315099,0.14983736017377053,0.6599218931728298,0
2012-02-14,1350.5,-0.009614174979805545,0.16073013166888828,0.659897208341452,0
2012-02-15,1343.22998,-0.014945626113173405,0.1658315767326334,0.6598725235100741,0
2012-02-16,1358.040039,-0.004084706082582712,0.12617148856894045,0.6598478386786963,0
2012-02-17,1361.22998,-0.0017453707630338267,0.07970026502146063,0.6598231538473186,0
2012-02-21,1362.209961,-0.0010267041275735522,0.09017384389488714,0.6597984690159406,0
2012-02-22,1357.660034,-0.004363381806712141,0.09764346557546191,0.6597737841845629,0
2012-02-23,1363.459961,-0.00011001972825830375,0.06724842579031202,0.6597159393713081,0
2012-02-24,1365.73999,0.0,0.0739682539682539,0.6596580945580537,0
2012-02-27,1367.589966,0.0,0.09260582010582005,0.6596002497447991,0
2012-02-28,1372.180054,0.0,0.07439153439153434,0.6595424049315444,0
2012-02-29,1365.680054,-0.004736987672319004,0.09118703070942824,0.6594845601182899,0
2012-03-01,1374.089966,0.0,0.06400793650793646,0.6594267153050352,0
2012-03-02,1369.630005,-0.0032457561807128776,0.07687109789304589,0.6593795324921158,0
2012-03-05,1364.329956,-0.0071028900883480794,0.11221394429649383,0.6593536736798665,0
2012-03-06,1343.359985,-0.022363878465291087,0.29616205098374604,0.6593278148676172,0
2012-03-07,1352.630005,-0.015617580748712112,0.2505929487503063,0.6593019560553679,0
2012-03-08,1365.910034,-0.005952981393068435,0.2555033660314704,0.6592760972431184,0
2012-03-09,1370.869995,-0.0023433480191791256,0.23205804936904662,0.6592502384308692,0
2012-03-12,1371.089966,-0.0021832631590587015,0.18398234965330423,0.6592243796186199,0
2012-03-13,1395.949951,0.0,0.16539682539682532,0.6592056958004766,0
2012-03-14,1394.280029,-0.0011962620857601802,0.16386937693677459,0.6591905994793865,0
2012-03-15,1402.599976,0.0,0.19690476190476183,0.6591755031582962,0
2012-03-16,1404.170044,0.0,0.22002645502645493,0.6591604068372061,0
2012-03-19,1409.75,0.0,0.2216137566137565,0.659145310516116,0
2012-03-20,1405.52002,-0.0030005178223089235,0.253997446783596,0.6591302141950257,0
2012-03-21,1402.890015,-0.004866100372406534,0.26193720404477133,0.6591151178739356,0
2012-03-22,1392.780029,-0.01203757474729561,0.28494773519940014,0.6590537869475191,0
2012-03-23,1397.109985,-0.008966139386415994,0.26894719795152977,0.658992456021103,0
2012-03-26,1416.51001,0.0,0.24936507936507926,0.6589311250946869,0
2012-03-27,1412.52002,-0.002816775011706407,0.2344780136119312,0.6588697941682703,0
2012-03-28,1405.540039,-0.007744365322204794,0.2588831854765927,0.6588084632418542,0
2012-03-29,1403.280029,-0.009339842928466124,0.27886654167288943,0.6587471323154377,0
2012-03-30,1408.469971,-0.0056759493002099815,0.2800386523877651,0.6587006053304727,0
2012-04-02,1419.040039,0.0,0.2590873015873015,0.6586836862284097,0
2012-04-03,1413.380005,-0.003988635869632384,0.21243186568906142,0.6586667671263466,0
2012-04-04,1398.959961,-0.014150466123669325,0.27269484506268876,0.6586498480242837,0
2012-04-05,1398.079956,-0.014770607187920226,0.24961626301703857,0.6586329289222206,0
2012-04-09,1382.199951,-0.02596127451482,0.28283342359767805,0.6586160098201577,0
2012-04-10,1358.589966,-0.04259927228170335,0.36035193097084817,0.6585990907180946,0
2012-04-11,1368.709961,-0.03546769408667827,0.2988310741738551,0.6585687620003222,0
2012-04-12,1387.569946,-0.022177029636300416,0.2740066154577403,0.6585317284746954,0
2012-04-13,1370.26001,-0.0343753718424854,0.27521870017923633,0.6584946949490683,0
2012-04-16,1369.569946,-0.03486166115147926,0.2569530410008226,0.6584576614234415,0
2012-04-17,1390.780029,-0.01991487852584828,0.23491637274953636,0.6584206278978146,0
2012-04-18,1385.140015,-0.02388940626642888,0.23913025048267755,0.6583835943721876,0
2012-04-19,1376.920044,-0.029682034222009768,0.2578671183150889,0.6583465608465607,0
2012-04-20,1378.530029,-0.028547474973678266,0.23364850435994824,0.6583363141877283,0
2012-04-23,1366.939941,-0.036715030279705796,0.29534110511871564,0.6583260675288959,0
2012-04-24,1371.969971,-0.0331703593319117,0.2766695105633733,0.6583158208700635,0
2012-04-25,1390.689941,-0.019978363697178203,0.24537615283873015,0.658305574211231,0
2012-04-26,1399.97998,-0.013431656948475923,0.21773174495192765,0.6582953275523986,0
2012-04-27,1403.359985,-0.011049761507116895,0.20839198894081531,0.6582850808935662,0
2012-04-30,1397.910034,-0.014890351518827005,0.21171762817179868,0.65827108333004,0
2012-05-01,1405.819946,-0.009316222683410813,0.1880842291248548,0.6582495839571264,0
2012-05-02,1402.310059,-0.011789646197572945,0.18950471829423032,0.6582280845842128,0
2012-05-03,1391.569946,-0.019358222632927302,0.1986531475827931,0.6582065852112992,0
2012-05-04,1369.099976,-0.03519284983332316,0.2746520547206226,0.6581850858383854,0
2012-05-07,1369.579956,-0.034854607086953315,0.26350542268423804,0.6581635864654719,0
2012-05-08,1363.719971,-0.03898414877636869,0.25933388858455236,0.6581420870925583,0
2012-05-09,1354.579956,-0.04542513334960241,0.27694402245338523,0.6581231690058659,0
2012-05-10,1357.98999,-0.04302207641936728,0.23818733826408722,0.6581055415622841,0
2012-05-11,1353.390015,-0.04626368685570259,0.26123070994112874,0.6580879141187022,0
2012-05-14,1338.349976,-0.05686242867175362,0.32253385620504604,0.6580702866751205,0
2012-05-15,1330.660034,-0.06228154426303678,0.30893097480876575,0.6580526592315387,0
2012-05-16,1324.800049,-0.06641108595245215,0.33162452007415943,0.6580350317879569,0
2012-05-17,1304.859985,-0.08046288396517887,0.37286498456773837,0.6580174043443751,0
2012-05-18,1295.219971,-0.08725621870913258,0.4146545523980489,0.6580018252241274,0
2012-05-21,1315.98999,-0.07261954995478459,0.3825402853425668,0.6579862461038798,0
2012-05-22,1316.630005,-0.07216853026371861,0.3695784267926527,0.6579706669836322,0
2012-05-23,1318.859985,-0.07059705945337313,0.32970324383082017,0.6579550878633845,0
2012-05-24,1320.680054,-0.06931445364241762,0.2978202015137582,0.657939508743137,0
2012-05-25,1317.819946,-0.07132997675761843,0.28967004618321607,0.6579239296228893,0
2012-05-29,1332.420044,-0.0610412621345352,0.3143473981593257,0.6579079119433037,0
2012-05-30,1313.319946,-0.07450113463641306,0.3944542716166056,0.6578910171450421,0
2012-05-31,1310.329956,-0.07660818582441697,0.4014933150527923,0.6578741223467802,0
2012-06-01,1278.040039,-0.0993629468689009,0.4915635785707233,0.6578572275485186,0
2012-06-04,1278.180054,-0.09926427805325655,0.48325734530411935,0.6578403327502569,0
2012-06-05,1285.5,-0.09410589929097835,0.4955990368211315,0.6578234379519952,0
2012-06-06,1315.130005,-0.0732255828899836,0.5027251968224775,0.6578065431537335,0
2012-06-07,1314.98999,-0.07332425170562784,0.48810814966580085,0.6577804015536094,0
2012-06-08,1325.660034,-0.06580505301725315,0.44815918531382537,0.6577496365525543,0
2012-06-11,1308.930054,-0.07759469921482609,0.4656797766239287,0.657718871551499,0
2012-06-12,1324.180054,-0.06684799751446624,0.44161971341947576,0.6576881065504439,0
2012-06-13,1314.880005,-0.07340175832769436,0.46607152798265106,0.6576573415493887,0
2012-06-14,1329.099976,-0.06338091986705385,0.4342317070150677,0.6576265765483333,0
2012-06-15,1342.839966,-0.053698324857484825,0.41852529141628325,0.6575958115472782,0
2012-06-18,1344.780029,-0.05233115906463859,0.36102490410507937,0.6575517574540036,0
2012-06-19,1357.97998,-0.04302913048389323,0.3464894539351691,0.6575077033607293,0
2012-06-20,1355.689941,-0.04464292497669253,0.3295503459508669,0.657463649267455,0
2012-06-21,1325.51001,-0.0659107751927217,0.41951621065454636,0.6574195951741805,0
2012-06-22,1335.02002,-0.059209054495184765,0.3932730876164438,0.6573755410809061,0
2012-06-25,1313.719971,-0.07421923631853211,0.47565038516953995,0.6573314869876316,0
2012-06-26,1319.98999,-0.06980074295141148,0.4504407857215878,0.6572992653773092,0
2012-06-27,1331.849976,-0.06144299005223486,0.42391677324786686,0.6572907087328906,0
2012-06-28,1329.040039,-0.06342315757589412,0.41855487903816274,0.657282152088472,0
2012-06-29,1362.160034,-0.04008343911147383,0.370123936457578,0.6572735954440534,0
2012-07-02,1365.51001,-0.0377227051589909,0.3297249181484609,0.6572650387996347,0
2012-07-03,1374.02002,-0.03172568621229721,0.32349410387803695,0.6572564821552161,0
2012-07-05,1367.579956,-0.03626401058863993,0.3086755428650979,0.6572479255107976,0
2012-07-06,1354.680054,-0.04535459411374654,0.3330233965343794,0.6572357182009753,0
2012-07-09,1352.459961,-0.04691909753788137,0.3920039752465157,0.6572216855584513,0
2012-07-10,1341.469971,-0.054663762732631405,0.46158857877122106,0.6572076529159272,0
2012-07-11,1341.449951,-0.05467787086168319,0.4713145032350779,0.6571936202734032,0
2012-07-12,1334.76001,-0.05939228399742147,0.5075141270402919,0.6571795876308791,0
2012-07-13,1356.780029,-0.04387473805451936,0.46300682852256597,0.657165554988355,0
2012-07-16,1353.640015,-0.04608751141799183,0.4572230031195795,0.6571515223458311,0
2012-07-17,1363.670044,-0.039019332420683006,0.42249780207942267,0.657146877890528,0
2012-07-18,1372.780029,-0.032599510041027124,0.3943971898270102,0.6571422334352249,0
2012-07-19,1376.51001,-0.02997098589971503,0.37058158519606005,0.6571375889799218,0
2012-07-20,1362.660034,-0.0397310882360522,0.4316455598515164,0.6571329445246187,0
2012-07-23,1350.52002,-0.048286177357114046,0.5035915609766849,0.6571283000693157,0
2012-07-24,1338.310059,-0.0568905582515421,0.5532818974150779,0.6571236556140125,0
2012-07-25,1337.890015,-0.05718656399377331,0.5467984799671309,0.6571199683119223,0
2012-07-26,1360.02002,-0.041591510724103053,0.501960077419188,0.6571181953162577,0
2012-07-27,1385.969971,-0.02330453482010597,0.46247602379470903,0.6571164223205931,0
2012-07-30,1385.300049,-0.023776630026434376,0.44387587137563644,0.6571146493249285,0
2012-07-31,1379.319946,-0.0279908190807574,0.4544619987699246,0.6571128763292637,0
2012-08-01,1375.319946,-0.030809626084130515,0.4537440380734432,0.6571111033335991,0
2012-08-02,1365.0,-0.03808211009893847,0.4462805427007366,0.6571093303379345,0
2012-08-03,1390.98999,-0.019766918641539455,0.39522823887778374,0.6571079129629261,0
2012-08-06,1394.22998,-0.01748369201582478,0.37816297010152927,0.6571066733982459,0
2012-08-07,1401.349976,-0.012466218368627713,0.3612293033121944,0.6571054338335657,0
2012-08-08,1402.219971,-0.01185313136890287,0.34353592695485263,0.6571041942688853,0
2012-08-09,1402.800049,-0.011444349386677155,0.3118416848724781,0.6571029547042051,0
2012-08-10,1405.869995,-0.009280953065482822,0.3142323817738174,0.6571017151395249,0
2012-08-13,1404.109985,-0.010521235193984513,0.32783712244442154,0.6571004755748446,0
2012-08-14,1403.930054,-0.010648032884715608,0.336679755863775,0.657088737127887,0
2012-08-15,1405.530029,-0.009520527700910053,0.3463981782146369,0.6570769986809294,0
2012-08-16,1415.51001,-0.0024876176168274755,0.32908302473807644,0.6570652602339717,0
2012-08-17,1418.160034,-0.0006201410642507899,0.2886277671606987,0.657053521787014,0
2012-08-20,1418.130005,-0.0006413025531268879,0.2223833196775088,0.6570417833400565,0
2012-08-21,1413.170044,-0.004136595753941208,0.19182899426980876,0.6570300448930988,0
2012-08-22,1413.48999,-0.00391112924756587,0.20266954557326944,0.6570030660850988,0
2012-08-23,1402.079956,-0.011951800184547112,0.210903006782303,0.6569456065550145,0
2012-08-24,1411.130005,-0.005574214809029754,0.15578958687136474,0.6568881470249298,0
2012-08-27,1410.439941,-0.006060504118023613,0.12802657319559652,0.6568306874948455,0
2012-08-28,1409.300049,-0.0068637880061959144,0.1367947466656361,0.6567732279647609,0
2012-08-29,1410.48999,-0.006025234500095733,0.1395186411884746,0.6567157684346765,0
2012-08-30,1399.47998,-0.013784007823897548,0.19331329616116377,0.6566583089045922,0
2012-08-31,1406.579956,-0.008780642305752373,0.15848650621663823,0.6566113353315478,0
2012-09-04,1404.939941,-0.009936363747661603,0.1689739010474584,0.6565696047370239,0
2012-09-05,1403.439941,-0.010993416373926479,0.15430321075982284,0.6565278741424996,0
2012-09-06,1432.119995,0.0,0.17739417989417983,0.6564861435479756,0
2012-09-07,1437.920044,0.0,0.15712962962962956,0.6564444129534516,0
2012-09-10,1429.079956,-0.006147830011054456,0.17175570289157216,0.6564026823589273,0
2012-09-11,1433.560059,-0.003032147036403643,0.1519586822637901,0.6563609517644033,0
2012-09-12,1436.560059,-0.0009458001546572836,0.13147887552950402,0.6563457767534805,0
2012-09-13,1459.98999,0.0,0.13169312169312164,0.6563306017425579,0
2012-09-14,1465.77002,0.0,0.15523809523809518,0.6563154267316351,0
2012-09-17,1461.189941,-0.0031246914164609896,0.14581312176324518,0.6563002517207123,0
2012-09-18,1459.319946,-0.004400467953355913,0.154738233501699,0.6562850767097896,0
2012-09-19,1461.050049,-0.0032201306723410594,0.1553588658015182,0.6562699016988668,0
2012-09-20,1460.26001,-0.0037591231399315417,0.17497391073088076,0.6562594212089439,0
2012-09-21,1460.150024,-0.0038341594679360824,0.1960692453297772,0.6562583297610206,0
2012-09-24,1456.890015,-0.006058252576348955,0.21258736340907897,0.6562572383130973,0
2012-09-25,1441.589966,-0.01649648558100536,0.21826139116281482,0.6562561468651741,0
2012-09-26,1433.319946,-0.022138584878410805,0.2872276775154685,0.6562550554172508,0
2012-09-27,1447.150024,-0.012703217930463584,0.24150047527316995,0.6562539639693276,0
2012-09-28,1440.670044,-0.017124088811695026,0.2469113404364678,0.6562528725214043,0
2012-10-01,1444.48999,-0.01451798693494899,0.22129724569760006,0.6562514094003935,0
2012-10-02,1445.75,-0.013658363676997576,0.21432654434890494,0.656249760442839,0
2012-10-03,1450.98999,-0.010083457703685239,0.18634618099045397,0.6562481114852845,0
2012-10-04,1461.400024,-0.0029813653850008226,0.15191097179533425,0.6562464625277299,0
2012-10-05,1460.930054,-0.003301995493126597,0.14139625702561429,0.6562448135701754,0
2012-10-08,1455.880005,-0.00674731701771325,0.17494863227310767,0.6562431646126209,0
2012-10-09,1441.47998,-0.0165715219090099,0.22882762523261074,0.6562415156550664,0
2012-10-10,1432.560059,-0.022657006588250428,0.26431803753553007,0.6562118211786987,0
2012-10-11,1432.839966,-0.022466044161552623,0.2741021101367202,0.6561821267023312,0
2012-10-12,1428.589966,-0.02536554404353275,0.23846775338133974,0.6561524322259638,0
2012-10-15,1440.130005,-0.0174925224626985,0.21359684706105822,0.6561227377495961,0
2012-10-16,1454.920044,-0.007402236266232265,0.22435887399566912,0.6560930432732286,0
2012-10-17,1460.910034,-0.0033156538431587945,0.19892587455888044,0.656063348796861,0
2012-10-18,1457.339966,-0.00575128013602022,0.18862111288280092,0.6560314778157326,0
2012-10-19,1433.189941,-0.022227278874212386,0.22968860766492782,0.6559952538250824,0
2012-10-22,1433.819946,-0.02179746724523668,0.2213289183662416,0.655959029834432,0
2012-10-23,1413.109985,-0.03592653300413384,0.3094478184409394,0.6559228058437818,0
2012-10-24,1408.75,-0.03890106853188324,0.2887976843546619,0.6558865818531315,0
2012-10-25,1412.969971,-0.03602205549271631,0.26056773643252934,0.6558503578624814,0
2012-10-26,1411.939941,-0.036724778284113024,0.23360677097797258,0.6558141338718312,0
2012-10-31,1412.160034,-0.0365746230776367,0.2668525106561269,0.6557890793306441,0
2012-11-01,1427.589966,-0.026047779309881003,0.2413234727379947,0.655769609514189,0
2012-11-02,1414.199951,-0.03518291975981325,0.24261632910860123,0.6557501396977337,0
2012-11-05,1417.26001,-0.033095239592906944,0.24294180073900146,0.6557306698812784,0
2012-11-06,1428.390015,-0.025501957667274477,0.20722933332771343,0.6557112000648232,0
2012-11-07,1394.530029,-0.04860243423453281,0.28927530203382024,0.6556917302483678,0
2012-11-08,1377.51001,-0.06021409143025036,0.35389712135651197,0.6556722604319126,0
2012-11-09,1379.849976,-0.058617684102994505,0.3446533902357626,0.6556442591513216,0
2012-11-12,1380.030029,-0.05849484559658269,0.2937784708005552,0.6556162578707309,0
2012-11-13,1374.530029,-0.06224713956149819,0.3080431283203586,0.65558825659014,0
2012-11-14,1355.48999,-0.07523692563994444,0.3390276970113195,0.655560255309549,0
2012-11-15,1353.329956,-0.07671057701125572,0.3014971368579512,0.6555322540289582,0
2012-11-16,1359.880005,-0.07224190258714658,0.2501426640569568,0.6555042527483672,0
2012-11-19,1386.890015,-0.05381472122072739,0.2709004167876241,0.6554770599696711,0
2012-11-20,1387.810059,-0.05318703475733533,0.26932708721144777,0.6554514841947642,0
2012-11-21,1391.030029,-0.050990257666751804,0.2653682033799962,0.6554259084198572,0
2012-11-23,1409.150024,-0.038628158051697614,0.25991199072023813,0.6554003326449502,0
2012-11-26,1406.290039,-0.040579340679924636,0.26778251040321105,0.6553747568700433,0
2012-11-27,1398.939941,-0.045593836746640415,0.2797390591224234,0.6553491810951364,0
2012-11-28,1409.930054,-0.03809599407688802,0.2555167801938528,0.6553236053202295,0
2012-11-29,1415.949951,-0.03398900804370375,0.2585910424566772,0.6552994996550525,0
2012-11-30,1416.180054,-0.033832023662211386,0.2638523966486218,0.6552761290447406,0
2012-12-03,1409.459961,-0.03841670809995135,0.29870586982576164,0.6552527584344287,0
2012-12-04,1407.050049,-0.04006083505514735,0.31631374280691743,0.6552293878241168,0
2012-12-05,1409.280029,-0.03853946405589592,0.3025701081898263,0.655206017213805,0
2012-12-06,1413.939941,-0.03536030775141641,0.3050514169207472,0.655182646603493,0
2012-12-07,1418.069946,-0.03254267269022182,0.24137924955630843,0.6551592759931811,0
2012-12-10,1418.550049,-0.032215129492142336,0.22380365803607336,0.6551122188837276,0
2012-12-11,1427.839966,-0.025877220493293995,0.19311615665544477,0.6550651617742743,0
2012-12-12,1428.47998,-0.02544058037153729,0.19260541602256426,0.655018104664821,0
2012-12-13,1419.449951,-0.03160118461148487,0.21573888185124207,0.6549710475553675,0
2012-12-14,1413.579956,-0.03560590221377291,0.2272376646671094,0.6549239904459142,0
2012-12-17,1430.359985,-0.024157974659626213,0.24123824684022863,0.6548769333364606,0
2012-12-18,1446.790039,-0.012948812392819975,0.1884354002682093,0.6548342881641351,0
2012-12-19,1435.810059,-0.020439741972618664,0.2025964734359254,0.6548004668660653,0
2012-12-20,1443.689941,-0.015063808577555626,0.19490196711846353,0.6547666455679952,0
2012-12-21,1430.150024,-0.024301217458383984,0.209452466241066,0.6547328242699254,0
2012-12-24,1426.660034,-0.026682211715586823,0.21668796622801628,0.6546990029718553,0
2012-12-26,1419.829956,-0.03134193179909617,0.25391984196843914,0.6546651816737855,0
2012-12-27,1418.099976,-0.03252218516517347,0.2602303259019118,0.6546313603757157,0
2012-12-28,1402.430054,-0.04321275857450002,0.31529446372855335,0.6545405098475201,0
2012-12-31,1426.189941,-0.027002925738650263,0.24465218813505749,0.6544211447042627,0
2013-01-02,1462.420044,-0.002285471768620262,0.23327166665144475,0.6543017795610044,0
2013-01-03,1459.369995,-0.0043663227605105215,0.2343268888999141,0.6541824144177469,0
2013-01-04,1466.469971,0.0,0.2360714285714285,0.6540630492744894,0
2013-01-07,1461.890015,-0.003123116115959057,0.23118160177301322,0.6539436841312313,0
2013-01-08,1457.150024,-0.006355361640064561,0.25615817999982343,0.6538243189879738,0
2013-01-09,1461.02002,-0.0037163740872809825,0.25438028382537203,0.6537826152989985,0
2013-01-10,1472.119995,0.0,0.24518518518518512,0.6537409116100236,0
2013-01-11,1472.050049,-4.7513789798170336e-05,0.24684273083347202,0.6536992079210486,0
2013-01-14,1470.680054,-0.0009781410516064293,0.21973197032012873,0.6536575042320734,0
2013-01-15,1472.339966,0.0,0.2039550264550264,0.6536158005430984,0
2013-01-16,1472.630005,0.0,0.2278835978835978,0.6535740968541232,0
2013-01-17,1480.939941,0.0,0.20777777777777773,0.6535423482917889,0
2013-01-18,1485.97998,0.0,0.2183597883597883,0.6535305099827358,0
2013-01-22,1492.560059,0.0,0.21464285714285708,0.6535186716736826,0
2013-01-23,1494.810059,0.0,0.18744708994708986,0.6535068333646296,0
2013-01-24,1494.819946,0.0,0.1641402116402116,0.6534949950555764,0
2013-01-25,1502.959961,0.0,0.1721428571428571,0.6534831567465234,0
2013-01-28,1500.180054,-0.0018496214617390594,0.18470631824085929,0.6534713184374702,0
2013-01-29,1507.839966,0.0,0.18751322751322747,0.6534671295178133,0
2013-01-30,1501.959961,-0.0038996214005379004,0.2325763710774708,0.6534667652928543,0
2013-01-31,1498.109985,-0.006452926848604323,0.11413240110721404,0.6534664010678953,0
2013-02-01,1513.170044,0.0,0.11260582010582007,0.6534660368429365,0
2013-02-04,1495.709961,-0.011538744815384416,0.17819834563031306,0.6534656726179775,0
2013-02-05,1511.290039,-0.0012424281114039593,0.13085599309876406,0.6534653083930186,0
2013-02-06,1512.119995,-0.0006939398543894804,0.11163960613214562,0.6534649441680597,0
2013-02-07,1509.390015,-0.0024980860644105984,0.11479664507623447,0.6534257328829708,0
2013-02-08,1517.930054,0.0,0.10822751322751317,0.6533865215978821,0
2013-02-11,1517.01001,-0.0006061175200896551,0.10410035689712341,0.6533473103127935,0
2013-02-12,1519.430054,0.0,0.09674603174603169,0.6533080990277046,0
2013-02-13,1520.329956,0.0,0.09390211640211635,0.6532688877426159,0
2013-02-14,1521.380005,0.0,0.07812169312169306,0.653229676457527,0
2013-02-15,1519.790039,-0.001045081435784967,0.08536785433669852,0.6532012544574296,0
2013-02-19,1530.939941,0.0,0.0718386243386243,0.6531944110273143,0
2013-02-20,1511.949951,-0.012404137805429483,0.11096962145117141,0.6531875675971991,0
2013-02-21,1502.420044,-0.01862901099919778,0.14925957510379917,0.6531807241670837,0
2013-02-22,1515.599976,-0.010019965244345341,0.13089961966887573,0.6531738807369685,0
2013-02-25,1487.849976,-0.02814608453670231,0.23094461361335486,0.6531670373068532,0
2013-02-26,1496.939941,-0.02220857859243741,0.19680902446965498,0.653160193876738,0
2013-02-27,1515.98999,-0.009765210639311461,0.13778968133860228,0.6531062549167487,0
2013-02-28,1514.680054,-0.010620852304225159,0.12236142488147225,0.653028768191823,0
2013-03-01,1518.199951,-0.00832167850534904,0.09203627875668335,0.6529512814668966,0
2013-03-04,1525.199951,-0.0037493240892589874,0.07451241642033825,0.6528737947419709,0
2013-03-05,1539.790039,0.0,0.05977513227513223,0.6527963080170451,0
2013-03-06,1541.459961,0.0,0.065542328042328,0.6527188212921189,0
2013-03-07,1544.26001,0.0,0.05718253968253964,0.6526413345671931,0
2013-03-08,1551.180054,0.0,0.052394179894179854,0.6525947033295768,0
2013-03-11,1556.219971,0.0,0.04788359788359784,0.6525480720919609,0
2013-03-12,1552.47998,-0.002403253440833697,0.06968284592794219,0.6525014408543449,0
2013-03-13,1554.52002,-0.001092359069847726,0.07235580442879078,0.6524548096167287,0
2013-03-14,1563.22998,0.0,0.07341269841269837,0.6524081783791128,0
2013-03-15,1560.699951,-0.001618462435066692,0.09534162582155087,0.6523615471414965,0
2013-03-18,1552.099976,-0.007119876244952805,0.13461528006537188,0.6523245336873501,0
2013-03-19,1548.339966,-0.009525158927671029,0.14279262457563904,0.6523067558001424,0
2013-03-20,1558.709961,-0.0028914613062884786,0.1311681662659588,0.6522889779129346,0
2013-03-21,1545.800049,-0.011149946727608273,0.1508137985069923,0.6522712000257269,0
2013-03-22,1556.890015,-0.004055682836891394,0.12857052310797332,0.652253422138519,0
2013-03-25,1551.689941,-0.007382176101817017,0.14821046317403222,0.6522356442513113,0
2013-03-26,1563.77002,0.0,0.14670634920634915,0.6522178663641036,0
2013-03-27,1562.849976,-0.000588349941636479,0.15704199876594255,0.6521906706631134,0
2013-03-28,1569.189941,0.0,0.149074074074074,0.652158766055232,0
2013-04-01,1562.170044,-0.004473580168074864,0.16563284646624005,0.6521268614473505,0
2013-04-02,1570.25,0.0,0.14354497354497348,0.6520949568394692,0
2013-04-03,1553.689941,-0.01054612896035656,0.15117387327094634,0.6520630522315879,0
2013-04-04,1559.97998,-0.006540372552141349,0.12100982272394523,0.6520311476237064,0
2013-04-05,1553.280029,-0.010807177837923843,0.14357707901397415,0.651999243015825,0
2013-04-08,1563.069946,-0.004572554688743735,0.11700822964765645,0.6519763039164754,0
2013-04-09,1568.609985,-0.0010444292310141101,0.11364749497139677,0.651953364817126,0
2013-04-10,1587.72998,0.0,0.12044973544973539,0.6519304257177765,0
2013-04-11,1593.369995,0.0,0.12015873015873009,0.6519074866184269,0
2013-04-12,1588.849976,-0.0028367667360272852,0.12238560156471417,0.6518845475190774,0
2013-04-15,1552.359985,-0.025737907785818415,0.2703828438403365,0.6518616084197278,0
2013-04-16,1574.569946,-0.011798922446760396,0.2052698180472235,0.6518384275510059,0
2013-04-17,1552.01001,-0.025957552313516485,0.28490567653283344,0.6518147631435387,0
2013-04-18,1541.609985,-0.03248461447273576,0.3241799500656955,0.6517910987360714,0
2013-04-19,1555.25,-0.023924132574116963,0.2626375305175117,0.6517674343286043,0
2013-04-22,1562.5,-0.019374028064335413,0.2406297860581548,0.651743769921137,0
2013-04-23,1578.780029,-0.00915667173712531,0.18184779444433868,0.6517201055136699,0
2013-04-24,1578.790039,-0.009150389454898766,0.1680175043829155,0.6516964411062027,0
2013-04-25,1585.160034,-0.005152576630514494,0.13792912370264906,0.6516874079466418,0
2013-04-26,1582.23999,-0.006985198061295272,0.15466530645662305,0.6516856904110342,0
2013-04-29,1593.609985,0.0,0.1427645502645502,0.6516839728754266,0
2013-04-30,1597.569946,0.0,0.14461640211640203,0.6516822553398189,0
2013-05-01,1582.699951,-0.009307883537263306,0.18618268775794342,0.6516805378042113,0
2013-05-02,1597.589966,0.0,0.18363756613756607,0.6516788202686036,0
2013-05-03,1614.420044,0.0,0.1724603174603174,0.651677102732996,0
2013-05-06,1617.5,0.0,0.1783730158730158,0.6516730220298098,0
2013-05-07,1625.959961,0.0,0.17841269841269836,0.6516689413266237,0
2013-05-08,1632.689941,0.0,0.15150793650793645,0.6516648606234376,0
2013-05-09,1626.670044,-0.0036871036250232248,0.1742922492177527,0.6516607799202515,0
2013-05-10,1633.699951,0.0,0.16298941798941793,0.6516566992170654,0
2013-05-13,1633.77002,0.0,0.12165343915343912,0.6516526185138792,0
2013-05-14,1650.339966,0.0,0.14489417989417985,0.6516312678405771,0
2013-05-15,1658.780029,0.0,0.12941798941798938,0.6515753772270433,0
2013-05-16,1650.469971,-0.005009740806326102,0.13007253552843784,0.6515194866135091,0
2013-05-17,1667.469971,0.0,0.11638888888888885,0.6514635959999753,0
2013-05-20,1666.290039,-0.0007076181403689041,0.11897083489013577,0.6514077053864412,0
2013-05-21,1669.160034,0.0,0.12134920634920629,0.6513518147729074,0
2013-05-22,1655.349976,-0.00827365723998641,0.15593367969327465,0.6512959241593735,0
2013-05-23,1650.51001,-0.01117329891688501,0.235960868753172,0.6512564940415886,0
2013-05-24,1649.599976,-0.011718503679438053,0.2505040033571245,0.6512252941716784,0
2013-05-28,1660.060059,-0.005451828952669602,0.2344919301929389,0.651194094301768,0
2013-05-29,1648.359985,-0.012461386910968875,0.29984784418734245,0.6511628944318578,0
2013-05-30,1654.410034,-0.008836779996854394,0.2671649825570718,0.6511316945619476,0
2013-05-31,1630.73999,-0.023017591613387456,0.3358883057032606,0.6511004946920373,0
2013-06-03,1640.420044,-0.01721823516893528,0.29697140601224603,0.6510692948221272,0
2013-06-04,1631.380005,-0.022634156240527337,0.30290172822937345,0.6510021545670618,0
2013-06-05,1608.900024,-0.036101996676491166,0.39778006796946125,0.6509350143119969,0
2013-06-06,1622.560059,-0.027918218775180748,0.3377214392497935,0.6508678740569319,0
2013-06-07,1643.380005,-0.015444911497323854,0.3045788673417621,0.6508007338018665,0
2013-06-10,1642.810059,-0.015786368271024642,0.2926076630892507,0.6507335935468016,0
2013-06-11,1626.130005,-0.025779450815679006,0.3176813727248464,0.6506664532917362,0
2013-06-12,1612.52002,-0.033933243575373084,0.3315532256237809,0.6506213118456746,0
2013-06-13,1636.359985,-0.019650631654172468,0.22868657809082701,0.6506201680176195,0
2013-06-14,1626.72998,-0.02542000355611196,0.24620506246839247,0.6506190241895643,0
2013-06-17,1639.040039,-0.01804500130992237,0.22884976876767396,0.6506178803615092,0
2013-06-18,1651.810059,-0.010394434713622003,0.21424580842883312,0.6506167365334541,0
2013-06-19,1628.930054,-0.02410193101951541,0.24193819023929142,0.6506155927053989,0
2013-06-20,1588.189941,-0.0485094846214128,0.45963995297426663,0.6506144488773438,0
2013-06-21,1592.430054,-0.045969217113426275,0.42922390709695796,0.650607553289997,0
2013-06-24,1573.089966,-0.0575559359456842,0.49050892207661984,0.6505977818230044,0
2013-06-25,1588.030029,-0.048605288496860855,0.46699036736025407,0.6505880103560119,0
2013-06-26,1603.26001,-0.039480950093249145,0.4344803147150735,0.6505782388890193,0
2013-06-27,1613.199951,-0.033525894378082066,0.42307498859761367,0.6505684674220268,0
2013-06-28,1606.280029,-0.03767164544990531,0.41786470469861636,0.6505586959550342,0
2013-07-01,1614.959961,-0.03247146582470828,0.3925504150743059,0.6505489244880417,0
2013-07-02,1614.079956,-0.03299868010139517,0.4114370404602984,0.6504856282790599,0
2013-07-03,1615.410034,-0.032201825412266016,0.38862896298149163,0.6504223320700784,0
2013-07-05,1631.890015,-0.022328607347903984,0.3792414187645746,0.6503590358610969,0
2013-07-08,1640.459961,-0.017194320745400726,0.36101678277807864,0.6502957396521151,0
2013-07-09,1652.319946,-0.010088959510757056,0.3620802963864533,0.6502324434431336,0
2013-07-10,1652.619995,-0.00990919903609433,0.3380153774676517,0.6501691472341518,0
2013-07-11,1675.02002,0.0,0.3202513227513227,0.6501245217671766,0
2013-07-12,1680.189941,0.0,0.35325396825396815,0.6501172377842139,0
2013-07-15,1682.5,0.0,0.3507804232804232,0.6501099538012511,0
2013-07-16,1676.26001,-0.0037087607726598026,0.36495315842983717,0.6501026698182885,0
2013-07-17,1680.910034,-0.0009450020802377335,0.3482371770994598,0.6500953858353257,0
2013-07-18,1689.369995,0.0,0.36404761904761895,0.650088101852363,0
2013-07-19,1692.089966,0.0,0.2760714285714285,0.6500808178694003,0
2013-07-22,1695.530029,0.0,0.29164021164021153,0.6500493006880398,0
2013-07-23,1692.390015,-0.0018519365309336289,0.2136244402392367,0.6500056669074805,0
2013-07-24,1685.939941,-0.005656100355625138,0.23145663259606228,0.6499620331269211,0
2013-07-25,1690.25,-0.0031140875771537013,0.230892989748669,0.649918399346362,0
2013-07-26,1691.650024,-0.002288372917988557,0.21896297871851744,0.6498747655658028,0
2013-07-29,1685.329956,-0.006015861014278756,0.25713966813776934,0.6498311317852433,0
2013-07-30,1685.959961,-0.0056442928384136115,0.23906151119445604,0.6497874980046842,0
2013-07-31,1685.72998,-0.005779932429613055,0.23903909351871017,0.649782938987272,0
2013-08-01,1706.869995,0.0,0.25103174603174594,0.6497783799698599,0
2013-08-02,1709.670044,0.0,0.20042328042328034,0.6497738209524477,0
2013-08-05,1707.140015,-0.001479834666858082,0.24049273281716083,0.6497692619350356,0
2013-08-06,1697.369995,-0.0071943993188430255,0.26335550140483377,0.6497647029176234,0
2013-08-07,1690.910034,-0.010972883373512543,0.3148208992016541,0.6497601439002113,0
2013-08-08,1697.47998,-0.0071300681922692455,0.24917777495241616,0.649738317563329,0
2013-08-09,1691.420044,-0.01067457435079211,0.2330740394855007,0.6496819565875068,0
2013-08-12,1689.469971,-0.011815188007119337,0.2097602361905537,0.6496255956116842,0
2013-08-13,1694.160034,-0.009071931776796105,0.19898155622739336,0.649569234635862,0
2013-08-14,1685.390015,-0.014201587660267911,0.18558687873729496,0.6495128736600394,0
2013-08-15,1661.319946,-0.02828036799830591,0.2818597220212474,0.6494565126842172,0
2013-08-16,1655.829956,-0.03149150807721579,0.2512157356185848,0.649400151708395,0
2013-08-19,1646.060059,-0.0372060007854943,0.273046671842064,0.6493762995775686,0
2013-08-20,1652.349976,-0.03352697685799777,0.2589757584729835,0.6493687018692402,0
2013-08-21,1642.800049,-0.039112807313128606,0.29189568623607165,0.6493611041609119,0
2013-08-22,1656.959961,-0.030830558905201255,0.27671889290846363,0.6493535064525836,0
2013-08-23,1663.5,-0.02700523657300502,0.26314702462834666,0.6493459087442552,0
2013-08-26,1656.780029,-0.03093580260449369,0.2721361906386199,0.6493383110359269,0
2013-08-27,1630.47998,-0.04631891649380737,0.34220968391955287,0.6493307133275986,0
2013-08-28,1634.959961,-0.043698538944512255,0.3180070298021977,0.6493208988667307,0
2013-08-29,1638.170044,-0.04182093512776086,0.2856480851162759,0.6493110844058629,0
2013-08-30,1632.969971,-0.044862500380804415,0.29551489463685937,0.6493012699449952,0
2013-09-03,1639.77002,-0.04088509607178914,0.31740867613270773,0.6492914554841273,0
2013-09-04,1653.079956,-0.033100005582129666,0.27498455696310575,0.6492816410232594,0
2013-09-05,1655.079956,-0.031930189214919635,0.2563321000737765,0.6492718265623916,0
2013-09-06,1655.170044,-0.03187749600647505,0.25444347139824613,0.6492600581376115,0
2013-09-09,1671.709961,-0.022203163197026754,0.236154377847014,0.649244381785007,0
2013-09-10,1683.98999,-0.015020473740019469,0.22912245208590687,0.6492287054324024,0
2013-09-11,1689.130005,-0.01201403690266678,0.21196975433611012,0.6492130290797979,0
2013-09-12,1683.420044,-0.015353839819632453,0.24223413159308266,0.6491973527271933,0
2013-09-13,1687.98999,-0.012680841005599297,0.21157944306915294,0.6491816763745888,0
2013-09-16,1697.599976,-0.007059881549869362,0.20781048219846748,0.6491660000219843,0
2013-09-17,1704.76001,-0.0028719190683790252,0.21203095896671081,0.6491305312470949,0
2013-09-18,1725.52002,0.0,0.20693121693121685,0.6490851662610634,0
2013-09-19,1722.339966,-0.0018429539867059752,0.16393112150362382,0.6490398012750316,0
2013-09-20,1709.910034,-0.009046540068541109,0.20265478988119104,0.6489944362890001,0
2013-09-23,1701.839966,-0.013723430458952302,0.25707658215920826,0.6489490713029685,0
2013-09-24,1697.420044,-0.016284931889692045,0.25624826747397955,0.6489037063169367,0
2013-09-25,1692.77002,-0.018979785583710607,0.21190272682743677,0.6488583413309053,0
2013-09-26,1698.670044,-0.015560512592603826,0.21553769447620388,0.6488153674388949,0
2013-09-27,1691.75,-0.019570923320843314,0.23185812385802776,0.6487723935468849,0
2013-09-30,1681.550049,-0.025482156387846455,0.29531403740086537,0.6487294196548747,0
2013-10-01,1695.0,-0.017687433148413922,0.24815613670931355,0.6486864457628644,0
2013-10-02,1693.869995,-0.01834231109065887,0.2693917256897429,0.6486434718708544,0
2013-10-03,1678.660034,-0.02715702249574592,0.29553816244463044,0.648600497978844,0
2013-10-04,1690.5,-0.020295342617931422,0.25955282383993034,0.6485659514788694,0
2013-10-07,1676.119995,-0.02862906510931118,0.34051889929519447,0.6485482597629657,0
2013-10-08,1655.449951,-0.040608088105520745,0.3316662136631327,0.6485305680470618,0
2013-10-09,1656.400024,-0.04005748713364676,0.3158996723910638,0.6485128763311581,0
2013-10-10,1692.560059,-0.01910146542373936,0.308305356392085,0.6484951846152541,0
2013-10-11,1703.199951,-0.012935270956751843,0.28486094948672647,0.6484774928993503,0
2013-10-14,1710.140015,-0.008913257929050289,0.2613043751233259,0.6484598011834466,0
2013-10-15,1698.060059,-0.01591402051655133,0.3018216923447292,0.6484096709627372,0
2013-10-16,1721.540039,-0.0023065400307554773,0.22354827131732977,0.6483433214896255,0
2013-10-17,1733.150024,0.0,0.1944841269841269,0.6482769720165134,0
2013-10-18,1744.5,0.0,0.20164021164021154,0.6482106225434017,0
2013-10-21,1744.660034,0.0,0.19436507936507927,0.6481442730702899,0
2013-10-22,1754.670044,0.0,0.18230158730158724,0.6480779235971778,0
2013-10-23,1746.380005,-0.0047245572056965335,0.20894989192725905,0.6480115741240661,0
2013-10-24,1752.069946,-0.0014818159168390466,0.19795542777745545,0.6479769557182096,0
2013-10-25,1759.77002,0.0,0.19182539682539676,0.6479423373123532,0
2013-10-28,1762.109985,0.0,0.15263227513227506,0.6479077189064968,0
2013-10-29,1771.949951,0.0,0.15607142857142847,0.6478731005006403,0
2013-10-30,1763.310059,-0.004875923270363347,0.14786168993501797,0.6478384820947839,0
2013-10-31,1756.540039,-0.00869658422987818,0.18267135081130348,0.6478038636889274,0
2013-11-01,1761.640015,-0.005818412644319704,0.174389502580591,0.6477544131071294,0
2013-11-04,1767.930054,-0.0022686289743858445,0.1365715611184693,0.6476752981734485,0
2013-11-05,1762.969971,-0.005067851941829571,0.16776131651008958,0.6475961832397671,0
2013-11-06,1770.48999,-0.0008239290275530164,0.1503537941981429,0.6475170683060862,0
2013-11-07,1747.150024,-0.013995839434406299,0.17184791737419755,0.6474379533724048,0
2013-11-08,1770.609985,-0.0007562098462452482,0.14711115551919796,0.6473588384387239,0
2013-11-11,1771.890015,-3.3824883127309135e-05,0.135847468166631,0.6472797235050429,0
2013-11-12,1767.689941,-0.002404136752054309,0.14947226568976668,0.6472337019952862,0
2013-11-13,1782.0,0.0,0.12933862433862428,0.6472042271974918,0
2013-11-14,1790.619995,0.0,0.11563492063492058,0.6471747523996972,0
2013-11-15,1798.180054,0.0,0.09972222222222217,0.6471452776019029,0
2013-11-18,1791.530029,-0.003698197510981771,0.1202711703465114,0.6471158028041085,0
2013-11-19,1787.869995,-0.005733607697997467,0.13318985304712072,0.6470863280063139,0
2013-11-20,1781.369995,-0.009348373630664208,0.1381360377747864,0.6470568532085196,0
2013-11-21,1795.849976,-0.0012957979345932236,0.12982215328870755,0.6470369162912629,0
2013-11-22,1804.76001,0.0,0.12642857142857136,0.6470169793740065,0
2013-11-25,1802.47998,-0.0012633424872927623,0.12634405331279358,0.6469970424567499,0
2013-11-26,1802.75,-0.0011137270267862487,0.11693171052738152,0.6469771055394933,0
2013-11-27,1807.22998,0.0,0.10853174603174598,0.6469571686222368,0
2013-11-29,1805.810059,-0.0007856891572814995,0.11066504921095996,0.6469372317049802,0
2013-12-02,1800.900024,-0.0035025735905510613,0.13727187137744426,0.6469096197506583,0
2013-12-03,1795.150024,-0.006684238383429242,0.15807399611302506,0.6468666577222056,0
2013-12-04,1792.810059,-0.007979018254223647,0.15416476899501538,0.6468236956937526,0
2013-12-05,1785.030029,-0.012283965652229889,0.19327250481442182,0.6467807336653,0
2013-12-06,1805.089966,-0.001184140382620269,0.12304795258612838,0.6467377716368471,0
2013-12-09,1808.369995,0.0,0.10203703703703698,0.6466948096083944,0
2013-12-10,1802.619995,-0.0031796590387466184,0.12240024693115197,0.6466518475799418,0
2013-12-11,1782.219971,-0.014460549595659455,0.1907124478745796,0.6466213717651473,0
2013-12-12,1775.5,-0.01817658725309701,0.2611769840687957,0.6465971390571823,0
2013-12-13,1775.319946,-0.018276154266759992,0.25168006236878915,0.646572906349217,0
2013-12-16,1786.540039,-0.012071620332320343,0.20054414545698537,0.646548673641252,0
2013-12-17,1781.0,-0.015135174259513162,0.2441542726034792,0.6465244409332869,0
2013-12-18,1810.650024,0.0,0.21525132275132267,0.6465002082253216,0
2013-12-19,1809.599976,-0.0005799287471801584,0.16596046476116638,0.6464759755173566,0
2013-12-20,1818.319946,0.0,0.160542328042328,0.6464572567613489,0
2013-12-23,1827.98999,0.0,0.15595238095238087,0.6464385380053413,0
2013-12-24,1833.319946,0.0,0.12915343915343908,0.6464198192493338,0
2013-12-26,1842.02002,0.0,0.1312698412698412,0.6464011004933261,0
2013-12-27,1841.400024,-0.0003365848325578291,0.12420019809536563,0.6463823817373187,0
2013-12-30,1841.069946,-0.0005157783247110581,0.14872739959811881,0.646363662981311,0
2013-12-31,1848.359985,0.0,0.16484126984126976,0.6463480124310238,0
2014-01-02,1831.97998,-0.008861912794546845,0.20477450699366778,0.6463384982921776,0
2014-01-03,1831.369995,-0.009191926971952924,0.17663877797480904,0.6463289841533313,0
2014-01-06,1826.77002,-0.01168060614556099,0.18627863213657786,0.646319470014485,0
2014-01-07,1837.880005,-0.005669880372356162,0.12512396226693315,0.6463099558756387,0
2014-01-08,1837.48999,-0.005880886346930958,0.11861791017716364,0.6463004417367924,0
2014-01-09,1838.130005,-0.005534625334360999,0.12549075675043947,0.6462909275979462,0
2014-01-10,1842.369995,-0.0032407053001637376,0.08871688868823875,0.6462733409458893,0
2014-01-13,1819.199951,-0.01577616602644638,0.10378589658623294,0.6462517180372273,0
2014-01-14,1838.880005,-0.0051288602203753975,0.07667050528032343,0.6462300951285651,0
2014-01-15,1848.380005,0.0,0.07350529100529095,0.6462084722199031,0
2014-01-16,1845.890015,-0.0013471201772711217,0.07418268177886286,0.6461868493112412,0
2014-01-17,1838.699951,-0.005237047562630326,0.07497493326563254,0.646165226402579,0
2014-01-21,1843.800049,-0.0024778216533456465,0.08707391508454382,0.646143603493917,0
2014-01-22,1844.859985,-0.0019043811285980317,0.08163710920616943,0.6461153075709836,0
2014-01-23,1828.459961,-0.010777028503941244,0.14733719610949134,0.6460870116480504,0
2014-01-24,1790.290039,-0.03142750183558707,0.3943003037900059,0.6460587157251172,0
2014-01-27,1781.560059,-0.03615054578563248,0.40703144859355256,0.6460304198021839,0
2014-01-28,1792.5,-0.030231881349528034,0.3799422787834547,0.6460021238792507,0
2014-01-29,1774.199951,-0.040132469405283366,0.3974049950323717,0.6459738279563173,0
2014-01-30,1794.189941,-0.02931759911566445,0.3489245051821835,0.6459485812136605,0
2014-01-31,1782.589966,-0.03559335137906339,0.3801855666284209,0.6459294328315566,0
2014-02-03,1741.890015,-0.05761260655922318,0.5136721649081047,0.6459102844494524,0
2014-02-04,1755.199951,-0.05041174095583223,0.45201525316816255,0.6458911360673484,0
2014-02-05,1751.640015,-0.05233771721091518,0.43508039292823036,0.6458719876852442,0
2014-02-06,1773.430054,-0.04054899468575457,0.43082810579221753,0.6458528393031402,0
2014-02-07,1797.02002,-0.027786485928795845,0.41543373020450197,0.6458336909210363,0
2014-02-10,1799.839966,-0.02626085483974927,0.38557387236854557,0.645822899518563,0
2014-02-11,1819.75,-0.01548924188887224,0.39402359820315447,0.6458162866059052,0
2014-02-12,1819.26001,-0.01575433348187516,0.3930454118184617,0.6458096736932475,0
2014-02-13,1829.829956,-0.0100358416287889,0.3766858670974037,0.6458030607805897,0
2014-02-14,1838.630005,-0.005274889348307998,0.36218965557775784,0.6457964478679319,0
2014-02-18,1840.76001,-0.00412252620099085,0.3395766610708185,0.6457898349552742,0
2014-02-19,1828.75,-0.010620113259664943,0.38459598776344966,0.6457832220426164,0
2014-02-20,1839.780029,-0.004652709928010701,0.35952505085541164,0.6457626851171977,0
2014-02-21,1836.25,-0.006562506068658713,0.3500443194517025,0.6457421481917791,0
2014-02-24,1847.609985,-0.00041659182522912896,0.2729073175976823,0.6457216112663605,0
2014-02-25,1845.119995,-0.0017637120025002506,0.25400798879453457,0.6457010743409418,0
2014-02-26,1845.160034,-0.0017420503312575164,0.26309575140279995,0.6456805374155232,0
2014-02-27,1854.290039,0.0,0.2602645502645502,0.6456600004901045,0
2014-02-28,1859.449951,0.0,0.2669444444444444,0.6456330601791141,0
2014-03-03,1845.72998,-0.007378510506626745,0.34332511207885147,0.6455933130969805,0
2014-03-04,1873.910034,0.0,0.30760582010582,0.6455535660148467,0
2014-03-05,1873.810059,-5.335101375525397e-05,0.3293232804757655,0.645513818932713,0
2014-03-06,1877.030029,0.0,0.3291798941798941,0.6454740718505791,0
2014-03-07,1878.040039,0.0,0.31927248677248665,0.6454343247684455,0
2014-03-10,1877.170044,-0.00046324624711580054,0.31943155687220026,0.6453945776863119,0
2014-03-11,1867.630005,-0.005543030917244507,0.34032888577794196,0.6453389549584281,0
2014-03-12,1868.199951,-0.005239551764423256,0.29763666846651415,0.6452753944076696,0
2014-03-13,1846.339966,-0.01687933821521681,0.3871467402497944,0.6452118338569107,0
2014-03-14,1841.130005,-0.019653486205572834,0.4373275696900735,0.6451482733061522,0
2014-03-17,1858.829956,-0.010228793104021805,0.39380894325921756,0.6450847127553938,0
2014-03-18,1872.25,-0.0030830221293274285,0.3826017429573092,0.645021152204635,0
2014-03-19,1860.77002,-0.009195767204833283,0.40726507937595857,0.6449575916538764,0
2014-03-20,1872.01001,-0.0032108096072386294,0.38157783925355393,0.644948214812147,0
2014-03-21,1866.52002,-0.006134064642271508,0.3567391844490326,0.6449388379704176,0
2014-03-24,1857.439941,-0.010968934406195507,0.29300399112870434,0.6449294611286882,0
2014-03-25,1865.619995,-0.006613300963813962,0.2661767018973174,0.6449200842869587,0
2014-03-26,1852.560059,-0.013567325227830329,0.2692702082628143,0.6449107074452293,0
2014-03-27,1849.040039,-0.015441630315529142,0.2632786336273121,0.6449013306034999,0
2014-03-28,1857.619995,-0.010873061050856503,0.24426460447795895,0.6448941790857612,0
2014-03-31,1872.339966,-0.0030351179323285793,0.18825854363519634,0.6448914782160042,0
2014-04-01,1885.52002,0.0,0.1061640211640211,0.6448887773462472,0
2014-04-02,1890.900024,0.0,0.09488095238095232,0.6448860764764901,0
2014-04-03,1888.77002,-0.0011264498244039078,0.09456602550357035,0.644883375606733,0
2014-04-04,1865.089966,-0.013649615353751754,0.14861498815995178,0.644880674736976,0
2014-04-07,1845.040039,-0.02425299297579364,0.2135877185550793,0.644877973867219,0
2014-04-08,1851.959961,-0.02059340129343612,0.2033364201764619,0.6448548577007237,0
2014-04-09,1872.180054,-0.009900031605266979,0.1683615194078018,0.6448215338858596,0
2014-04-10,1833.079956,-0.030578067198755332,0.24436563831046398,0.6447882100709952,0
2014-04-11,1815.689941,-0.039774753844944666,0.30159213847636734,0.6447548862561311,0
2014-04-14,1830.609985,-0.031884308125642025,0.2657214872110878,0.6447215624412669,0
2014-04-15,1842.97998,-0.02534245247859812,0.24252734509071977,0.6446882386264026,0
2014-04-16,1862.310059,-0.015119765528121887,0.22336858635861392,0.6446549148115384,0
2014-04-17,1864.849976,-0.013776533750787023,0.19805300452210836,0.644650172359426,0
2014-04-21,1871.890015,-0.010053418350371768,0.17404822900457304,0.6446454299073135,0
2014-04-22,1879.550049,-0.006002419406601067,0.17475581334083123,0.6446406874552012,0
2014-04-23,1875.390015,-0.008202447936507151,0.1924487576296286,0.6446359450030889,0
2014-04-24,1878.609985,-0.006499571021212236,0.19775980268577206,0.6446312025509764,0
2014-04-25,1863.400024,-0.014543338966079622,0.2543567686640574,0.644626460098864,0
2014-04-28,1869.430054,-0.011354365501874963,0.25030513278214406,0.6446200046165976,0
2014-04-29,1878.329956,-0.006647663990933417,0.24086079467271787,0.6446101230740232,0
2014-04-30,1883.949951,-0.0036755369991998688,0.1762492687376641,0.6446002415314488,0
2014-05-01,1883.680054,-0.0038182716739973976,0.17405282547969625,0.6445903599888744,0
2014-05-02,1881.140015,-0.005161567970872305,0.16725208262324776,0.6445804784463,0
2014-05-05,1884.660034,-0.003300010535088993,0.1894097480918422,0.6445705969037255,0
2014-05-06,1867.719971,-0.01225874065566146,0.21312318719949208,0.6445607153611511,0
2014-05-07,1878.209961,-0.006711123189451107,0.20584435311834653,0.6445573364497383,0
2014-05-08,1875.630005,-0.008075529539471882,0.21455836031509107,0.6445572088539064,0
2014-05-09,1878.47998,-0.006568323995113534,0.23876823218037954,0.6445570812580746,0
2014-05-12,1896.650024,0.0,0.16784391534391527,0.6445569536622427,0
2014-05-13,1897.449951,0.0,0.15171957671957664,0.6445568260664108,0
2014-05-14,1888.530029,-0.004701005154470139,0.1847549627991207,0.6445566984705791,0
2014-05-15,1870.849976,-0.014018801911471424,0.19063208610328944,0.6445565708747472,0
2014-05-16,1877.859985,-0.010324365072014507,0.17172786242504168,0.6445399282338217,0
2014-05-19,1885.079956,-0.0065192734034859035,0.17122259898365388,0.6445232855928962,0
2014-05-20,1872.829956,-0.012975306667258657,0.20104655847690078,0.6445066429519707,0
2014-05-21,1888.030029,-0.0049645167162567505,0.1715394306415186,0.6444900003110452,0
2014-05-22,1892.48999,-0.0026140141390217364,0.1556235894535985,0.6444733576701198,0
2014-05-23,1900.530029,0.0,0.13189153439153434,0.6444567150291942,0
2014-05-27,1911.910034,0.0,0.1306746031746031,0.6444416706911521,0
2014-05-28,1909.780029,-0.0011140717722704085,0.11758027237011066,0.6444298229588766,0
2014-05-29,1920.030029,0.0,0.11797619047619042,0.6444179752266009,0
2014-05-30,1923.569946,0.0,0.12421957671957666,0.6444061274943255,0
2014-06-02,1924.969971,0.0,0.12593915343915338,0.6443942797620499,0
2014-06-03,1924.23999,-0.00037921682467634277,0.12069315542770678,0.6443824320297743,0
2014-06-04,1927.880005,0.0,0.09805555555555551,0.6443705842974988,0
2014-06-05,1940.459961,0.0,0.10056878306878302,0.6443653239884384,0
2014-06-06,1949.439941,0.0,0.08812169312169307,0.6443633573909855,0
2014-06-09,1951.27002,0.0,0.054841269841269795,0.6443613907935326,0
2014-06-10,1950.790039,-0.0002459838951454074,0.02805973093872471,0.6443594241960796,0
2014-06-11,1943.890015,-0.0037821546604810408,0.050477739031730647,0.6443574575986267,0
2014-06-12,1930.109985,-0.010844237231708131,0.08837022753519257,0.6443554910011738,0
2014-06-13,1936.160034,-0.007743667378233954,0.06732150138298124,0.644353524403721,0
2014-06-16,1937.780029,-0.006913441431340095,0.08800512442660277,0.6443492518331373,0
2014-06-17,1941.98999,-0.004755892267539585,0.07368326119723792,0.6443449792625535,0
2014-06-18,1956.97998,0.0,0.052103174603174554,0.6443407066919699,0
2014-06-19,1959.47998,0.0,0.03902116402116397,0.6443364341213862,0
2014-06-20,1962.869995,0.0,0.03869047619047614,0.6443321615508024,0
2014-06-23,1962.609985,-0.00013246419817014576,0.054074300953148045,0.6443278889802188,0
2014-06-24,1949.97998,-0.006566922431355371,0.05905755559487507,0.6443239951262254,0
2014-06-25,1959.530029,-0.001701572701456433,0.0563672840671445,0.6443208587054127,0
2014-06-26,1957.219971,-0.0028784504396074384,0.06289858497197331,0.6443177222845999,0
2014-06-27,1960.959961,-0.0009730822748655887,0.05577087333301326,0.6443145858637871,0
2014-06-30,1960.22998,-0.0013449770013932438,0.05455048033817979,0.6443114494429744,0
2014-07-01,1973.319946,0.0,0.056851851851851806,0.6443083130221616,0
2014-07-02,1974.619995,0.0,0.04477513227513223,0.6443051766013489,0
2014-07-03,1985.439941,0.0,0.045343915343915304,0.6442970064978326,0
2014-07-07,1977.650024,-0.003923521854847234,0.07212886114645156,0.6442863195529647,0
2014-07-08,1963.709961,-0.0109446675022844,0.10835846872760894,0.6442756326080965,0
2014-07-09,1972.829956,-0.006351229639134148,0.10196009990558526,0.6442649456632286,0
2014-07-10,1964.680054,-0.010456063954039418,0.137309181506752,0.6442542587183606,0
2014-07-11,1967.569946,-0.009000521562490316,0.12643554650990896,0.6442435717734925,0
2014-07-14,1977.099976,-0.00420056272052205,0.1309269186508698,0.6442328848286245,0
2014-07-15,1973.280029,-0.0061245428526413015,0.1219658535395716,0.6442238454431926,0
2014-07-16,1981.569946,-0.0019491876435460131,0.10442897226220225,0.6442148060577606,0
2014-07-17,1958.119995,-0.013760147278109036,0.18667090689246094,0.6442057666723288,0
2014-07-18,1978.219971,-0.003636458525340003,0.10462830049495819,0.6441967272868968,0
2014-07-21,1973.630005,-0.005948271592668641,0.1397569735302499,0.6441876879014649,0
2014-07-22,1983.530029,-0.0009619590905570741,0.1419215466758642,0.6441786485160329,0
2014-07-23,1987.01001,0.0,0.14011904761904756,0.6441657458102223,0
2014-07-24,1987.97998,0.0,0.14734126984126977,0.6441451164636547,0
2014-07-25,1978.339966,-0.004849150442651884,0.1548401445523462,0.6441244871170868,0
2014-07-28,1978.910034,-0.004562393027720546,0.15306746422585718,0.6441038577705192,0
2014-07-29,1969.949951,-0.009069522420442122,0.17696808298918656,0.6440832284239513,0
2014-07-30,1970.069946,-0.009009162154640982,0.16216020093477546,0.6440625990773836,0
2014-07-31,1930.670044,-0.028828225926098128,0.2848584213758679,0.644041969730816,0
2014-08-01,1925.150024,-0.03160492390874081,0.3194338451984254,0.6440276702842629,0
2014-08-04,1938.98999,-0.024643100279108432,0.2754315086947184,0.6440165357877174,0
2014-08-05,1920.209961,-0.034089890080281404,0.3023232120116815,0.6440054012911719,0
2014-08-06,1920.23999,-0.03407478479738013,0.3364452973124116,0.6439942667946265,0
2014-08-07,1909.569946,-0.03944206420026419,0.3385209532307931,0.643983132298081,0
2014-08-08,1931.589966,-0.028365483841542583,0.2650703266415971,0.6439719978015355,0
2014-08-11,1936.920044,-0.025684331086674228,0.2458079697907815,0.64396086330499,0
2014-08-12,1933.75,-0.027278936682249677,0.24978498856896408,0.6439474296518115,0
2014-08-13,1946.719971,-0.020754740699149288,0.23092420735749758,0.6439339959986332,0
2014-08-14,1955.180054,-0.016499122893581686,0.1796534448267953,0.6439205623454548,0
2014-08-15,1955.060059,-0.016559483159382826,0.21350894592882544,0.6439071286922763,0
2014-08-18,1971.73999,-0.008169091320527344,0.19530555508727826,0.6438936950390979,0
2014-08-19,1981.599976,-0.0032092898641766787,0.16362628011214422,0.6438802613859195,0
2014-08-20,1986.51001,-0.0007394289755373595,0.15494816133149134,0.643852680186113,0
2014-08-21,1992.369995,0.0,0.14473544973544966,0.6437968038930507,0
2014-08-22,1988.400024,-0.0019925872252457566,0.15833025810944829,0.643740927599988,0
2014-08-25,1997.920044,0.0,0.16499999999999995,0.6436850513069258,0
2014-08-26,2000.02002,0.0,0.16873015873015865,0.6436291750138631,0
2014-08-27,2000.119995,0.0,0.1682671957671957,0.6435732987208008,0
2014-08-28,1996.73999,-0.0016899011101580985,0.1902157120200203,0.6435174224277386,0
2014-08-29,2003.369995,0.0,0.14554232804232797,0.6434570707922257,0
2014-09-02,2002.280029,-0.000544066249729358,0.1523063186531143,0.6433944814854882,0
2014-09-03,2000.719971,-0.0013227831137603285,0.12910056724973984,0.6433318921787502,0
2014-09-04,1997.650024,-0.002855174538041294,0.13420663272607278,0.6432693028720126,0
2014-09-05,2007.709961,0.0,0.09117724867724862,0.643206713565275,0
2014-09-08,2001.540039,-0.003073114204666716,0.15932265768052062,0.6431441242585371,0
2014-09-09,1988.439941,-0.009598009859154155,0.18293295574632884,0.6430815349517995,0
2014-09-10,1995.689941,-0.005986930499668919,0.1574356393509254,0.6430684460324583,0
2014-09-11,1997.449951,-0.005110304874360261,0.1328916251084915,0.6430553571131171,0
2014-09-12,1985.540039,-0.011042392791116962,0.14473235283082175,0.643042268193776,0
2014-09-15,1984.130005,-0.011744702401264795,0.17004602383389864,0.6430291792744347,0
2014-09-16,1998.97998,-0.004348228165213519,0.10474168332206568,0.6430160903550934,0
2014-09-17,2001.569946,-0.0030582181287488464,0.09677832736296417,0.6430030014357523,0
2014-09-18,2011.359985,0.0,0.07653439153439148,0.6429921060293746,0
2014-09-19,2010.400024,-0.00047726961218230723,0.069858437820333,0.642985597648924,0
2014-09-22,1994.290039,-0.008486768220160257,0.15980052398059436,0.6429790892684735,0
2014-09-23,1982.77002,-0.01421424569108154,0.2090941318663348,0.6429725808880229,0
2014-09-24,1998.300049,-0.006493087312761769,0.17580757779118705,0.6429660725075723,0
2014-09-25,1965.98999,-0.022556874621327383,0.295811635788979,0.6429595641271219,0
2014-09-26,1982.849976,-0.014174493483323447,0.2160570112276071,0.6429530557466713,0
2014-09-29,1977.800049,-0.016685196210662445,0.23340847883903826,0.6429246892797167,0
2014-09-30,1972.290039,-0.019424641183761082,0.2331905218014656,0.6428853937695103,0
2014-10-01,1946.160034,-0.03241585369413624,0.2887932043271433,0.6428460982593037,0
2014-10-02,1946.170044,-0.032410876961937785,0.27249093595220886,0.6428068027490973,0
2014-10-03,1967.900024,-0.02160725147368392,0.2509551567948756,0.6427675072388909,0
2014-10-06,1964.819946,-0.023138592468319397,0.24521340090907315,0.6427282117286843,0
2014-10-07,1935.099976,-0.037914649574775194,0.3300742990664497,0.6426889162184779,0
2014-10-08,1968.890015,-0.021115051664906237,0.27801001966984507,0.642639656638476,0
2014-10-09,1928.209961,-0.04134019997419802,0.3858913087521063,0.6425903970584744,0
2014-10-10,1906.130005,-0.05231782514555694,0.46463324202652007,0.6425411374784727,0
2014-10-13,1874.73999,-0.0679241886180807,0.5011518834845539,0.6424918778984708,0
2014-10-14,1877.699951,-0.06645256691829826,0.47732244538132285,0.6424426183184693,0
2014-10-15,1862.48999,-0.07401459515463116,0.47417465704270007,0.6423933587384674,0
2014-10-16,1862.76001,-0.07388034767928431,0.4615664701251939,0.6423575104948368,0
2014-10-17,1886.76001,-0.06194812262808347,0.445316583132536,0.6423484849239481,0
2014-10-20,1904.01001,-0.0533718358725328,0.43117583267666887,0.6423394593530594,0
2014-10-21,1941.280029,-0.0348420752737606,0.39833165434967654,0.6423304337821707,0
2014-10-22,1927.109985,-0.041887081690153094,0.41919306945675505,0.6423214082112819,0
2014-10-23,1950.819946,-0.03009905708151983,0.3863040536830089,0.6423123826403933,0
2014-10-24,1964.579956,-0.02325790974707098,0.3818909731779665,0.6423033570695046,0
2014-10-27,1961.630005,-0.024724554714654956,0.3887038571919773,0.6422830800481176,0
2014-10-28,1985.050049,-0.013080669893112185,0.3652073858823165,0.6422571773014818,0
2014-10-29,1982.300049,-0.01444790401356233,0.3778930403718302,0.6422312745548457,0
2014-10-30,1994.650024,-0.008307792302032935,0.3537127370058256,0.6422053718082098,0
2014-10-31,2018.050049,0.0,0.3503174603174602,0.642179469061574,0
2014-11-03,2017.810059,-0.00011892172848682048,0.37024852618000414,0.6421535663149379,0
2014-11-04,2012.099976,-0.0029484268752146825,0.37905398526613054,0.642127663568302,0
2014-11-05,2023.569946,0.0,0.3700132275132274,0.6421253027469231,0
2014-11-06,2031.209961,0.0,0.37657407407407395,0.6421229419255443,0
2014-11-07,2031.920044,0.0,0.32992063492063484,0.6421205811041656,0
2014-11-10,2038.26001,0.0,0.31736772486772474,0.6421182202827868,0
2014-11-11,2039.680054,0.0,0.3017592592592591,0.6421158594614079,0
2014-11-12,2038.25,-0.0007011168232956555,0.30633075817737265,0.6421134986400291,0
2014-11-13,2039.329956,-0.00017164358660726187,0.3005102051081614,0.642107054596622,0
2014-11-14,2039.819946,0.0,0.2820238095238094,0.6420924441091583,0
2014-11-17,2041.319946,0.0,0.32834656084656066,0.6420778336216947,0
2014-11-18,2051.800049,0.0,0.32796296296296285,0.6420632231342309,0
2014-11-19,2048.719971,-0.0015011589465070418,0.3790632954977131,0.6420486126467673,0
2014-11-20,2052.75,0.0,0.3824470899470898,0.6420340021593036,0
2014-11-21,2063.5,0.0,0.3813095238095237,0.64201939167184,0
2014-11-24,2069.409912,0.0,0.3339285714285713,0.6420057093708946,0
2014-11-25,2067.030029,-0.0011500297675195448,0.32138003572102336,0.6419924911632088,0
2014-11-26,2072.830078,0.0,0.31042328042328027,0.6419792729555227,0
2014-11-28,2067.560059,-0.0025424269243935482,0.38736308162144145,0.6419660547478369,0
2014-12-01,2053.439941,-0.009354426687357198,0.3502464760459925,0.6419528365401509,0
2014-12-02,2066.550049,-0.0030296882830160854,0.30952186932586256,0.6419396183324649,0
2014-12-03,2074.330078,0.0,0.269100529100529,0.641926400124779,0
2014-12-04,2071.919922,-0.0011618960866265349,0.2509577673674438,0.6419058450498596,0
2014-12-05,2075.370117,0.0,0.1843783068783068,0.6418852899749402,0
2014-12-08,2060.310059,-0.007256564926245379,0.25087719008080656,0.6418647349000209,0
2014-12-09,2059.820068,-0.007492663054471382,0.25036685704102696,0.6418441798251014,0
2014-12-10,2026.140015,-0.023721119233981902,0.36915317376860884,0.6418236247501822,0
2014-12-11,2035.329956,-0.019293021843197256,0.35991088547109584,0.6418030696752628,0
2014-12-12,2002.329956,-0.03519380008496087,0.43575107862047147,0.641788732856816,0
2014-12-15,1989.630005,-0.04131316688896891,0.46653347222443453,0.6417868325513145,0
2014-12-16,1972.73999,-0.04945148152578893,0.4523444233335921,0.6417849322458129,0
2014-12-17,2012.890015,-0.0301055226189324,0.3931768916929833,0.6417830319403114,0
2014-12-18,2061.22998,-0.00681330856803497,0.4696177692234408,0.6417811316348099,0
2014-12-19,2070.649902,-0.0022743967263164633,0.4305070538493574,0.6417792313293083,0
2014-12-22,2078.540039,0.0,0.38621693121693107,0.6417773310238067,0
2014-12-23,2082.169922,0.0,0.37288359788359776,0.6417704551919873,0
2014-12-24,2081.879883,-0.00013929650838551133,0.3457888489317556,0.6417610915970089,0
2014-12-26,2088.77002,0.0,0.3492063492063491,0.6417517280020304,0
2014-12-29,2090.570068,0.0,0.35543650793650783,0.641742364407052,0
2014-12-30,2080.350098,-0.004888604384246875,0.40193775383252467,0.6417330008120736,0
2014-12-31,2058.899902,-0.015149057419681755,0.45943548266023176,0.6417236372170951,0
2015-01-02,2058.199951,-0.015483870880715123,0.45776053923675225,0.6417142736221167,0
2015-01-05,2020.579956,-0.03347896015126528,0.5634154929222589,0.6416737014794069,0
2015-01-06,2002.609985,-0.0420746878310323,0.5977383026459159,0.6416331293366975,0
2015-01-07,2025.900024,-0.03093416718716746,0.5776633286669288,0.6415925571939879,0
2015-01-08,2062.139893,-0.013599245217931655,0.5702476656900892,0.6415519850512782,0
2015-01-09,2044.810059,-0.021888770771399058,0.5927083238674776,0.6415114129085686,0
2015-01-12,2028.26001,-0.029805295193770065,0.6155943965605662,0.6414708407658589,0
2015-01-13,2023.030029,-0.03230699608390264,0.6133980249303126,0.6414409038665531,0
2015-01-14,2011.27002,-0.037932260302504295,0.6443811462254389,0.6414322374540543,0
2015-01-15,1992.670044,-0.04682934358361823,0.671433307538437,0.6416196052891275,0
2015-01-16,2019.420044,-0.03403379063399081,0.645589226009466,0.6417454856053781,1
2015-01-20,2022.550049,-0.03253658896258538,0.598263483474679,0.6417811316348099,0
2015-01-21,2032.119995,-0.027958916036675996,0.5749395881328999,0.6417792313293083,0
2015-01-22,2063.149902,-0.01311611910058208,0.5186758508572062,0.6417773310238067,0
2015-01-23,2051.820068,-0.018535614085908758,0.523446440606794,0.6417704551919873,0
2015-01-26,2057.090088,-0.016014761003456668,0.5002362317226664,0.6417610915970089,0
2015-01-27,2029.550049,-0.02918821996642118,0.5567851232189646,0.6417517280020304,0
2015-01-28,2002.160034,-0.04228991668505988,0.604544196318368,0.641742364407052,0
2015-01-29,2021.25,-0.03315845235759873,0.5491816772206528,0.6417330008120736,0
2015-01-30,1994.98999,-0.04571962426087883,0.5944005861500915,0.6417236372170951,0
2015-02-02,2020.849976,-0.03334979920893044,0.5738160553470126,0.6417142736221167,0
2015-02-03,2050.030029,-0.019391858527269434,0.5023707593332523,0.6416737014794069,0
2015-02-04,2041.51001,-0.02346731102245936,0.486560244126422,0.6416331293366975,0
2015-02-05,2062.52002,-0.013417415866302407,0.44677550221416595,0.6415925571939879,0
2015-02-06,2055.469971,-0.016789725222450702,0.42972438984366024,0.6415519850512782,0
2015-02-09,2046.73999,-0.020965610610665264,0.45535714543121086,0.6415114129085686,0
2015-02-10,2068.590088,-0.0105138690811869,0.43396584924663045,0.6414708407658589,0
2015-02-11,2068.530029,-0.01054259760883558,0.4338283658078512,0.6414409038665531,0
2015-02-12,2088.47998,-0.0009997694083506703,0.3818081888984863,0.6414322374540543,0
2015-02-13,2096.98999,0.0,0.36427248677248664,0.6414235710415557,0
2015-02-17,2100.340088,0.0,0.3732010582010581,0.6414149046290569,0
2015-02-18,2099.679932,-0.00031430909868912504,0.3463956894369454,0.6414062382165583,0
2015-02-19,2097.449951,-0.001376032870349042,0.3479078532010325,0.6413975718040597,0
2015-02-20,2110.300049,0.0,0.3139814814814814,0.6413889053915609,0
2015-02-23,2109.659912,-0.00030333932859605284,0.33368411301442097,0.6413847985669946,0
2015-02-24,2115.47998,0.0,0.31103174603174594,0.6413829715363946,0
2015-02-25,2113.860107,-0.000765723625519743,0.3156807731125283,0.6413811445057944,0
2015-02-26,2110.73999,-0.0022406215349767278,0.3286146717678979,0.6413793174751943,0
2015-02-27,2104.5,-0.005190302013635684,0.34743206612006644,0.6413774904445941,0
2015-03-02,2117.389893,0.0,0.29507936507936494,0.6413756634139941,0
2015-03-03,2107.780029,-0.004538542491286046,0.37282720337049546,0.641373836383394,0
2015-03-04,2098.530029,-0.008907128565386002,0.3744451680350768,0.6413008943555126,0
2015-03-05,2101.040039,-0.007721702107888584,0.3497951430585667,0.6412279523276319,0
2015-03-06,2071.26001,-0.021786201564720553,0.40701645775068035,0.641155010299751,0
2015-03-09,2079.429932,-0.01792771427005202,0.3663677544785596,0.6410820682718696,0
2015-03-10,2044.160034,-0.034584966728184896,0.5239225949944567,0.6410091262439889,0
2015-03-11,2040.23999,-0.03643632344475345,0.5013294082395241,0.6409361842161075,0
2015-03-12,2065.949951,-0.024294033975536644,0.48947030108810413,0.640874249580013,0
2015-03-13,2053.399902,-0.03022116579074463,0.45906963175312615,0.640834329727491,0
2015-03-16,2081.189941,-0.0170964979665178,0.4702115647555884,0.6407944098749686,0
2015-03-17,2074.280029,-0.02035990827316192,0.43890278939869365,0.6407544900224466,0
2015-03-18,2099.5,-0.008449031073182733,0.3922949219439038,0.6407145701699243,0
2015-03-19,2089.27002,-0.013280441685758149,0.3917830908694705,0.6406746503174021,0
2015-03-20,2108.100098,-0.00438738043981024,0.32280453906745477,0.6406347304648801,0
2015-03-23,2104.419922,-0.006125452399143971,0.33319710372553346,0.6405952086265686,0
2015-03-24,2091.5,-0.012227267677809794,0.35767536671601713,0.6405558857953628,0
2015-03-25,2061.050049,-0.026608157612472372,0.4255144452196228,0.6405165629641568,0
2015-03-26,2056.149902,-0.028922396957903995,0.41728624142884974,0.640477240132951,0
2015-03-27,2061.02002,-0.026622339695847486,0.39352088170909094,0.6404379173017452,0
2015-03-30,2086.23999,-0.014711462968147848,0.3841352370432588,0.6403985944705392,0
2015-03-31,2067.889893,-0.023377838991129996,0.4121936184295675,0.6403592716393334,0
2015-04-01,2059.689941,-0.02725050884145308,0.3902402931494261,0.6403589523220048,0
2015-04-02,2066.959961,-0.023817026881406744,0.37321006188731753,0.6403586330046762,0
2015-04-06,2080.620117,-0.017365614203392332,0.3628493190546527,0.6403583136873476,0
2015-04-07,2076.330078,-0.019391712001527006,0.37193407556585345,0.640357994370019,0
2015-04-08,2081.899902,-0.01676119788676067,0.2709070882577635,0.6403576750526904,0
2015-04-09,2091.179932,-0.012378429257006052,0.24013189288618494,0.6403573557353618,0
2015-04-10,2102.060059,-0.007239967495207167,0.22629378110006862,0.6403451760463091,0
2015-04-13,2092.429932,-0.011788079787533046,0.28090495500429885,0.6403092756138085,0
2015-04-14,2095.840088,-0.010177532759196972,0.26627388587188283,0.6402733751813076,0
2015-04-15,2106.629883,-0.005081732956019103,0.2450663335154768,0.6402374747488069,0
2015-04-16,2104.98999,-0.005856220926053091,0.25148513706893555,0.6402015743163061,0
2015-04-17,2081.179932,-0.017101225012789878,0.3974659144597922,0.6401656738838054,0
2015-04-20,2100.399902,-0.008024025738560536,0.3361235398809815,0.6401297734513047,0
2015-04-21,2097.290039,-0.009492750516307491,0.3384680201962885,0.640106139670865,0
2015-04-22,2107.959961,-0.004453564282693057,0.3190082983032527,0.640088639216456,0
2015-04-23,2112.929932,-0.0021063484881761463,0.30920751236570543,0.6400711387620467,0
2015-04-24,2117.689941,0.0,0.26824074074074067,0.6400536383076376,0
2015-04-27,2108.919922,-0.00414131399984774,0.29142460325484365,0.6400361378532285,0
2015-04-28,2114.76001,-0.0013835505109952573,0.23759941405234766,0.6400186373988194,0
2015-04-29,2106.850098,-0.005118711096526951,0.26772975490313383,0.6400011369444103,0
2015-04-30,2085.51001,-0.01519577081468515,0.3497693165120136,0.6399986640516131,0
2015-05-01,2108.290039,-0.0044387527267383264,0.2894931699387526,0.6399961911588159,0
2015-05-04,2114.48999,-0.0015110573734363753,0.253731258266113,0.6399937182660187,0
2015-05-05,2089.459961,-0.013330553946282353,0.37635380759268156,0.6399912453732214,0
2015-05-06,2080.149902,-0.01772688167101233,0.3556770199099765,0.6399887724804242,0
2015-05-07,2088.0,-0.014019966013523288,0.3098001496924183,0.639986299587627,0
2015-05-08,2116.100098,-0.000750743991941305,0.2697368716263083,0.639982136537582,0
2015-05-11,2105.330078,-0.005836483783911994,0.3178238863608001,0.6399745931730411,0
2015-05-12,2099.120117,-0.008768905985940156,0.30930575596619686,0.6399670498085003,0
2015-05-13,2098.47998,-0.009071186781445806,0.3006076463599571,0.6399595064439595,0
2015-05-14,2121.100098,0.0,0.24703703703703694,0.6399519630794187,0
2015-05-15,2122.72998,0.0,0.20904761904761895,0.6399444197148779,0
2015-05-18,2129.199951,0.0,0.22070105820105812,0.639936876350337,0
2015-05-19,2127.830078,-0.000643374521663298,0.22327204942599588,0.6399296732636934,0
2015-05-20,2125.850098,-0.0015732918829097775,0.22339588676742814,0.6399226403159984,0
2015-05-21,2130.820068,0.0,0.1816931216931216,0.6399156073683034,0
2015-05-22,2126.060059,-0.0022338859444231973,0.180418758371403,0.6399085744206084,0
2015-05-26,2104.199951,-0.01249289764057171,0.2767771914544002,0.6399015414729134,0
2015-05-27,2123.47998,-0.003444724456199366,0.23535060056437038,0.6398945085252185,0
2015-05-28,2120.790039,-0.004707121521252744,0.22537076804772543,0.6398874755775235,0
2015-05-29,2107.389893,-0.010995848664965724,0.24263946284240326,0.6398734464849716,0
2015-06-01,2111.72998,-0.008959033325567467,0.23830375004359095,0.6398594173924197,0
2015-06-02,2109.600098,-0.009958593087551204,0.2554688302235799,0.6398453882998678,0
2015-06-03,2114.070068,-0.007860823281865215,0.20877161227686253,0.6398313592073159,0
2015-06-04,2095.840088,-0.01641620544377198,0.26852219785527764,0.639817330114764,0
2015-06-05,2092.830078,-0.017828811813124013,0.2683654736466482,0.6398033010222122,0
2015-06-08,2079.280029,-0.02418788886683232,0.28287467298940505,0.6397928224321243,0
2015-06-09,2080.149902,-0.02377965496052381,0.2748318822489248,0.6397894448469643,0
2015-06-10,2105.199951,-0.012023594758072242,0.23368757296894588,0.6397860672618043,0
2015-06-11,2108.860107,-0.010305872996874799,0.2170628147920169,0.6397826896766443,0
2015-06-12,2094.110107,-0.01722809051374108,0.2582266186693993,0.6397793120914844,0
2015-06-15,2084.429932,-0.02177102454433988,0.3100538008817792,0.6397759345063244,0
2015-06-16,2096.290039,-0.016205042142488413,0.26180054792548335,0.6397725569211644,0
2015-06-17,2100.439941,-0.014257481171798259,0.2566327869299673,0.6397394775664105,0
2015-06-18,2121.23999,-0.004495958219969176,0.21306710753592062,0.6396915473268598,0
2015-06-19,2109.98999,-0.009775615648087599,0.23784184988881615,0.6396436170873089,0
2015-06-22,2122.850098,-0.003740329894433958,0.21357569746062227,0.6395956868477582,0
2015-06-23,2124.199951,-0.0031068399905833655,0.2178684196289116,0.6395477566082076,0
2015-06-24,2108.580078,-0.010437291413758154,0.2546543793261393,0.6394998263686567,0
2015-06-25,2102.310059,-0.013379829403784349,0.3055928323215782,0.639451896129106,0
2015-06-26,2101.48999,-0.013764690149332681,0.29092239008396104,0.6394363996475693,0
2015-06-29,2057.639893,-0.03434366706931158,0.528540442811216,0.6394209031660327,0
2015-06-30,2063.110107,-0.03177647987122301,0.5226423578560495,0.6394054066844961,0
2015-07-01,2077.419922,-0.025060842443689557,0.47405449241390885,0.6393899102029594,0
2015-07-02,2076.780029,-0.02536114607308082,0.47815824301256454,0.6393744137214228,0
2015-07-06,2068.76001,-0.02912496410748089,0.4926880521670722,0.639358917239886,0
2015-07-07,2081.340088,-0.023221097240013422,0.44454521086791016,0.6393421308754565,0
2015-07-08,2046.680054,-0.039487151103741236,0.5172787612186692,0.6393227647452411,0
2015-07-09,2051.310059,-0.03731427641125451,0.5210205179368915,0.6393033986150255,0
2015-07-10,2076.620117,-0.02543619323562707,0.4996504160097364,0.6392840324848101,0
2015-07-13,2099.600098,-0.01465162191254532,0.4145925283056363,0.6392646663545946,0
2015-07-14,2108.949951,-0.010263708948699435,0.38853338195537046,0.6392453002243791,0
2015-07-15,2107.399902,-0.01099115141241469,0.38079520180071763,0.6392259340941636,0
2015-07-16,2124.290039,-0.0030645614325047754,0.3534261509676829,0.6392007209178986,0
2015-07-17,2126.639893,-0.001961768176852008,0.3564281958862963,0.639172584218609,0
2015-07-20,2128.280029,-0.0011920476243608702,0.3630574412762171,0.6391444475193193,0
2015-07-21,2119.209961,-0.005448656681226627,0.3795278060068898,0.6391163108200297,0
2015-07-22,2114.149902,-0.007823356955543703,0.37071077966940363,0.6390881741207401,0
2015-07-23,2102.149902,-0.013454991545536643,0.39816979937845337,0.6390600374214503,0
2015-07-24,2079.649902,-0.02401430640177349,0.4782880671530275,0.6390319007221608,0
2015-07-27,2067.639893,-0.029650638244317462,0.5477633055757205,0.6389482485817404,0
2015-07-28,2093.25,-0.017631741208099072,0.4845443328359621,0.6388645964413204,0
2015-07-29,2108.570068,-0.010441989135612006,0.4398584292907766,0.6387809443009005,0
2015-07-30,2108.629883,-0.01041391778369527,0.42186178070551356,0.6386972921604801,0
2015-07-31,2103.840088,-0.012661782383776576,0.40056450923090214,0.6386136400200602,0
2015-08-03,2098.040039,-0.015383762098114429,0.4083150118722345,0.6385299878796398,0
2015-08-04,2093.320068,-0.017598858093728076,0.4398752434690873,0.6384724885815808,0
2015-08-05,2099.840088,-0.014538993913774223,0.42674573449547076,0.638467294968243,0
2015-08-06,2083.560059,-0.022179258450648387,0.47538495141061915,0.638462101354905,0
2015-08-07,2077.570068,-0.024990378493093823,0.4725678192710775,0.6384569077415672,0
2015-08-10,2104.179932,-0.012502292614976485,0.42021439134961186,0.6384517141282293,0
2015-08-11,2084.070068,-0.021939909756847675,0.4964998493801747,0.6384465205148915,0
2015-08-12,2086.050049,-0.021010698966253627,0.49457791812458357,0.6384413269015536,0
2015-08-13,2083.389893,-0.022259117844951715,0.4770548567578573,0.6384377867470089,0
2015-08-14,2091.540039,-0.018434230834360577,0.42800732038747596,0.6384350733218608,0
2015-08-17,2102.439941,-0.013318875406799435,0.43155143355694225,0.6384323598967127,0
2015-08-18,2096.919922,-0.015909436234951002,0.46554634993696753,0.6384296464715645,0
2015-08-19,2079.610107,-0.02403298230998263,0.5366967216291219,0.6384269330464164,0
2015-08-20,2035.72998,-0.044626052395522975,0.6582867126100771,0.6384242196212682,0
2015-08-21,1970.890015,-0.07505563487118427,0.7680561798348389,0.6384395956971077,0
2015-08-24,1893.209961,-0.11151110812609444,0.8338133297513132,0.6384690261726889,1
2015-08-25,1867.609985,-0.12352525065481035,0.8386006711561427,0.6388645964413204,1
2015-08-26,1940.51001,-0.08931305878803086,0.7764613848313512,0.6391350686195562,1
2015-08-27,1987.660034,-0.06718541661491428,0.7374478967632938,0.639271121731333,1
2015-08-28,1988.869995,-0.06661757842990246,0.7238167554915441,0.6393744137214228,1
2015-08-31,1972.180054,-0.0744502158499476,0.7276339098135877,0.6394838496221397,1
2015-09-01,1913.849976,-0.10182468959176327,0.7718986222191104,0.6397554543129275,1
2015-09-02,1948.859985,-0.08539439145173278,0.7472748570436664,0.6397894448469643,1
2015-09-03,1951.130005,-0.08432906452240152,0.7481260943580986,0.6398547410282357,1
2015-09-04,1921.219971,-0.09836592969425706,0.7769280045219973,0.6399109187365069,1
2015-09-08,1969.410034,-0.07575019422052864,0.7368393865037877,0.6399519630794187,1
2015-09-09,1942.040039,-0.0885950117680232,0.7324912627988762,0.6399879481828251,1
2015-09-10,1952.290039,-0.08378465722240425,0.729589207714504,0.6400069704292134,1
2015-09-11,1961.050049,-0.07967355927868047,0.7308463663725117,0.640106139670865,1
2015-09-14,1953.030029,-0.08343737778238347,0.7292518374658441,0.6402973088029749,1
2015-09-15,1978.089966,-0.07167667711302972,0.7159326474562704,0.6403584201264572,1
2015-09-16,1995.310059,-0.06359523783122178,0.6995814811646617,0.640477240132951,1
2015-09-17,1990.199951,-0.06599342624550497,0.6988878786903729,0.6407012635524171,1
2015-09-18,1958.030029,-0.08109086336988636,0.7221238508586783,0.6409604982254014,1
2015-09-21,1966.969971,-0.07689532281990874,0.6915733291828321,0.641373836383394,1
2015-09-22,1942.73999,-0.0882665227461148,0.6335785574540678,0.6413841895567945,0
2015-09-23,1938.76001,-0.09013433883240485,0.6887828997205787,0.6413823625261945,0
2015-09-24,1932.23999,-0.0931942030123587,0.7445446838264704,0.6414177934332232,0
2015-09-25,1931.339966,-0.0936165868698774,0.6906335550375035,0.6415519850512782,1
2015-09-28,1881.77002,-0.11687990541301774,0.7489728177125523,0.6417298796137474,1
2015-09-29,1884.089966,-0.11579114806797475,0.7440287427609346,0.641777964458974,1
2015-09-30,1920.030029,-0.09892437290486411,0.6900055437821331,0.641788732856816,1
2015-10-01,1923.819946,-0.0971457539323306,0.6836383967822885,0.6418989933582199,1
2015-10-02,1951.359985,-0.08422113424548427,0.6794119219411419,0.6419836790247514,1
2015-10-05,1987.050049,-0.06747168433369577,0.6434924762268897,0.6420632231342309,1
2015-10-06,1979.920044,-0.070817816232431,0.6373623318598693,0.6421174333423272,0
2015-10-07,1995.829956,-0.06335124867051889,0.6620003343834585,0.6421150725209483,0
2015-10-08,2013.430054,-0.055091471946846715,0.6495753748018244,0.6421362978171806,0
2015-10-09,2014.890015,-0.05440630804121005,0.6460415379034202,0.6422830800481176,1
2015-10-12,2017.459961,-0.05320022497554211,0.6340254551558355,0.6423454764003185,0
2015-10-13,2003.689941,-0.05966253505361674,0.6721241425934404,0.6423364508294298,0
2015-10-14,1994.23999,-0.06409742429739496,0.6992978615378261,0.6425082977584715,0
2015-10-15,2023.859985,-0.050196675264276625,0.661426486507608,0.6427675072388909,1
2015-10-16,2033.109985,-0.045855623601157136,0.6355823038769439,0.6429573946669717,0
2015-10-19,2033.660034,-0.04559748401994124,0.6356825892895378,0.6429508862865211,0
2015-10-20,2030.77002,-0.0469537759206049,0.6426540549142494,0.6429115907763144,0
2015-10-21,2018.939941,-0.05250566609550056,0.6511814024892036,0.6428722952661081,0
2015-10-22,2052.51001,-0.036751135948096425,0.5923553313916838,0.6429747503481732,0
2015-10-23,2075.149902,-0.026126169373020924,0.5879387048349266,0.6429682419677225,0
2015-10-26,2071.179932,-0.027989287737457125,0.6071321188299219,0.642961733587272,0
2015-10-27,2065.889893,-0.030471918288691446,0.611037201417329,0.6429552252068215,0
2015-10-28,2090.350098,-0.01899267357566492,0.555965811465401,0.6429377877831188,0
2015-10-29,2089.409912,-0.01943390557555047,0.5828048136747873,0.6428984922729125,0
2015-10-30,2079.360107,-0.02415030803060747,0.6118110574674166,0.6428591967627059,0
2015-11-02,2104.050049,-0.012563247081264106,0.5461605525821729,0.6428199012524995,0
2015-11-03,2109.790039,-0.009869453228746328,0.5342507512819028,0.6427806057422929,0
2015-11-04,2102.310059,-0.013379829403784349,0.5387012979300436,0.6427413102320865,0
2015-11-05,2099.929932,-0.01449682986559897,0.5343406402831631,0.6427020147218802,0
2015-11-06,2099.199951,-0.014839412053068712,0.5130982997546876,0.642685430088055,0
2015-11-09,2078.580078,-0.024516377888740615,0.5709275899744252,0.6426802008924208,0
2015-11-10,2081.719971,-0.02304281705310085,0.5436037614161018,0.6426749716967864,0
2015-11-11,2075.0,-0.02619651881371332,0.5127321188727522,0.6426697425011523,0
2015-11-12,2045.969971,-0.03982039510245494,0.4985252148636865,0.642664513305518,0
2015-11-13,2023.040039,-0.05058147828557058,0.5495866628315734,0.6426592841098837,0
2015-11-16,2053.189941,-0.03643204236989561,0.5016681862936101,0.6426540549142494,0
2015-11-17,2050.439941,-0.03772262529676906,0.4912856688746412,0.6426100245298818,0
2015-11-18,2083.580078,-0.022169863476243612,0.4612202382878944,0.6425659941455144,0
2015-11-19,2081.23999,-0.023268073519945864,0.4658846511868978,0.6425219637611471,0
2015-11-20,2089.169922,-0.019546533574321456,0.3837468455801909,0.6424779333767795,0
2015-11-23,2086.590088,-0.02075725710689147,0.3698425709621321,0.6424339029924121,0
2015-11-24,2089.139893,-0.019560626270580084,0.373988624540569,0.6423898726080445,0
2015-11-25,2088.870117,-0.01968723292500929,0.33242097580630736,0.6423575104948368,0
2015-11-27,2090.110107,-0.019105302043738837,0.325413134939259,0.6423484849239481,0
2015-11-30,2080.409912,-0.02365763151804512,0.3580055599380561,0.6423394593530594,0
2015-12-01,2102.629883,-0.01322973507869174,0.30157674029548825,0.6423304337821707,0
2015-12-02,2079.51001,-0.024079958120612144,0.3559594418082265,0.6423214082112819,0
2015-12-03,2049.620117,-0.03810737106311135,0.4393664114132997,0.6423123826403933,0
2015-12-04,2091.689941,-0.01836388139366818,0.3866133772491213,0.6423033570695046,0
2015-12-07,2077.070068,-0.025225029934343612,0.4056800888312651,0.6422830800481176,0
2015-12-08,2063.590088,-0.031551223404378104,0.4669223146461001,0.6422571773014818,0
2015-12-09,2047.619995,-0.03904603408306173,0.4965113255557586,0.6422312745548457,0
2015-12-10,2052.22998,-0.03688255483428271,0.4801188541609275,0.6422053718082098,0
2015-12-11,2012.369995,-0.055588960691166145,0.5562305623532087,0.642179469061574,0
2015-12-14,2021.939941,-0.05109775744800238,0.5284072560275498,0.6421535663149379,0
2015-12-15,2043.410034,-0.04102178091557185,0.5077843381568871,0.642127663568302,0
2015-12-16,2073.070068,-0.02710224146434126,0.4985279807625004,0.6421253027469231,0
2015-12-17,2041.890015,-0.04173513021372577,0.5069604631347777,0.6421229419255443,0
2015-12-18,2005.550049,-0.05878958100745657,0.5482062273676779,0.6421205811041656,0
2015-12-21,2021.150024,-0.05146846777303771,0.5207568703223542,0.6421182202827868,0
2015-12-22,2038.969971,-0.04310551527995088,0.4998747664840891,0.6421158594614079,0
2015-12-23,2064.290039,-0.031222734382469697,0.4944117257034079,0.6421134986400291,0
2015-12-24,2060.98999,-0.032771456890558937,0.4999738964168187,0.642107054596622,0
2015-12-28,2056.5,-0.03487862213995252,0.5237723359859324,0.6420924441091583,0
2015-12-29,2078.360107,-0.024619610913106937,0.5105620516142467,0.6420778336216947,0
2015-12-30,2063.360107,-0.03165915415059817,0.5397634717532044,0.6420632231342309,0
2015-12-31,2043.939941,-0.04077309403301521,0.5684118398237451,0.6420486126467673,0
2016-01-04,2012.660034,-0.05545284455242894,0.6651809796004807,0.6420340021593036,0
2016-01-05,2016.709961,-0.05355220213741674,0.6669742827765401,0.6421127116995695,0
2016-01-06,1990.26001,-0.06596524038368501,0.7142376535397869,0.6421260896873827,1
2016-01-07,1943.089966,-0.08810227800050918,0.7644264373043146,0.6422571773014818,1
2016-01-08,1922.030029,-0.09798576713986529,0.7822654602503778,0.6423364508294298,1
2016-01-11,1923.670044,-0.09721610337302311,0.765561440449744,0.6424926101715687,1
2016-01-12,1938.680054,-0.09017186241367803,0.7473729015630801,0.642664513305518,1
2016-01-13,1890.280029,-0.11288613365922173,0.7493257942534997,0.6427282117286843,1
2016-01-14,1921.839966,-0.09807496425362183,0.7088275232419121,0.6429508862865211,1
2016-01-15,1880.329956,-0.1175557315992013,0.7291753435275069,0.6429877671090742,1
2016-01-19,1881.329956,-0.11708642871670194,0.7382418096981374,0.6430553571131171,1
2016-01-20,1859.329956,-0.1274110921316891,0.7692821994469156,0.6433075526530991,1
2016-01-21,1868.98999,-0.12287761033044675,0.7491330265764301,0.6434950045348209,1
2016-01-22,1906.900024,-0.10508632209859592,0.7402967082114366,0.6435919241518218,1
2016-01-25,1877.079956,-0.11908096596732443,0.7432410745047044,0.6438802613859195,1
2016-01-26,1903.630005,-0.10662095144112371,0.7165165703007769,0.6439563854205972,1
2016-01-27,1882.949951,-0.11632616039356725,0.7085331914140794,0.644020247286566,1
2016-01-28,1893.359985,-0.11144070143045037,0.6804616459493446,0.6441244871170868,1
2016-01-29,1940.23999,-0.08943977995236341,0.684417683032783,0.6442027535438515,1
2016-02-01,1939.380005,-0.08984337339176962,0.6834469687050441,0.6442578210333165,1
2016-02-02,1903.030029,-0.10690252190735416,0.7168809098867084,0.6443083130221616,1
2016-02-03,1912.530029,-0.10244414452360973,0.7076551956505537,0.6443264647900242,1
2016-02-04,1915.449951,-0.10107381671233628,0.7001774689436923,0.6443506760233318,1
2016-02-05,1880.050049,-0.1176870927611332,0.7058409134297619,0.6443633573909855,1
2016-02-08,1853.439941,-0.13017529314915388,0.7195040025726352,0.6443753417566261,1
2016-02-09,1852.209961,-0.13075252630857048,0.7214400686073215,0.6444101593948511,1
2016-02-10,1851.859985,-0.1309167710541761,0.7149969506618364,0.6444789052170949,1
2016-02-11,1829.079956,-0.1416075043272964,0.7756962009599513,0.6445566984705791,1
2016-02-12,1864.780029,-0.12485335716295687,0.7351679439394634,0.6445574215136263,1
2016-02-16,1895.579956,-0.11039886264108523,0.7278754605661274,0.644613416921548,1
2016-02-17,1926.819946,-0.09573784528483231,0.6932319751883594,0.6446454299073135,1
2016-02-18,1917.829956,-0.09995687350547322,0.6774085656668851,0.6447771021327072,1
2016-02-19,1917.780029,-0.09998030439048788,0.6835874763796964,0.6448842758966521,1
2016-02-22,1945.5,-0.0869712420973876,0.6339554376068121,0.6449107074452293,0
2016-02-23,1921.27002,-0.09834244155429084,0.6843336811879002,0.6449013306034999,0
2016-02-24,1929.800049,-0.09433927435678724,0.69370977473079,0.6449544660399666,0
2016-02-25,1951.699951,-0.08406158722173251,0.6808739046660789,0.6452965812579226,1
2016-02-26,1948.050049,-0.08577449675117288,0.6733526765246877,0.6455164619367797,1
2016-02-29,1932.22998,-0.09319890073421255,0.675396881939256,0.6456177676079791,1
2016-03-01,1978.349976,-0.07155465367055103,0.6366989177379944,0.6456942286991355,0
2016-03-02,1986.449951,-0.06775331205487778,0.6098092654711442,0.6456736917737169,0
2016-03-03,1993.400024,-0.0644916227623965,0.6112126986376271,0.6456531548482983,0
2016-03-04,1999.98999,-0.061398932723023325,0.6052263383152469,0.6456406008867895,0
2016-03-07,2001.76001,-0.06056825723494175,0.6034226494226707,0.6456320384072356,0
2016-03-08,1979.26001,-0.07112757209117859,0.6463451500014776,0.6456234759276817,0
2016-03-09,1989.26001,-0.06643454326618436,0.6363616635596326,0.645707919982748,0
2016-03-10,1989.569946,-0.06628908940799405,0.6380654258081112,0.6456873830573294,0
2016-03-11,2022.189941,-0.05098043172737754,0.5808061477024826,0.6456668461319107,0
2016-03-14,2019.640015,-0.052177119349337775,0.6108929664996284,0.6456463092064921,0
2016-03-15,2015.930054,-0.053918214740598214,0.5517256672125271,0.6456377467269382,0
2016-03-16,2027.219971,-0.04861982414931898,0.5458966990320926,0.6456291842473842,0
2016-03-17,2040.589966,-0.042345246956816296,0.5370047725386555,0.6456206217678304,0
2016-03-18,2049.580078,-0.03812616148122372,0.5201958382219128,0.6456120592882765,0
2016-03-21,2051.600098,-0.0371781602725173,0.4951296653428937,0.6456034968087225,0
2016-03-22,2049.800049,-0.0380229284568574,0.4674661384868531,0.6455949343291686,0
2016-03-23,2036.709961,-0.044166144487428394,0.5137665691521096,0.6455788311419394,0
2016-03-24,2035.939941,-0.044527517093010505,0.5433404279190198,0.6455476465393596,0
2016-03-28,2037.050049,-0.044006540208724965,0.5653210757636974,0.6455164619367797,0
2016-03-29,2055.01001,-0.03557787874184781,0.5036855179822807,0.6454852773341999,0
2016-03-30,2063.949951,-0.031382338661173126,0.44154769528229654,0.64545409273162,0
2016-03-31,2059.73999,-0.03335808549368324,0.4503471629098801,0.6454229081290404,0
2016-04-01,2072.780029,-0.027238357603078467,0.39788444182210675,0.6453917235264606,0
2016-04-04,2066.129883,-0.03035929028992035,0.4341427885595445,0.6453389549584281,0
2016-04-05,2045.170044,-0.04019580314934412,0.5382746463188953,0.6452753944076696,0
2016-04-06,2066.659912,-0.030110546152412154,0.4783548776051167,0.6452118338569107,0
2016-04-07,2041.910034,-0.041725735239320993,0.5251502473665501,0.6451482733061522,0
2016-04-08,2047.599976,-0.039055429057466506,0.5188506418530866,0.6450847127553938,0
2016-04-11,2041.98999,-0.041688211658047925,0.46580627727008067,0.645021152204635,0
2016-04-12,2061.719971,-0.032428874703089194,0.419946395675453,0.6449575916538764,0
2016-04-13,2082.419922,-0.022714328031192554,0.43287888675912406,0.644948214812147,0
2016-04-14,2082.780029,-0.02254532877808435,0.40094328342259,0.6449388379704176,0
2016-04-15,2080.72998,-0.023507422683049284,0.4224284839392357,0.6449294611286882,0
2016-04-18,2094.340088,-0.017120159767521015,0.3944198530966865,0.6449200842869587,0
2016-04-19,2100.800049,-0.014088481449387236,0.36896966980275664,0.6449107074452293,0
2016-04-20,2102.399902,-0.013337665824911804,0.342420542905238,0.6449013306034999,0
2016-04-21,2091.47998,-0.01846241669618065,0.3712951116756283,0.6448941790857612,0
2016-04-22,2091.580078,-0.018415440416248208,0.3267546131555824,0.6448914782160042,0
2016-04-25,2087.790039,-0.020194116643733384,0.3766403473798874,0.6448887773462472,0
2016-04-26,2091.699951,-0.018359183671814328,0.3726791685543252,0.6448860764764901,0
2016-04-27,2095.149902,-0.01674011172303258,0.3283024197819247,0.644883375606733,0
2016-04-28,2075.810059,-0.02581635579001884,0.38687909784749336,0.644880674736976,0
2016-04-29,2065.300049,-0.030748733778116488,0.43191170804696716,0.644877973867219,0
2016-05-02,2081.429932,-0.02317893319183817,0.38505016956565546,0.6448548577007237,0
2016-05-03,2063.370117,-0.031654456428744315,0.4179456651748106,0.6448215338858596,0
2016-05-04,2051.120117,-0.037403416739362205,0.4374502376533721,0.6447882100709952,0
2016-05-05,2050.629883,-0.03763348496866137,0.43420780101001255,0.6447548862561311,0
2016-05-06,2057.139893,-0.03457831851056137,0.39232731554600686,0.6447215624412669,0
2016-05-09,2058.689941,-0.03385087651614882,0.3597877184860451,0.6446882386264026,0
2016-05-10,2084.389893,-0.021789814962452247,0.3177879895951542,0.6446549148115384,0
2016-05-11,2064.459961,-0.031142989498069595,0.2933504233765194,0.644650172359426,0
2016-05-12,2064.110107,-0.03130717698872354,0.2782299880478438,0.6446454299073135,0
2016-05-13,2046.609985,-0.03952003468741494,0.3001621368629931,0.6446406874552012,0
2016-05-16,2066.659912,-0.030110546152412154,0.31133106808130717,0.6446359450030889,0
2016-05-17,2047.209961,-0.03923846422118449,0.31010203008129433,0.6446312025509764,0
2016-05-18,2047.630005,-0.03904133636120799,0.30833108511493096,0.644626460098864,0
2016-05-19,2040.040039,-0.04260332928308053,0.32875627027197163,0.6446200046165976,0
2016-05-20,2052.320068,-0.03569077375390817,0.32476014543590664,0.6446101230740232,0
2016-05-23,2048.040039,-0.03770180094097009,0.35491147329847617,0.6446002415314488,0
2016-05-24,2076.060059,-0.0245362308006698,0.32445670447403113,0.6445903599888744,0
2016-05-25,2090.540039,-0.017732624225080262,0.3231177734087206,0.6445804784463,0
2016-05-26,2090.100098,-0.01793933621504662,0.29798222991308226,0.6445705969037255,0
2016-05-27,2099.060059,-0.013729382225011744,0.27890912110387645,0.6445607153611511,0
2016-05-31,2096.949951,-0.014720843861284916,0.32152744649597564,0.6445573364497383,0
2016-06-01,2099.330078,-0.013602510292596515,0.29886269489079825,0.6445572088539064,0
2016-06-02,2105.26001,-0.010816254762685662,0.2526885004242174,0.6445570812580746,0
2016-06-03,2099.129883,-0.013696574512187865,0.22753377301250893,0.6445569536622427,0
2016-06-06,2109.409912,-0.008866369435823862,0.2404015480848933,0.6445568260664108,0
2016-06-07,2112.129883,-0.007588355752033427,0.24147375177016492,0.6445566984705791,0
2016-06-08,2119.120117,-0.004303903563058875,0.198087964698951,0.6445565708747472,0
2016-06-09,2115.47998,-0.00601426918713055,0.21917479498222855,0.6445399282338217,0
2016-06-10,2096.070068,-0.015134268311080445,0.3308859896981642,0.6445232855928962,0
2016-06-13,2079.060059,-0.02312664185601876,0.44716995964521183,0.6445066429519707,0
2016-06-14,2075.320068,-0.02488392517825011,0.4582866361398259,0.6444900003110452,0
2016-06-15,2071.5,-0.026678833718455253,0.4759299443774901,0.6444733576701198,0
2016-06-16,2077.98999,-0.0236294276668233,0.4588182761631508,0.6444567150291942,0
2016-06-17,2071.219971,-0.026810408979315747,0.43625979236248036,0.6444423962497537,0
2016-06-20,2083.25,-0.0211579436852386,0.4188683684011222,0.644432725193283,0
2016-06-21,2088.899902,-0.01850326388605128,0.39753460449394923,0.6444230541368121,0
2016-06-22,2085.449951,-0.020124268149113944,0.4211200212498361,0.6444133830803414,0
2016-06-23,2113.320068,-0.007029131879336958,0.39926829158853755,0.6444037120238706,0
2016-06-24,2037.410034,-0.042696446784165176,0.597677535082797,0.6443940409673998,0
2016-06-27,2000.540039,-0.06002029256461161,0.6451989542521369,0.6443843699109291,0
2016-06-28,2036.089966,-0.043316697870494414,0.6209350638996196,0.6444391725642634,0
2016-06-29,2070.77002,-0.02702182429772737,0.5841325383636219,0.6444295015077927,0
2016-06-30,2098.860107,-0.01382333226789867,0.5610853532188327,0.6444198304513219,0
2016-07-01,2102.949951,-0.011901665971982833,0.5231047504891306,0.6444101593948511,0
2016-07-05,2088.550049,-0.018667646859735654,0.549887948718455,0.6444004883383804,0
2016-07-06,2099.72998,-0.013414611146548516,0.5404493852277099,0.6443908172819096,0
2016-07-07,2097.899902,-0.014274497052098156,0.541983893817015,0.6443811462254389,0
2016-07-08,2129.899902,0.0,0.4876455026455025,0.644378969549634,0
2016-07-11,2137.159912,0.0,0.4982275132275131,0.6443767928738293,0
2016-07-12,2152.139893,0.0,0.4779100529100528,0.6443746161980245,0
2016-07-13,2152.429932,0.0,0.4583201058201057,0.6443724395222197,0
2016-07-14,2163.75,0.0,0.43898148148148136,0.644370262846415,0
2016-07-15,2161.73999,-0.0009289474292316635,0.4411015094018504,0.6443680861706101,0
2016-07-18,2166.889893,0.0,0.4362962962962962,0.6443659795209227,0
2016-07-19,2163.780029,-0.0014351739837110689,0.43587564793389233,0.6443640129234698,0
2016-07-20,2173.02002,0.0,0.42552910052910037,0.6443620463260169,0
2016-07-21,2165.169922,-0.003612529073708126,0.4525228655762803,0.644360079728564,0
2016-07-22,2175.030029,0.0,0.42768518518518506,0.644358113131111,0
2016-07-25,2168.47998,-0.003011475203867131,0.3859814951123653,0.6443561465336581,0
2016-07-26,2169.179932,-0.002689662635457779,0.3888096057445598,0.6443541799362053,0
2016-07-27,2166.580078,-0.0038849813047799886,0.3952175331212915,0.6443506760233318,0
2016-07-28,2170.060059,-0.0022850121302854243,0.34893249074681865,0.6443464034527482,0
2016-07-29,2173.600098,-0.0006574304634577866,0.29306404883128157,0.6443421308821644,0
2016-08-01,2170.840088,-0.0019263830586865316,0.3006582205169846,0.6443378583115807,0
2016-08-02,2157.030029,-0.008275747810376544,0.36084359578515013,0.6443335857409971,0
2016-08-03,2163.790039,-0.00516774014617527,0.36407165854578055,0.6443293131704133,0
2016-08-04,2164.25,-0.00495626674403038,0.33439990104521733,0.6443250405998296,0
2016-08-05,2182.870117,0.0,0.3719576719576718,0.6443219041790169,0
2016-08-08,2180.889893,-0.0009071652887535642,0.3039854237433296,0.6443187677582042,0
2016-08-09,2181.73999,-0.0005177252605176319,0.25603132322267397,0.6443156313373914,0
2016-08-10,2175.48999,-0.003380928137924566,0.276160288368684,0.6443124949165786,0
2016-08-11,2185.790039,0.0,0.26468253968253963,0.6443093584957659,0
2016-08-12,2184.050049,-0.0007960462665462797,0.2665901761547761,0.6443062220749531,0
2016-08-15,2190.149902,0.0,0.2623677248677248,0.6443005688127886,0
2016-08-16,2178.149902,-0.0054790770207289174,0.34190558025556245,0.6442898818679207,0
2016-08-17,2182.219971,-0.0036207252265055834,0.3055882565151929,0.6442791949230525,0
2016-08-18,2187.02002,-0.001429072045316171,0.29437361661310946,0.6442685079781846,0
2016-08-19,2183.870117,-0.002867285474051573,0.3097634938916131,0.6442578210333165,0
2016-08-22,2182.639893,-0.0034289931447807342,0.23686611452505957,0.6442471340884485,0
2016-08-23,2186.899902,-0.0014839166931140957,0.1685135042645411,0.6442364471435805,0
2016-08-24,2175.439941,-0.006716417440910005,0.19776869563808666,0.6442268585716698,0
2016-08-25,2172.469971,-0.00807247530584787,0.22685628253632956,0.644217819186238,0
2016-08-26,2169.040039,-0.009638547106169737,0.21665884911999622,0.644208779800806,0
2016-08-29,2180.379883,-0.004460890549582097,0.1840964549028847,0.6441997404153741,0
2016-08-30,2176.120117,-0.0064058560499390405,0.15453887911177866,0.6441907010299422,0
2016-08-31,2170.949951,-0.008766500860268533,0.1894615999741211,0.6441816616445103,0
2016-09-01,2170.860107,-0.0088075227099228,0.18436532354820362,0.6441726222590783,0
2016-09-02,2179.97998,-0.004643482161067136,0.1002414907625927,0.6441519929125105,0
2016-09-06,2186.47998,-0.0016756487748389448,0.08760601662504479,0.6441313635659428,0
2016-09-07,2186.159912,-0.0018217885434949066,0.08452741609346369,0.6441107342193751,0
2016-09-08,2181.300049,-0.004040752184094165,0.09630392907593942,0.6440901048728073,0
2016-09-09,2127.810059,-0.02846373343809605,0.23112737959661467,0.6440694755262395,0
2016-09-12,2159.040039,-0.014204444623443946,0.185352211855011,0.6440488461796717,0
2016-09-13,2127.02002,-0.02882445714896098,0.27154702053642504,0.6440313817831115,0
2016-09-14,2125.77002,-0.029395194338620256,0.27541973585184687,0.644020247286566,0
2016-09-15,2147.26001,-0.019583085139895706,0.25539123655940915,0.6440091127900205,0
2016-09-16,2139.159912,-0.023281506874683333,0.24666796697977866,0.643997978293475,0
2016-09-19,2139.120117,-0.02329967686385337,0.24204691382392557,0.6439868437969295,0
2016-09-20,2139.76001,-0.023007508277851252,0.23536033268474418,0.643975709300384,0
2016-09-21,2163.120117,-0.012341522822395423,0.16707173214877924,0.6439645748038385,0
2016-09-22,2177.179932,-0.005921955382212074,0.1278735422258502,0.6439519075362043,0
2016-09-23,2164.689941,-0.011624757271979647,0.15061637539304218,0.643938473883026,0
2016-09-26,2146.100098,-0.020112689072001366,0.2564235866747614,0.6439250402298475,0
2016-09-27,2159.929932,-0.013798128599509907,0.21676939453105204,0.6439116065766691,0
2016-09-28,2171.370117,-0.008574657370644334,0.19298800154318585,0.6438981729234907,0
2016-09-29,2151.129883,-0.01781614078760896,0.26180264936841113,0.6438847392703123,0
2016-09-30,2168.27002,-0.009990129890205202,0.21889291777300807,0.6438713056171339,0
2016-10-03,2161.199951,-0.01321825093961082,0.20902327678890856,0.6438154293240712,0
2016-10-04,2150.48999,-0.018108309373611076,0.22224584426420624,0.643759553031009,0
2016-10-05,2159.72998,-0.013889424633547365,0.20231545770840492,0.6437036767379467,0
2016-10-06,2160.77002,-0.013414553028160747,0.19599164352797271,0.643647800444884,0
2016-10-07,2153.73999,-0.01662439268049698,0.21992281619014126,0.6435919241518218,0
2016-10-10,2163.659912,-0.012095057957361655,0.24414369917846357,0.6435360478587591,0
2016-10-11,2136.72998,-0.024390988923277845,0.3299041073428539,0.6434984809582263,0
2016-10-12,2139.179932,-0.023272365947853757,0.34903795024853557,0.643497532842752,0
2016-10-13,2132.550049,-0.0262995025808056,0.3842578157953793,0.6434965847272779,0
2016-10-14,2132.97998,-0.026103200492255674,0.36687939614626225,0.6434956366118036,0
2016-10-17,2126.5,-0.02906189295165429,0.3975594567271702,0.6434946884963294,0
2016-10-18,2139.600098,-0.023080522458229558,0.38024953700278535,0.6434937403808553,0
2016-10-19,2144.290039,-0.020939143461423226,0.3297433742701099,0.643492792265381,0
2016-10-20,2141.340088,-0.022286060856121392,0.28673004551411807,0.6434513820993805,0
2016-10-21,2141.159912,-0.022368327371228514,0.2795404055438868,0.6433897409081171,0
2016-10-24,2151.330078,-0.017724733802262027,0.2091532784463122,0.6433280997168533,0
2016-10-25,2143.159912,-0.021455147867773694,0.23737316156831248,0.6432664585255901,0
2016-10-26,2139.429932,-0.023158218509921946,0.27637451829656234,0.6432048173343267,0
2016-10-27,2133.040039,-0.02607577816835671,0.3203120978231919,0.6431431761430629,0
2016-10-28,2126.409912,-0.029103026209207905,0.37779400182141976,0.6430815349517995,0
2016-10-31,2126.149902,-0.02922174411055445,0.4083729712395436,0.6430684460324583,0
2016-11-01,2111.719971,-0.03581030272328822,0.43955966485524733,0.6430553571131171,0
2016-11-02,2097.939941,-0.04210212319978457,0.5242527065699001,0.643042268193776,0
2016-11-03,2088.659912,-0.04633928933691778,0.5495886286857826,0.6430291792744347,0
2016-11-04,2085.179932,-0.04792821254113411,0.503109093144599,0.6430160903550934,0
2016-11-07,2131.52002,-0.02676980326618761,0.49581424010990116,0.6430030014357523,0
2016-11-08,2139.560059,-0.023098803855298944,0.47376353817133215,0.6429921060293746,0
2016-11-09,2163.26001,-0.012277649112257039,0.33921730591883537,0.642985597648924,0
2016-11-10,2167.47998,-0.010350854057659897,0.2974474798956468,0.6429790892684735,0
2016-11-11,2164.449951,-0.011734334246496725,0.26651506352965837,0.6429725808880229,0
2016-11-14,2164.199951,-0.011848481684428536,0.2734377547408909,0.6429660725075723,0
2016-11-15,2180.389893,-0.004456320086167365,0.22693488569070233,0.6429595641271219,0
2016-11-16,2176.939941,-0.006031532813318807,0.2351478922860354,0.6429530557466713,0
2016-11-17,2187.120117,-0.0013833687809374773,0.21393517481225718,0.6429246892797167,0
2016-11-18,2181.899902,-0.0037668654517512,0.20260224912411195,0.6428853937695103,0
2016-11-21,2198.179932,0.0,0.17720899470899465,0.6428460982593037,0
2016-11-22,2202.939941,0.0,0.1760714285714285,0.6428068027490973,0
2016-11-23,2204.719971,0.0,0.16388888888888883,0.6427675072388909,0
2016-11-25,2213.350098,0.0,0.1543518518518518,0.6427282117286843,0
2016-11-28,2201.719971,-0.0052545356518649555,0.1822313687081638,0.6426889162184779,0
2016-11-29,2204.659912,-0.003926259116374009,0.1787591299872678,0.6426836870228436,0
2016-11-30,2198.810059,-0.006569244970842325,0.19875610983802658,0.6426784578272093,0
2016-12-01,2191.080078,-0.010061679812933044,0.1809893596908635,0.642673228631575,0
2016-12-02,2191.949951,-0.009668667880123105,0.19321615806990428,0.6426679994359408,0
2016-12-05,2204.709961,-0.0039036467876487624,0.11197273593353826,0.6426627702403065,0
2016-12-06,2212.22998,-0.0005060735764359503,0.07326601845045326,0.6426575410446722,0
2016-12-07,2241.350098,0.0,0.07633597883597878,0.6426393781194603,0
2016-12-08,2246.189941,0.0,0.09367724867724864,0.6425953477350929,0
2016-12-09,2259.530029,0.0,0.09335978835978831,0.6425513173507252,0
2016-12-12,2256.959961,-0.0011374347616602831,0.13583582118489176,0.642507286966358,0
2016-12-13,2271.719971,0.0,0.1558333333333333,0.6424632565819903,0
2016-12-14,2253.280029,-0.00811717211425611,0.20882790812440882,0.6424192261976229,0
2016-12-15,2262.030029,-0.004265464988510215,0.18927199713965134,0.6423751958132555,0
2016-12-16,2258.070068,-0.00600862041723893,0.1906759529662951,0.6423545019712072,0
2016-12-19,2262.530029,-0.0040453674384676175,0.1755819541536743,0.6423454764003185,0
2016-12-20,2270.76001,-0.00042257012847291,0.17138010002718332,0.6423364508294298,0
2016-12-21,2265.179932,-0.0028788931221663816,0.16850758179950964,0.6423274252585411,0
2016-12-22,2260.959961,-0.004736503678868242,0.1981176668485043,0.6423183996876525,0
2016-12-23,2263.790039,-0.0034907172104091666,0.18118621514984543,0.6423093741167637,0
2016-12-27,2268.879883,-0.0012501928214109226,0.17974097212643378,0.642300348545875,0
2016-12-28,2249.919922,-0.009596274751418221,0.21016632335249547,0.642274445799239,0
2016-12-29,2249.26001,-0.009886764780305812,0.21891438228663146,0.642248543052603,0
2016-12-30,2238.830078,-0.014477969740928076,0.25581271712826703,0.6422226403059672,0
2017-01-03,2257.830078,-0.006114262839308382,0.19813076620082076,0.6421967375593312,0
2017-01-04,2270.75,-0.00042697648142475675,0.1812531125184504,0.6421708348126952,0
2017-01-05,2269.0,-0.001197317906573958,0.14605318360429081,0.6421449320660592,0
2017-01-06,2276.97998,0.0,0.06698412698412694,0.6421268766278424,0
2017-01-09,2268.899902,-0.003548594221719936,0.06031651412426493,0.6421245158064636,0
2017-01-10,2268.899902,-0.003548594221719936,0.06265778396553479,0.6421221549850847,0
2017-01-11,2275.320068,-0.0007289971868791323,0.056417124666582955,0.642119794163706,0
2017-01-12,2270.439941,-0.0028722426448386518,0.06855251127962644,0.6421174333423272,0
2017-01-13,2274.639893,-0.0010277152283086899,0.05430204134275346,0.6421150725209483,0
2017-01-17,2267.889893,-0.0039921681700513245,0.13628531079877051,0.6421127116995695,0
2017-01-18,2271.889893,-0.002235455315685364,0.1583042395005155,0.6421021844341341,0
2017-01-19,2263.689941,-0.005836695586581286,0.1919378971377599,0.6420875739466705,0
2017-01-20,2271.310059,-0.002490105775984963,0.13376855021160516,0.6420729634592067,0
2017-01-23,2265.199951,-0.005173532092276001,0.17005744485993748,0.6420583529717431,0
2017-01-24,2280.070068,0.0,0.13461640211640205,0.6420437424842794,0
2017-01-25,2298.370117,0.0,0.16800264550264543,0.6420291319968157,0
2017-01-26,2296.679932,-0.0007353841696332575,0.1457634133845122,0.642014521509352,0
2017-01-27,2294.689941,-0.0016012112117100852,0.18002991906251764,0.642001303301666,0
2017-01-30,2280.899902,-0.0076011321548172806,0.22849966546408754,0.6419880850939801,0
2017-01-31,2278.870117,-0.008484273205506487,0.2558557310212109,0.6419748668862941,0
2017-02-01,2279.550049,-0.008188440956831355,0.2489002032222716,0.6419616486786082,0
2017-02-02,2280.850098,-0.007622801423675107,0.24963677969782802,0.6419484304709222,0
2017-02-03,2297.419922,-0.0004134212296669215,0.22751991499940977,0.6419352122632362,0
2017-02-06,2292.560059,-0.0025279035595815458,0.20623454247255596,0.6419195484331391,0
2017-02-07,2293.080078,-0.0023016480073735357,0.2026826125294831,0.6418989933582199,0
2017-02-08,2294.669922,-0.0016099212971101284,0.20808269920732572,0.6418784382833004,0
2017-02-09,2307.870117,0.0,0.18843915343915338,0.6418578832083811,0
2017-02-10,2316.100098,0.0,0.17533068783068778,0.6418373281334617,0
2017-02-13,2328.25,0.0,0.1719576719576719,0.6418167730585423,0
2017-02-14,2337.580078,0.0,0.13871693121693116,0.6417962179836231,0
2017-02-15,2349.25,0.0,0.16441798941798935,0.6417880994216488,0
2017-02-16,2347.219971,-0.0008641179099713181,0.1748993753543994,0.6417861991161473,0
2017-02-17,2351.159912,0.0,0.17919312169312163,0.6417842988106458,0
2017-02-21,2365.379883,0.0,0.15534391534391528,0.6417823985051442,0
2017-02-22,2362.820068,-0.0010822003765219579,0.1607959949491808,0.6417804981996427,0
2017-02-23,2363.810059,-0.0006636667586811251,0.1548043366183538,0.641778597894141,0
2017-02-24,2367.340088,0.0,0.16781746031746025,0.6417766975886395,0
2017-02-27,2369.75,0.0,0.18003968253968247,0.641767333993661,0
2017-02-28,2363.639893,-0.002578376200021104,0.16034272868870253,0.6417579703986827,0
2017-03-01,2395.959961,0.0,0.2102513227513227,0.6417486068037043,0
2017-03-02,2381.919922,-0.005859880477359969,0.1969260364670118,0.6417392432087259,0
2017-03-03,2383.120117,-0.005358955996343617,0.18779318105804613,0.6417298796137474,0
2017-03-06,2375.310059,-0.008618634007298454,0.2184772814436787,0.641720516018769,0
2017-03-07,2368.389893,-0.011506898466071669,0.24358341043441817,0.6417007495745468,0
2017-03-08,2362.97998,-0.013764829770458786,0.26082996503671974,0.6416601774318373,0
2017-03-09,2364.870117,-0.012975944717800725,0.26412933471956185,0.6416196052891275,0
2017-03-10,2372.600098,-0.009749688383878685,0.23687158373261202,0.641579033146418,0
2017-03-13,2373.469971,-0.009386630146612895,0.2122957022076814,0.6415384610037083,0
2017-03-14,2365.449951,-0.01273393983898885,0.23677543680149554,0.6414978888609987,0
2017-03-15,2385.26001,-0.004465830470528509,0.21128492249056005,0.6414573167182892,0
2017-03-16,2381.379883,-0.006085276147066665,0.18412772820187676,0.6414380150623868,0
2017-03-17,2378.25,-0.007391593051750522,0.19398895928114818,0.6414293486498881,0
2017-03-20,2373.469971,-0.009386630146612895,0.20586713077911,0.6414206822373895,0
2017-03-21,2344.02002,-0.021678133961104185,0.2813179935575577,0.6414120158248907,0
2017-03-22,2348.449951,-0.01982921700418183,0.277683949293907,0.6414033494123921,0
2017-03-23,2345.959961,-0.0208684622505676,0.2773569695154958,0.6413946829998933,0
2017-03-24,2343.97998,-0.02169484542567446,0.2798697933467881,0.6413860165873947,0
2017-03-27,2341.590088,-0.022692312845373208,0.28262760081127314,0.6413841895567945,0
2017-03-28,2358.570068,-0.015605391412465308,0.25268149614998475,0.6413823625261945,0
2017-03-29,2361.129883,-0.014537003358546463,0.18950789609374774,0.6413805354955944,0
2017-03-30,2368.060059,-0.011644561033630763,0.19060045736734096,0.6413787084649942,0
2017-03-31,2362.719971,-0.013873349530484913,0.22334114112970352,0.6413768814343941,0
2017-04-03,2358.840088,-0.015492693368927335,0.1987499622014429,0.641375054403794,0
2017-04-04,2360.159912,-0.014941839422499381,0.1791206834974754,0.6413495223741001,0
2017-04-05,2352.949951,-0.017951055401630667,0.2100201024607927,0.6412765803462194,0
2017-04-06,2357.48999,-0.01605618275187859,0.19246847750331242,0.641203638318338,0
2017-04-07,2355.540039,-0.01687003232855777,0.1921091181593486,0.6411306962904573,0
2017-04-10,2357.159912,-0.016193947157533417,0.2095253291816326,0.6410577542625759,0
2017-04-11,2353.780029,-0.017604606373470166,0.2405170620396985,0.6409848122346951,0
2017-04-12,2344.929932,-0.021298364676637482,0.2562723233262506,0.6409118702068143,0
2017-04-13,2328.949951,-0.027967917281903176,0.28331017798696095,0.6408609429625056,0
2017-04-17,2349.01001,-0.019595465602190054,0.24278704549511473,0.6408210231099836,0
2017-04-18,2342.189941,-0.02244195265164528,0.25212875588038697,0.6407811032574612,0
2017-04-19,2338.169922,-0.024119784946606604,0.2455178160100019,0.6407411834049391,0
2017-04-20,2355.840088,-0.01674480110396137,0.2469323856633779,0.6407012635524171,0
2017-04-21,2348.689941,-0.019729052559071536,0.25650555090157356,0.6406613436998947,0
2017-04-24,2374.149902,-0.009102847858483032,0.2539260629328251,0.6406214238473726,0
2017-04-25,2388.610107,-0.0030676030149237032,0.23106207599886078,0.6405821010161666,0
2017-04-26,2387.449951,-0.0035518164487390314,0.20590239137869842,0.6405427781849609,0
2017-04-27,2388.77002,-0.0030008602468462042,0.19025447144965452,0.640503455353755,0
2017-04-28,2384.199951,-0.004908266495025959,0.20427616318027447,0.640464132522549,0
2017-05-01,2388.330078,-0.0031844785072350223,0.19699597738328511,0.6404248096913432,0
2017-05-02,2391.169922,-0.001999214961004969,0.2011953542495022,0.6403854868601372,0
2017-05-03,2388.129883,-0.0032680337432400286,0.20675232832257578,0.6403591652002238,0
2017-05-04,2389.52002,-0.0026878333130876397,0.20934973860004372,0.6403588458828953,0
2017-05-05,2399.290039,0.0,0.1866666666666666,0.6403585265655667,0
2017-05-08,2399.379883,0.0,0.1696693121693121,0.6403582072482381,0
2017-05-09,2396.919922,-0.0010252486558836038,0.17451072166748358,0.6403578879309094,0
2017-05-10,2399.629883,0.0,0.16128306878306872,0.6403575686135808,0
2017-05-11,2394.439941,-0.0021628093718817354,0.16972500087588768,0.6403572492962523,0
2017-05-12,2390.899902,-0.003638053127212215,0.15313550502249587,0.6403332092354755,0
2017-05-15,2402.320068,0.0,0.17324074074074067,0.6402973088029749,0
2017-05-16,2400.669922,-0.0006868968136181097,0.13942215977422528,0.640261408370474,0
2017-05-17,2357.030029,-0.018852624845158594,0.34747764716868756,0.6402255079379733,0
2017-05-18,2365.719971,-0.015235312516233779,0.3207823750194804,0.6401896075054726,0
2017-05-19,2381.72998,-0.008570917869883066,0.2464755776343358,0.6401537070729718,0
2017-05-22,2394.02002,-0.003455013389165096,0.16176506368604568,0.6401178066404711,0
2017-05-23,2398.419922,-0.0016234914123024469,0.1360619463085195,0.640100306186062,0
2017-05-24,2404.389893,0.0,0.11472222222222217,0.6400828057316529,0
2017-05-25,2415.070068,0.0,0.11316137566137562,0.6400653052772438,0
2017-05-26,2415.820068,0.0,0.11220899470899466,0.6400478048228346,0
2017-05-30,2412.909912,-0.0012046244828196606,0.13746406789790205,0.6400303043684255,0
2017-05-31,2411.800049,-0.001664039078592472,0.1424862648837289,0.6400128039140163,0
2017-06-01,2430.060059,0.0,0.1557539682539682,0.6400003126468112,0
2017-06-02,2439.070068,0.0,0.16771164021164015,0.639997839754014,0
2017-06-05,2436.100098,-0.0012176648957179514,0.21154056295422657,0.6399953668612168,0
2017-06-06,2429.330078,-0.003993321113561432,0.2329930435373318,0.6399928939684196,0
2017-06-07,2433.139893,-0.002431326216414398,0.22937261791472363,0.6399904210756223,0
2017-06-08,2433.790039,-0.0021647713484219677,0.23046809598847667,0.6399879481828251,0
2017-06-09,2431.77002,-0.0029929636281363914,0.20306245582466306,0.6399854752900279,0
2017-06-12,2429.389893,-0.003968797422838066,0.23559589024073896,0.639979622082735,0
2017-06-13,2440.350098,0.0,0.2000925925925925,0.6399720787181942,0
2017-06-14,2437.919922,-0.000995830885900939,0.2080468489149329,0.6399645353536534,0
2017-06-15,2432.459961,-0.0032331987965440456,0.22025549993151416,0.6399569919891126,0
2017-06-16,2433.149902,-0.0029504766573864583,0.21552469897299067,0.6399494486245717,0
2017-06-19,2453.459961,0.0,0.24026455026455018,0.6399419052600309,0
2017-06-20,2437.030029,-0.0066966375083225005,0.2521232665972885,0.6399343618954901,0
2017-06-21,2435.610107,-0.007275380191134051,0.24728865728756186,0.6399273289477951,0
2017-06-22,2434.5,-0.007727846103619429,0.2391411401920681,0.6399202960001001,0
2017-06-23,2438.300049,-0.006178993030650948,0.24241479163678106,0.6399132630524051,0
2017-06-26,2439.070068,-0.005865142789668765,0.24344028774971882,0.6399062301047101,0
2017-06-27,2419.379883,-0.013890619183412056,0.275293081644433,0.6398991971570152,0
2017-06-28,2440.689941,-0.005204902547011669,0.2194072587177896,0.63989216420932,0
2017-06-29,2419.699951,-0.013760163416826177,0.1804672225552178,0.6398827992133395,0
2017-06-30,2423.409912,-0.01224802910080991,0.15710504232837924,0.6398687701207877,0
2017-07-03,2429.01001,-0.009965498271279905,0.15324166670860462,0.6398547410282357,0
2017-07-05,2432.540039,-0.008526702017779497,0.14335373554302844,0.6398407119356839,0
2017-07-06,2409.75,-0.01781564064415564,0.20301898041319832,0.6398266828431319,0
2017-07-07,2425.179932,-0.011526590794036617,0.15865995128088622,0.63981265375058,0
2017-07-10,2427.429932,-0.01060951856307879,0.1733795704238426,0.6397986246580283,0
2017-07-11,2425.530029,-0.011383895577662506,0.15938818792070816,0.6397916965704042,0
2017-07-12,2443.25,-0.004161454094338879,0.13811543803489973,0.6397883189852444,0
2017-07-13,2447.830078,-0.002294670827929668,0.12012132986124043,0.6397849414000844,0
2017-07-14,2459.27002,0.0,0.06869047619047615,0.6397815638149243,0
2017-07-17,2459.139893,-5.291285582376126e-05,0.07321164357513663,0.6397781862297645,0
2017-07-18,2460.610107,0.0,0.05272486772486769,0.6397748086446045,0
2017-07-19,2473.830078,0.0,0.053306878306878275,0.6397714310594445,0
2017-07-20,2473.449951,-0.0001536593007661624,0.0572214281979564,0.6397235008198935,0
2017-07-21,2472.540039,-0.0005214743775138198,0.07327127189851919,0.6396755705803429,0
2017-07-24,2469.909912,-0.0015846545140113522,0.07979841081363898,0.6396276403407922,0
2017-07-25,2477.129883,0.0,0.06965608465608461,0.6395797101012413,0
2017-07-26,2477.830078,0.0,0.07078042328042325,0.6395317798616906,0
2017-07-27,2475.419922,-0.0009726881683288502,0.08565135278612156,0.6394838496221397,0
2017-07-28,2472.100098,-0.002312499170494031,0.09042050165009544,0.6394467306352605,0
2017-07-31,2470.300049,-0.0030389610114338605,0.0801679172348846,0.6394312341537238,0
2017-08-01,2476.350098,-0.0005972887378922209,0.08826965653838068,0.6394157376721872,0
2017-08-02,2477.570068,-0.00010493455637194948,0.10015237649410132,0.6394002411906505,0
2017-08-03,2472.159912,-0.0022883595006549795,0.0793068779616325,0.6393847447091138,0
2017-08-04,2476.830078,-0.00040357892531805994,0.06454514127122819,0.6393692482275772,0
2017-08-07,2480.909912,0.0,0.05502645502645499,0.6393537517460406,0
2017-08-08,2474.919922,-0.002414432693031987,0.08707721341153252,0.639335675498718,0
2017-08-09,2474.02002,-0.002777163316843634,0.10158656423418057,0.6393163093685026,0
2017-08-10,2438.209961,-0.0172114073120766,0.3524658580866611,0.639296943238287,0
2017-08-11,2441.320068,-0.01595779186036006,0.30991654599962776,0.6392775771080715,0
2017-08-14,2465.840088,-0.006074313269945231,0.2386648372995956,0.6392582109778562,0
2017-08-15,2464.610107,-0.00657009144957621,0.22925977111515275,0.6392388448476406,0
2017-08-16,2468.110107,-0.005159318739502927,0.19653509783131878,0.6392194787174251,0
2017-08-17,2430.01001,-0.02051662648200181,0.3068289464873968,0.6391913420181353,0
2017-08-18,2425.550049,-0.022314338272513723,0.32458143873124917,0.6391632053188457,0
2017-08-21,2428.370117,-0.02117763113681337,0.3114845859356045,0.6391350686195562,0
2017-08-22,2452.51001,-0.011447373345816247,0.27617071044884184,0.6391069319202665,0
2017-08-23,2444.040039,-0.014861431614934029,0.29968556978977257,0.6390787952209769,0
2017-08-24,2438.969971,-0.01690506406425296,0.29429401338503997,0.6390506585216871,0
2017-08-25,2443.050049,-0.015260474722147088,0.2640268553808621,0.639004016675354,0
2017-08-28,2444.23999,-0.014780835782319257,0.2685967912985714,0.6389203645349341,0
2017-08-29,2446.300049,-0.013950471491364747,0.2592405657896376,0.6388367123945137,0
2017-08-30,2457.590088,-0.009399706086546611,0.25266853619274476,0.6387530602540937,0
2017-08-31,2471.649902,-0.0037325055437159582,0.23736260453605695,0.6386694081136733,0
2017-09-01,2476.550049,-0.0017573644971595748,0.23060090088865492,0.6385857559732534,0
2017-09-05,2457.850098,-0.009294901797304855,0.29823060173348526,0.6385021038328335,0
2017-09-06,2465.540039,-0.00619525639591223,0.2799475351883221,0.6384707573771348,0
2017-09-07,2465.100098,-0.006372586897867238,0.279075675706012,0.6384655637637969,0
2017-09-08,2461.429932,-0.007851949764792643,0.2698456201410315,0.6384603701504591,0
2017-09-11,2488.110107,0.0,0.2869312169312168,0.6384551765371212,0
2017-09-12,2496.47998,0.0,0.2704497354497354,0.6384499829237834,0
2017-09-13,2498.370117,0.0,0.27255291005290994,0.6384447893104456,0
2017-09-14,2495.620117,-0.0011007176163723154,0.27927059658938214,0.6384395956971077,0
2017-09-15,2500.22998,0.0,0.26753968253968247,0.6384368822719596,0
2017-09-18,2503.870117,0.0,0.2599999999999999,0.6384341688468114,0
2017-09-19,2506.649902,0.0,0.25199735449735444,0.6384314554216632,0
2017-09-20,2508.23999,0.0,0.2316931216931216,0.6384287419965151,0
2017-09-21,2500.600098,-0.003045917468208481,0.23116832847507762,0.638426028571367,0
2017-09-22,2502.219971,-0.002400096890250114,0.23405736494554874,0.6384233151462188,0
2017-09-25,2496.659912,-0.004616814198867725,0.2644952034936676,0.6384189594455137,0
2017-09-26,2496.840088,-0.0045449805622468364,0.27263651635723585,0.6384113191936951,0
2017-09-27,2507.040039,-0.0004784035837017697,0.275084666311024,0.6384036789418763,0
2017-09-28,2510.060059,0.0,0.2558730158730158,0.6383960386900576,0
2017-09-29,2519.360107,0.0,0.24921957671957662,0.6383883984382388,0
2017-10-02,2529.120117,0.0,0.23791005291005285,0.63838075818642,0
2017-10-03,2534.580078,0.0,0.16571428571428565,0.6383731179346014,0
2017-10-04,2537.73999,0.0,0.17219576719576712,0.6383553780082082,0
2017-10-05,2552.070068,0.0,0.1683597883597883,0.6383325882445281,0
2017-10-06,2549.330078,-0.0010736343152785155,0.14275661514658813,0.6383097984808478,0
2017-10-09,2544.72998,-0.0028761310639688897,0.10021061653602188,0.6382870087171676,0
2017-10-10,2550.639893,-0.0005603980149028187,0.07800051994592566,0.6382642189534875,0
2017-10-11,2555.23999,0.0,0.07787037037037034,0.6382414291898072,0
2017-10-12,2550.929932,-0.001686752718675133,0.07886272760103445,0.638218639426127,0
2017-10-13,2553.169922,-0.0008101266448948818,0.05602506202678388,0.6382170641843261,0
2017-10-16,2557.639893,0.0,0.04461640211640208,0.6382154889425253,0
2017-10-17,2559.360107,0.0,0.05667989417989414,0.6382139137007246,0
2017-10-18,2561.26001,0.0,0.042037037037037005,0.6382123384589237,0
2017-10-19,2562.100098,0.0,0.050515873015872986,0.6382107632171228,0
2017-10-20,2575.209961,0.0,0.04249999999999997,0.638209187975322,0
2017-10-23,2564.97998,-0.003972484245916563,0.06291512924324799,0.6382010022138209,0
2017-10-24,2569.129883,-0.002361002827761305,0.05427500233511247,0.6381795954129195,0
2017-10-25,2557.149902,-0.0070130433143349435,0.10338919695074686,0.6381581886120178,0
2017-10-26,2560.399902,-0.0057510102959716924,0.09146470441865806,0.6381367818111163,0
2017-10-27,2581.070068,0.0,0.07292328042328039,0.6381153750102148,0
2017-10-30,2572.830078,-0.003192470480425591,0.09733625558180167,0.6380939682093132,0
2017-10-31,2575.26001,-0.002251026840391801,0.08491022691746483,0.6380725614084117,0
2017-11-01,2579.360107,-0.0006625008058479542,0.07541140308341962,0.6380582018269654,0
2017-11-02,2579.850098,-0.0004726605508023063,0.06990581699958706,0.6380473658552466,0
2017-11-03,2587.840088,0.0,0.06140211640211637,0.6380365298835278,0
2017-11-06,2591.129883,0.0,0.04958994708994705,0.638025693911809,0
2017-11-07,2590.639893,-0.00018910283240325398,0.049578775250735715,0.6380148579400903,0
2017-11-08,2594.379883,0.0,0.04783068783068779,0.6380040219683715,0
2017-11-09,2584.620117,-0.003761887788273466,0.08446135529301807,0.6379931859966527,0
2017-11-10,2582.300049,-0.004656154666922485,0.11868262369554503,0.6379903776602351,0
2017-11-13,2584.840088,-0.0036771002822334475,0.12281199123815098,0.6379875693238176,0
2017-11-14,2578.870117,-0.005978217030447208,0.13712095038362654,0.6379847609874001,0
2017-11-15,2564.620117,-0.011470859065399353,0.21950577161921986,0.6379819526509826,0
2017-11-16,2585.639893,-0.003368816593618318,0.1993203576901197,0.637979144314565,0
2017-11-17,2578.850098,-0.005985933325246995,0.1871698924770688,0.6379763359781476,0
2017-11-20,2582.139893,-0.004717886567115359,0.1772884480075225,0.6379667833270863,0
2017-11-21,2599.030029,0.0,0.18390211640211634,0.637943742046738,0
2017-11-22,2597.080078,-0.0007502610505620844,0.15802994289030406,0.6379207007663895,0
2017-11-24,2602.419922,0.0,0.17402116402116394,0.637897659486041,0
2017-11-27,2601.419922,-0.0003842577408612602,0.17244523627316044,0.6378746182056926,0
2017-11-28,2627.040039,0.0,0.1714682539682539,0.6378515769253442,0
2017-11-29,2626.070068,-0.000369225815214147,0.178048891084077,0.6378285356449959,0
2017-11-30,2647.580078,0.0,0.1372619047619047,0.6378167644433664,0
2017-12-01,2642.219971,-0.002024530643865985,0.16223102407422643,0.6378106282810967,0
2017-12-04,2639.439941,-0.0030745574298735034,0.13620269642907568,0.6378044921188268,0
2017-12-05,2629.570068,-0.0068024420298572474,0.15079520556810377,0.6377983559565571,0
2017-12-06,2629.27002,-0.006915771179934027,0.15458199419898955,0.6377922197942874,0
2017-12-07,2636.97998,-0.004003693066011893,0.13670919358397612,0.6377860836320175,0
2017-12-08,2651.5,0.0,0.13599206349206344,0.6377799474697478,0
2017-12-11,2659.98999,0.0,0.12571428571428567,0.6377751503460745,0
2017-12-12,2664.110107,0.0,0.1172619047619047,0.6377703532224012,0
2017-12-13,2662.850098,-0.0004729568033579046,0.11047495557143686,0.637765556098728,0
2017-12-14,2652.01001,-0.004541890730494491,0.12092645935278382,0.6377607589750546,0
2017-12-15,2675.810059,0.0,0.08818783068783065,0.6377559618513814,0
2017-12-18,2690.159912,0.0,0.10318783068783063,0.6377511647277081,0
2017-12-19,2681.469971,-0.003230269308986733,0.12097949777395862,0.6377339967678342,0
2017-12-20,2679.25,-0.004055488282066144,0.10923166530355868,0.6376920871355591,0
2017-12-21,2684.570068,-0.002077885398211965,0.08964954713393898,0.6376501775032839,0
2017-12-22,2683.340088,-0.0025350998539450664,0.10333312511573933,0.6376082678710089,0
2017-12-26,2680.5,-0.003590831889550561,0.1182772522357146,0.6375663582387336,0
2017-12-27,2682.620117,-0.002802731156005822,0.1062336477575773,0.6375244486064587,0
2017-12-28,2687.540039,-0.0009738725896232259,0.09128769472659545,0.6374825389741837,0
2017-12-29,2673.610107,-0.006151978150509385,0.15601993991817734,0.6374579453730697,0
2018-01-02,2695.810059,0.0,0.1034259259259259,0.6374420097875363,0
2018-01-03,2713.060059,0.0,0.11699735449735443,0.6374260742020028,0
2018-01-04,2723.98999,0.0,0.10607142857142852,0.6374101386164696,0
2018-01-05,2743.149902,0.0,0.09685185185185181,0.6373942030309362,0
2018-01-08,2747.709961,0.0,0.09529100529100525,0.6373782674454027,0
2018-01-09,2751.290039,0.0,0.07952380952380948,0.6373623318598693,0
2018-01-10,2748.22998,-0.0011122269759360481,0.09018387872032957,0.6373526310394889,0
2018-01-11,2767.560059,0.0,0.0967460317460317,0.6373429302191085,0
2018-01-12,2786.23999,0.0,0.11097883597883593,0.6373332293987282,0
2018-01-16,2776.419922,-0.0035244874939864834,0.11893837970177845,0.6373235285783477,0
2018-01-17,2802.560059,0.0,0.1296296296296296,0.6373138277579673,0
2018-01-18,2798.030029,-0.0016163899808150362,0.1332227367600468,0.6373041269375869,0
2018-01-19,2810.300049,0.0,0.10764550264550261,0.6372897718846655,0
2018-01-22,2832.969971,0.0,0.10698412698412695,0.6372661083666622,0
2018-01-23,2839.129883,0.0,0.09808201058201053,0.6372424448486587,0
2018-01-24,2837.540039,-0.0005599757903009817,0.11875398153037173,0.6372187813306553,0
2018-01-25,2839.25,0.0,0.12191798941798937,0.6371951178126519,0
2018-01-26,2872.870117,0.0,0.13039682539682534,0.6371714542946485,0
2018-01-29,2853.530029,-0.006731974371398275,0.22981117347848207,0.6371477907766452,0
2018-01-30,2822.429932,-0.01755741921694398,0.38494456443599406,0.6371361283940461,0
2018-01-31,2823.810059,-0.01707701914879156,0.371709354195481,0.6371304665791493,0
2018-02-01,2821.97998,-0.017714040289834587,0.36056901765997074,0.6371248047642525,0
2018-02-02,2762.129883,-0.03854689891641905,0.5140869665303907,0.6371191429493557,0
2018-02-05,2648.939941,-0.07794650188844576,0.6964987652290977,0.6371134811344589,0
2018-02-06,2695.139893,-0.06186503975529356,0.5773597408280453,0.637163566455314,0
2018-02-07,2681.659912,-0.06655720489016448,0.5584665294660808,0.6371399029373107,0
2018-02-08,2581.0,-0.10159530543092765,0.6249831495858961,0.6371342411224139,0
2018-02-09,2619.550049,-0.08817665180928191,0.5821215059806619,0.6371285793075171,0
2018-02-12,2656.0,-0.07548900861082675,0.5522667045128862,0.6371229174926203,0
2018-02-13,2662.939941,-0.07307332648202691,0.5449234415138818,0.6371172556777234,0
2018-02-14,2698.629883,-0.06065023022410443,0.5241559376445866,0.6371115938628267,0
2018-02-15,2731.199951,-0.04931311205531952,0.5125355228261717,0.6371059320479298,0
2018-02-16,2732.219971,-0.048958059456887026,0.5009586660572589,0.6371009648483781,0
2018-02-20,2716.26001,-0.05451346584493011,0.51693732303508,0.6370973868795164,0
2018-02-21,2701.330078,-0.05971033566220907,0.5157793869216348,0.6370938089106548,0
2018-02-22,2703.959961,-0.05879491557954064,0.5210829992245491,0.6370902309417932,0
2018-02-23,2747.300049,-0.0437089262257101,0.5063660553861958,0.6370866529729317,0
2018-02-26,2779.600098,-0.03246579733907273,0.48876054410847447,0.63708307500407,0
2018-02-27,2744.280029,-0.04476014673934525,0.5182756681507062,0.6370794970352084,0
2018-02-28,2713.830078,-0.055359286192192325,0.5427406672401545,0.6370628274317195,0
2018-03-01,2677.669922,-0.06794605640015428,0.5729373840823013,0.637039612010917,0
2018-03-02,2691.25,-0.06321904910537934,0.567384022947619,0.6370163965901143,0
2018-03-05,2720.939941,-0.05288445694114885,0.5464772213452516,0.6369931811693118,0
2018-03-06,2728.120117,-0.05038515286279477,0.4960441940173642,0.6369699657485094,0
2018-03-07,2726.800049,-0.0508446473565376,0.5154051112193794,0.6369467503277068,0
2018-03-08,2738.969971,-0.04660849274307788,0.5187741066356086,0.6369235349069042,0
2018-03-09,2786.570068,-0.030039662597109995,0.4727142617831985,0.636891806251649,0
2018-03-12,2783.02002,-0.03127537735462482,0.5162738390689359,0.636860077596394,0
2018-03-13,2765.310059,-0.03743993066847029,0.5442400861143335,0.6368283489411389,0
2018-03-14,2749.47998,-0.042950127215932166,0.5649660785850443,0.6367966202858838,0
2018-03-15,2747.330078,-0.043698473612547195,0.557557215954104,0.6367648916306288,0
2018-03-16,2752.01001,-0.04206946436068204,0.5263828281322892,0.6367331629753735,0
2018-03-19,2712.919922,-0.05567609689470687,0.5987689882313201,0.6367113558985098,0
2018-03-20,2716.939941,-0.05427679277155428,0.5854628391565527,0.6367093919784284,0
2018-03-21,2711.929932,-0.05602069653189268,0.5905184866319219,0.636707428058347,0
2018-03-22,2643.689941,-0.0797739426658528,0.6648424878127799,0.6367054641382657,0
2018-03-23,2588.26001,-0.09906821241790231,0.7366728601924879,0.6367860440674653,0
2018-03-26,2658.550049,-0.07460137746282947,0.658384086817829,0.6369544888013076,1
2018-03-27,2612.620117,-0.09058884996575012,0.6423441860964662,0.6370794970352084,1
2018-03-28,2605.0,-0.09324129044849538,0.6294689136175593,0.6370997721920908,0
2018-03-29,2640.870117,-0.08075547816351214,0.5962187431083837,0.6370961942232293,0
2018-04-02,2581.879883,-0.1012890322740615,0.6172346694167042,0.6370926162543676,0
2018-04-03,2614.449951,-0.08995191410527659,0.6081407096247444,0.637089038285506,0
2018-04-04,2644.689941,-0.07942585870825147,0.5587898664287375,0.6370854603166445,0
2018-04-05,2662.840088,-0.07310808370944533,0.5475577427793765,0.6370818823477828,0
2018-04-06,2604.469971,-0.09342578504045884,0.5835262859638943,0.6370783043789212,0
2018-04-09,2613.159912,-0.09040095598585662,0.5490367027385833,0.6370550889581186,0
2018-04-10,2656.870117,-0.07518613484189063,0.5444958485827553,0.637031873537316,0
2018-04-11,2642.189941,-0.0802960686022548,0.564305017772441,0.6370086581165136,0
2018-04-12,2663.98999,-0.07270782127043163,0.5502652585403909,0.636985442695711,0
2018-04-13,2656.300049,-0.07538456636743252,0.5396942838737231,0.6369622272749085,0
2018-04-16,2677.840088,-0.06788682434542515,0.5253133955637164,0.6369390118541058,0
2018-04-17,2706.389893,-0.057949095232278425,0.4893934116332313,0.6369129586884859,0
2018-04-18,2708.639893,-0.057165906327675375,0.4797895637836865,0.6368812300332308,0
2018-04-19,2693.129883,-0.06256469199091186,0.4913210166324804,0.6368495013779756,0
2018-04-20,2670.139893,-0.07056713869532716,0.4957916775455035,0.6368177727227206,0
2018-04-23,2670.290039,-0.07051487528142919,0.45844060166046624,0.6367860440674653,0
2018-04-24,2634.560059,-0.08295190812484621,0.4907989035064291,0.6367543154122103,0
2018-04-25,2639.399902,-0.08126723641923694,0.5144254456078461,0.6367225867569553,0
2018-04-26,2666.939941,-0.07168099065162148,0.4829748607396176,0.6367107012584826,0
2018-04-27,2669.909912,-0.07064719139198028,0.4525014973952439,0.6367087373384013,0
2018-04-30,2648.050049,-0.07825625901764355,0.4694895214031827,0.6367067734183198,0
2018-05-01,2654.800049,-0.07590669230383451,0.4636541683307388,0.6367048094982385,0
2018-05-02,2635.669922,-0.08256558261941083,0.4820284345930283,0.6367028455781572,0
2018-05-03,2629.72998,-0.08463318113869323,0.483371986678601,0.6367008816580757,0
2018-05-04,2663.419922,-0.07290625279597351,0.448334064201729,0.6366989177379944,0
2018-05-07,2672.629883,-0.06970041312173947,0.431828326433918,0.6366940934902393,0
2018-05-08,2671.919922,-0.06994753915636209,0.4237518618024492,0.6366892692424843,0
2018-05-09,2697.790039,-0.060942566447392266,0.3816760532818441,0.6366844449947293,0
2018-05-10,2723.070068,-0.05214299390479549,0.35702926464342644,0.6366796207469743,0
2018-05-11,2727.719971,-0.050524437266093014,0.3492139808039676,0.6366747964992192,0
2018-05-14,2730.129883,-0.04968558555966207,0.3569507449996367,0.6366699722514642,0
2018-05-15,2711.449951,-0.056187770217946076,0.3989861708223818,0.6366654368408693,0
2018-05-16,2722.459961,-0.05235536236391569,0.37852749303775685,0.6366614791045948,0
2018-05-17,2720.129883,-0.05316642513567549,0.39106161492471525,0.6366575213683202,0
2018-05-18,2712.969971,-0.05565867564071292,0.3918300933085379,0.6366535636320456,0
2018-05-21,2733.01001,-0.048683059555107655,0.36815512120157884,0.6366496058957711,0
2018-05-22,2724.439941,-0.05166616308954419,0.3623829935910508,0.6366456481594965,0
2018-05-23,2733.290039,-0.048585585952544474,0.34555138039173056,0.636641690423222,0
2018-05-24,2727.76001,-0.050510500332514696,0.3589327062191233,0.6366357468933632,0
2018-05-25,2721.330078,-0.052748656510182235,0.3674915095053403,0.6366288104667124,0
2018-05-29,2689.860107,-0.0637028485614618,0.4934936828240186,0.6366218740400615,0
2018-05-30,2724.01001,-0.05181581517351974,0.42272130625055165,0.6366149376134107,0
2018-05-31,2705.27002,-0.05833890505812933,0.43426594532901436,0.6366080011867599,0
2018-06-01,2734.620117,-0.04812260713838601,0.3798767581956927,0.636601064760109,0
2018-06-04,2746.870117,-0.04385857865776954,0.35944246370149263,0.6365941283334582,0
2018-06-05,2748.800049,-0.04318680028930799,0.33390087992388906,0.6365775339503372,0
2018-06-06,2772.350098,-0.034989406031682435,0.3053867581374898,0.6365609395672163,0
2018-06-07,2770.370117,-0.03567860565413794,0.3028936918643305,0.6365443451840954,0
2018-06-08,2779.030029,-0.032664229212698515,0.29336374172190477,0.6365277508009743,0
2018-06-11,2782.0,-0.031630429953057315,0.2937766217637745,0.6365111564178535,0
2018-06-12,2786.850098,-0.02994218864646292,0.2926898856350147,0.6364945620347324,0
2018-06-13,2775.629883,-0.03384776548880086,0.31139774186698427,0.6364801566738773,0
2018-06-14,2782.48999,-0.031459872294672175,0.28140264040440016,0.6364701293575535,0
2018-06-15,2779.659912,-0.03244497704523264,0.28485989838020503,0.6364601020412297,0
2018-06-18,2773.75,-0.03450212260326835,0.30789725611863095,0.6364500747249059,0
2018-06-19,2762.590088,-0.0383867089387111,0.3652571724195749,0.6364400474085821,0
2018-06-20,2767.320068,-0.03674027878093589,0.3404772234260119,0.6364300200922582,0
2018-06-21,2749.76001,-0.04285265326528509,0.40486233735749544,0.6364199927759345,0
2018-06-22,2754.879883,-0.04107050760902875,0.35498566733189263,0.6364111516594071,0
2018-06-25,2717.070068,-0.05423149765040347,0.4814534585561454,0.6364029036427781,0
2018-06-26,2723.060059,-0.05214647787712712,0.44310487398165294,0.6363946556261489,0
2018-06-27,2699.629883,-0.0603021462665031,0.4872038453610734,0.6363864076095199,0
2018-06-28,2716.310059,-0.054496044590936155,0.47424445985832964,0.6363781595928908,0
2018-06-29,2718.370117,-0.05377897144940791,0.460659104363628,0.6363699115762617,0
2018-07-02,2726.709961,-0.05087600554410998,0.3915803071820324,0.6363616635596326,0
2018-07-03,2713.219971,-0.05557165465131253,0.40505900145459084,0.6363202671110552,0
2018-07-05,2736.610107,-0.04742992354359887,0.35245823629464657,0.6362788706624779,0
2018-07-06,2759.820068,-0.03935090846294598,0.3346549525893975,0.6362374742139006,0
2018-07-09,2784.169922,-0.030875114915611013,0.3476982860468813,0.6361960777653232,0
2018-07-10,2793.840088,-0.02750908526366913,0.33688656369206427,0.636154681316746,0
2018-07-11,2774.02002,-0.03440813297303691,0.39241409819198275,0.6361132848681684,0
2018-07-12,2798.290039,-0.025960128708456987,0.384366440164434,0.6360716844293884,0
2018-07-13,2801.310059,-0.024908908194821833,0.3829065628496591,0.6360296760102027,0
2018-07-16,2798.429932,-0.02591143419937625,0.4076942501397805,0.6359876675910167,0
2018-07-17,2809.550049,-0.022040699865026325,0.3868456652348569,0.6359456591718309,0
2018-07-18,2815.620117,-0.01992780657267701,0.3562017276755721,0.6359036507526449,0
2018-07-19,2804.48999,-0.02380202522744257,0.3957846524951532,0.6358616423334591,0
2018-07-20,2801.830078,-0.0247278979232739,0.40048035581480684,0.6358196339142733,0
2018-07-23,2806.97998,-0.022935299653854768,0.4058160103782764,0.635803978717593,0
2018-07-24,2820.399902,-0.01826404009339344,0.321374520069744,0.6358015001321653,0
2018-07-25,2846.070068,-0.009328667119829936,0.28313884498824027,0.6357990215467376,0
2018-07-26,2837.439941,-0.01233267588059217,0.2808309570884565,0.63579654296131,0
2018-07-27,2818.820068,-0.018813954964466584,0.29048679886741274,0.6357940643758824,0
2018-07-30,2802.600098,-0.024459866314241796,0.34075395597920644,0.6357915857904548,0
2018-07-31,2816.290039,-0.019694617471632814,0.32723142456384285,0.6357891072050271,0
2018-08-01,2813.360107,-0.020714479797695584,0.3503864762863351,0.6357731295177037,0
2018-08-02,2827.219971,-0.015890083484759177,0.3358141319277427,0.6357571518303803,0
2018-08-03,2840.350098,-0.011319696914790955,0.30576617598028877,0.635741174143057,0
2018-08-06,2850.399902,-0.007821521365353079,0.24244138119397918,0.6357251964557334,0
2018-08-07,2858.449951,-0.005019428450548369,0.24124818186552568,0.6357092187684101,0
2018-08-08,2857.699951,-0.005280491418749311,0.18533129869720807,0.6356932410810867,0
2018-08-09,2853.580078,-0.0067145531174043205,0.17381143199485338,0.6356775750189081,0
2018-08-10,2833.280029,-0.013780674512825497,0.2707960686746498,0.6356625322070191,0
2018-08-13,2821.929932,-0.017731461195744647,0.3279179650751051,0.6356474893951299,0
2018-08-14,2839.959961,-0.011455497345757681,0.3010349566032689,0.6356324465832408,0
2018-08-15,2818.370117,-0.018970575689273295,0.3794049024673395,0.6356174037713517,0
2018-08-16,2840.689941,-0.01120140301838779,0.3445263397067213,0.6356023609594627,0
2018-08-17,2850.129883,-0.007915510647500623,0.3116017873801753,0.6355873181475736,0
2018-08-20,2857.050049,-0.005506711878962345,0.29586731351401396,0.6355632212513669,0
2018-08-21,2862.959961,-0.0034495663209266336,0.2705680510136833,0.6355345973130013,0
2018-08-22,2861.820068,-0.003846344787608813,0.2535838677133845,0.6355059733746358,0
2018-08-23,2856.97998,-0.005531101773787572,0.2874706554618784,0.6354773494362703,0
2018-08-24,2874.689941,0.0,0.2982936507936507,0.6354487254979049,0
2018-08-27,2896.73999,0.0,0.32936507936507925,0.6354201015595392,0
2018-08-28,2897.52002,0.0,0.33650793650793637,0.6353914776211738,0
2018-08-29,2914.040039,0.0,0.3277645502645502,0.6353802903041612,0
2018-08-30,2901.129883,-0.004430328968448305,0.3731603101060532,0.6353691029871489,0
2018-08-31,2901.52002,-0.004296447142948856,0.3679599693757713,0.6353579156701364,0
2018-09-04,2896.719971,-0.00594366164095117,0.3808493251860725,0.6353467283531239,0
2018-09-05,2888.600098,-0.00873012747234947,0.41130948630015257,0.6353355410361115,0
2018-09-06,2878.050049,-0.012350547527943623,0.4372148369277121,0.635324353719099,0
2018-09-07,2871.679932,-0.014536556270014933,0.43600206858221885,0.6353128355352388,0
2018-09-10,2877.129883,-0.012666317382744707,0.4074614856211983,0.635300655617683,0
2018-09-11,2887.889893,-0.008973845812006664,0.38164163084742375,0.6352884757001273,0
2018-09-12,2888.919922,-0.008620374690740507,0.371852386136825,0.6352762957825715,0
2018-09-13,2904.179932,-0.0033836552923217633,0.3000921323825321,0.6352641158650157,0
2018-09-14,2904.97998,-0.0031091058732017895,0.28514627096318595,0.63525193594746,0
2018-09-17,2888.800049,-0.00866151105070656,0.3391504270174615,0.6352397560299042,0
2018-09-18,2904.310059,-0.003339000106305723,0.33597769959846624,0.6352233134713162,0
2018-09-19,2907.949951,-0.0020899122587518804,0.3091216513242588,0.6352047395922122,0
2018-09-20,2930.75,0.0,0.308584656084656,0.6351861657131082,0
2018-09-21,2929.669922,-0.000368532969376445,0.2963417104627225,0.6351675918340042,0
2018-09-24,2919.370117,-0.0038829251897978256,0.3007441663124134,0.6351490179549002,0
2018-09-25,2915.560059,-0.005182953510193711,0.2727539357466239,0.6351304440757961,0
2018-09-26,2905.969971,-0.00845518348545593,0.2823287598650867,0.6351118701966921,0
2018-09-27,2914.0,-0.00571526059882288,0.27225513811541274,0.6351053576657393,0
2018-09-28,2913.97998,-0.005722091614774327,0.24152259459381376,0.6350988451347864,0
2018-10-01,2924.590088,-0.0021018210355711053,0.21934758206808205,0.6350923326038336,0
2018-10-02,2923.429932,-0.0024976773863345514,0.22965065201704055,0.6350858200728807,0
2018-10-03,2925.51001,-0.0017879348289686625,0.16688097153021209,0.6350793075419279,0
2018-10-04,2901.610107,-0.009942810884585818,0.30252661115674095,0.635072795010975,0
2018-10-05,2885.570068,-0.015415825983110087,0.36939846207920285,0.635066687510299,0
2018-10-08,2884.429932,-0.015804851317922086,0.3847197898354746,0.6350613900701767,0
2018-10-09,2880.340088,-0.017200345304103082,0.37732030854481774,0.6350560926300544,0
2018-10-10,2785.679932,-0.04949929813187748,0.5749811683402635,0.6350507951899321,0
2018-10-11,2728.370117,-0.0690539564957775,0.6622695096996948,0.6350454977498098,0
2018-10-12,2767.129883,-0.05582875270835108,0.625367519123037,0.6350771366982769,0
2018-10-15,2750.790039,-0.061404064147402515,0.6298092156012215,0.6350706241673241,0
2018-10-16,2809.919922,-0.041228381131109715,0.5866301420134161,0.6350649216969249,0
2018-10-17,2809.209961,-0.041470626631408325,0.5848044344973724,0.6350596242568026,0
2018-10-18,2768.780029,-0.05526570707156875,0.6131310177980517,0.6350543268166803,0
2018-10-19,2767.780029,-0.05560691665955808,0.6179981412613108,0.635049029376558,0
2018-10-22,2755.879883,-0.059667360573232076,0.617368028455074,0.6350437319364357,0
2018-10-23,2740.689941,-0.06485031442463529,0.650135192124377,0.6350384344963134,0
2018-10-24,2656.100098,-0.0937131799027553,0.6901939111214014,0.6350684533236731,0
2018-10-25,2705.570068,-0.07683355182120621,0.62734576483095,0.6351053576657393,0
2018-10-26,2658.689941,-0.09282950063976791,0.664040903413224,0.6350988451347864,0
2018-10-29,2641.25,-0.09878017572293785,0.6564991738304883,0.6351799744200736,0
2018-10-30,2682.629883,-0.08466096289345726,0.6338682877472808,0.6352681758375343,0
2018-10-31,2711.73999,-0.07472831527765933,0.6376237137829265,0.6352559959199786,0
2018-11-01,2740.370117,-0.06495944143990451,0.6180306948072503,0.635324353719099,0
2018-11-02,2723.060059,-0.0708657991981575,0.6033193823182121,0.6353128355352388,0
2018-11-05,2738.310059,-0.06566235298131884,0.5978027600855189,0.635300655617683,0
2018-11-06,2755.449951,-0.05981405749381552,0.5858244880401975,0.6352884757001273,0
2018-11-07,2813.889893,-0.03987378896186977,0.5570813509870478,0.6352762957825715,0
2018-11-08,2806.830078,-0.04228266552930138,0.4948397277356906,0.6352641158650157,0
2018-11-09,2781.01001,-0.05109272029344025,0.5278588833997472,0.63525193594746,0
2018-11-12,2726.219971,-0.06978760692655461,0.5863509484176854,0.6352397560299042,0
2018-11-13,2722.179932,-0.07116610696920578,0.5593146722783907,0.6352233134713162,0
2018-11-14,2701.580078,-0.0781949746651881,0.5901699484342044,0.6352047395922122,0
2018-11-15,2730.199951,-0.0684295995905485,0.5626313925245311,0.6351861657131082,0
2018-11-16,2736.27002,-0.06635843384799112,0.5462967872842558,0.6351675918340042,0
2018-11-19,2690.72998,-0.08189713213341288,0.5751284104119472,0.6351490179549002,0
2018-11-20,2641.889893,-0.09856183809605046,0.6205096554507101,0.6351304440757961,0
2018-11-21,2649.929932,-0.09581849970144163,0.6049954271549574,0.6351118701966921,0
2018-11-23,2632.560059,-0.10174526691120023,0.6658641615632813,0.6351053576657393,0
2018-11-26,2673.449951,-0.08779324370894825,0.6470185591174045,0.6351985482991775,0
2018-11-27,2682.169922,-0.08481790599675854,0.652217995132618,0.6352803557550901,1
2018-11-28,2743.790039,-0.06379253126332851,0.6254663814313379,0.6353467283531239,0
2018-11-29,2737.800049,-0.06583637328328928,0.6091094680457672,0.6353355410361115,0
2018-11-30,2760.169922,-0.05820355813358358,0.5852807776968081,0.635324353719099,0
2018-12-03,2790.370117,-0.04789896204043331,0.6172274316971971,0.6353128355352388,0
2018-12-04,2700.060059,-0.07871361972191426,0.7058320050419582,0.635300655617683,0
2018-12-06,2695.949951,-0.08011602797918616,0.7155043129401026,0.635365373881478,0
2018-12-07,2633.080078,-0.10156783144246351,0.7214052072547655,0.6354868907490588,1
2018-12-10,2637.719971,-0.09998465546361857,0.716423385498141,0.6356174037713517,1
2018-12-11,2636.780029,-0.10030537268617246,0.7195595689165284,0.6357038928726356,1
2018-12-12,2651.070068,-0.09542947436662974,0.7123725120970983,0.6357899334001696,1
2018-12-13,2650.540039,-0.09561032534334213,0.7042297449093649,0.635803978717593,1
2018-12-14,2599.949951,-0.11287214842617077,0.747258747423574,0.6360156732038074,1
2018-12-17,2545.939941,-0.1313008816855753,0.7830901585517906,0.6362512730300929,1
2018-12-18,2546.159912,-0.1312258254712957,0.781888979983544,0.6363864076095199,1
2018-12-19,2506.959961,-0.14460122460121128,0.8116167076166914,0.6364367049698075,1
2018-12-20,2467.419922,-0.15809266501748698,0.8378990287088148,0.6365000934957727,1
2018-12-21,2416.620117,-0.17542604555148,0.8345191911697123,0.6365941283334582,1
2018-12-24,2351.100098,-0.19778210423952913,0.8549840277329375,0.6366334347511463,1
2018-12-26,2467.699951,-0.15799711643777192,0.7111706137994003,0.6366588406137451,1
2018-12-27,2488.830078,-0.15078731450993776,0.6805479520150997,0.6366844449947293,1
2018-12-28,2485.73999,-0.15184168216326877,0.6585459974319012,0.6367041548582114,1
2018-12-31,2506.850098,-0.14463871091017666,0.6427860298117886,0.6367648916306288,1
2019-01-02,2510.030029,-0.14355368796383183,0.6176877059798784,0.6369390118541058,0
2019-01-03,2447.889893,-0.16475649816599847,0.6487527713441715,0.6369129586884859,0
2019-01-04,2531.939941,-0.1360778159174273,0.6150394108469444,0.6370473504845179,0
2019-01-07,2549.689941,-0.13002134573061497,0.6059727048238278,0.6370241350637152,0
2019-01-08,2574.409912,-0.12158665461059448,0.6016579537866815,0.6370009196429127,0
2019-01-09,2584.959961,-0.11798687673803632,0.5959361039374953,0.6369777042221101,0
2019-01-10,2596.639893,-0.11400157195257188,0.5767357487769484,0.6369544888013076,0
2019-01-11,2596.26001,-0.11413119167448604,0.5699997580517112,0.6369312733805051,0
2019-01-14,2582.610107,-0.11878866945321165,0.5914485197459702,0.6369023824700675,0
2019-01-15,2610.300049,-0.10934059575194066,0.5707854344790482,0.6368706538148123,0
2019-01-16,2616.100098,-0.10736156342233216,0.5723391671120894,0.6368389251595572,0
2019-01-17,2635.959961,-0.10058518775057579,0.5658345004329659,0.6368071965043022,0
2019-01-18,2670.709961,-0.08872815456794336,0.5527965368042832,0.6367754678490471,0
2019-01-22,2632.899902,-0.10162930922118907,0.5672990864093421,0.6367437391937919,0
2019-01-23,2638.699951,-0.09965027689158068,0.5667496444392088,0.6367120105385369,0
2019-01-24,2642.330078,-0.0984116427535614,0.5609775691878714,0.6367100466184555,0
2019-01-25,2664.76001,-0.09075833489721064,0.6030105309771817,0.6367080826983741,0
2019-01-28,2643.850098,-0.09789299735562573,0.6788472582024121,0.6367061187782928,0
2019-01-29,2640.0,-0.09920668770792462,0.684603580805065,0.6367966202858838,0
2019-01-30,2681.050049,-0.08520001740168903,0.646089227231233,0.6369622272749085,1
2019-01-31,2704.100098,-0.07733511967926299,0.6489397097526814,0.6370806896914956,1
2019-02-01,2706.530029,-0.07650600392391027,0.6333415962430837,0.6371009648483781,0
2019-02-04,2724.870117,-0.0702481900537405,0.633305764572425,0.6370973868795164,0
2019-02-05,2737.699951,-0.06587052768062784,0.6207509824231023,0.6370938089106548,0
2019-02-06,2731.610107,-0.06794844084278773,0.6289719914452074,0.6370902309417932,0
2019-02-07,2706.050049,-0.07666977770195349,0.6734190771576879,0.6370866529729317,0
2019-02-08,2707.879883,-0.07604542079672438,0.676743922945487,0.6371097065911944,0
2019-02-11,2709.800049,-0.07539024174699316,0.6791984488265503,0.6371477907766452,1
2019-02-12,2744.72998,-0.06347181438198413,0.6535074470996506,0.637281884045331,1
2019-02-13,2753.030029,-0.06063975808240207,0.6334423128734854,0.637346163825902,0
2019-02-14,2745.72998,-0.06313060479399468,0.6389313289273966,0.6373364630055216,0
2019-02-15,2775.600098,-0.05293863413801936,0.5616480540873162,0.6374101386164696,0
2019-02-19,2779.76001,-0.05151923227842703,0.5043892163002499,0.6373942030309362,0
2019-02-20,2784.699951,-0.04983367704512498,0.45778983044356786,0.6373782674454027,0
2019-02-21,2774.879883,-0.053184378401433086,0.4733053810658466,0.6373623318598693,0
2019-02-22,2792.669922,-0.04711424652392726,0.42846831275992947,0.6373526310394889,0
2019-02-25,2796.110107,-0.045940422417469984,0.40355443282688985,0.6373429302191085,0
2019-02-26,2793.899902,-0.04669456555489204,0.4095519971843889,0.6373332293987282,0
2019-02-27,2792.379883,-0.047213210611618206,0.4281637892418782,0.6373235285783477,0
2019-02-28,2784.48999,-0.04990531775142881,0.4668705082858414,0.6373138277579673,0
2019-03-01,2803.689941,-0.04335411038130166,0.45621805415068356,0.6373041269375869,0
2019-03-04,2792.810059,-0.04706643043589531,0.46191622445958214,0.6372897718846655,0
2019-03-05,2789.649902,-0.04814470630384715,0.43686094915191803,0.6372661083666622,0
2019-03-06,2771.449951,-0.05435470408598475,0.4609796131571498,0.6372424448486587,0
2019-03-07,2748.929932,-0.06203875049048879,0.5162454423875282,0.6372187813306553,0
2019-03-08,2743.070068,-0.06403819227160279,0.5320310159111084,0.6371951178126519,0
2019-03-11,2783.300049,-0.05031133702977053,0.49844238750450753,0.6371714542946485,0
2019-03-12,2791.52002,-0.04750660411157559,0.4816243270502927,0.6371477907766452,0
2019-03-13,2810.919922,-0.04088717154312038,0.4245672513543898,0.6371361283940461,0
2019-03-14,2808.47998,-0.04171970314765838,0.3988599400734863,0.6371304665791493,0
2019-03-15,2822.47998,-0.0369427689158065,0.38119640206404704,0.6371248047642525,0
2019-03-18,2832.939941,-0.03337372993261112,0.4490167298873871,0.6371191429493557,0
2019-03-19,2832.570068,-0.033499934146549504,0.4657157939917323,0.6371134811344589,0
2019-03-20,2824.22998,-0.03634565213682506,0.4540248354742428,0.6371078193195621,0
2019-03-21,2854.879883,-0.02588761136227924,0.4222820648516662,0.6371021575046653,0
2019-03-22,2800.709961,-0.04437090812931843,0.539766253776346,0.6370985795358036,0
2019-03-25,2798.360107,-0.04517270084449376,0.5425802568864083,0.637095001566942,0
2019-03-26,2818.459961,-0.03831443794250622,0.517643992197674,0.6370914235980805,0
2019-03-27,2805.370117,-0.04278081822059199,0.5325406855684139,0.6370878456292188,0
2019-03-28,2815.439941,-0.039344897722426,0.4964599090129428,0.6370842676603572,0
2019-03-29,2834.399902,-0.0328755772413204,0.4698475180864097,0.6370806896914956,0
2019-04-01,2867.189941,-0.02168730154397336,0.4680485713765774,0.6370705659053203,0
2019-04-02,2867.23999,-0.02167022434530408,0.4695095602196558,0.6370473504845179,0
2019-04-03,2873.399902,-0.019568403309732973,0.45824398873358424,0.6370241350637152,0
2019-04-04,2879.389893,-0.017524560948562695,0.444376033984836,0.6370009196429127,0
2019-04-05,2892.73999,-0.01296937985157387,0.39611881137744404,0.6369777042221101,0
2019-04-08,2895.77002,-0.011935504563678312,0.4086744573282657,0.6369544888013076,0
2019-04-09,2878.199951,-0.01793058056811392,0.45836854853358844,0.6369312733805051,0
2019-04-10,2888.209961,-0.014515069180243922,0.44300009359830317,0.6369023824700675,0
2019-04-11,2888.320068,-0.0144774996161392,0.4393968090631764,0.6368706538148123,0
2019-04-12,2907.409912,-0.007963861810116879,0.4036703907858967,0.6368389251595572,0
2019-04-15,2905.580078,-0.008588218715345874,0.4041815238340763,0.6368071965043022,0
2019-04-16,2907.060059,-0.008083235008103706,0.3931258079356503,0.6367754678490471,0
2019-04-17,2900.449951,-0.010338667235349264,0.41185084512686343,0.6367437391937919,0
2019-04-18,2905.030029,-0.008775900708009932,0.40863954645807743,0.6367120105385369,0
2019-04-22,2907.969971,-0.007772764309477154,0.40652308436713963,0.6367100466184555,0
2019-04-23,2933.679932,0.0,0.34965608465608455,0.6367080826983741,0
2019-04-24,2927.25,-0.0021917632969649103,0.3919158302420721,0.6367061187782928,0
2019-04-25,2926.169922,-0.0025599282041923743,0.40619360696672385,0.6367041548582114,0
2019-04-26,2939.879883,0.0,0.4068121693121692,0.63670219093813,0
2019-04-29,2943.030029,0.0,0.37578042328042316,0.6367002270180486,0
2019-04-30,2945.830078,0.0,0.28056878306878297,0.6366973096554094,0
2019-05-01,2923.72998,-0.007502163198430001,0.34721688155240166,0.6366924854076543,0
2019-05-02,2917.52002,-0.009610214184254784,0.2956989236877723,0.6366876611598993,0
2019-05-03,2945.639893,-6.456075026872732e-05,0.2722467850696345,0.6366828369121442,0
2019-05-06,2932.469971,-0.0045352605704502835,0.34407987882210633,0.6366780126643893,0
2019-05-07,2884.050049,-0.020972027362129442,0.44630399897212136,0.6366731884166342,0
2019-05-08,2879.419922,-0.022543783667619888,0.451827672676276,0.6366683641688792,0
2019-05-09,2870.719971,-0.025497094201371695,0.5149351373802702,0.6366641175954445,0
2019-05-10,2881.399902,-0.021871653929117052,0.5015502175191731,0.6366601598591699,0
2019-05-13,2811.870117,-0.04547443588156619,0.5804158839044401,0.6366562021228953,0
2019-05-14,2834.409912,-0.03782301186755688,0.5351495190029729,0.6366522443866208,0
2019-05-15,2850.959961,-0.03220488435789537,0.5229977130813261,0.6366482866503462,0
2019-05-16,2876.320068,-0.023596069073743786,0.47912216119537065,0.6366443289140717,0
2019-05-17,2859.530029,-0.029295664283050304,0.49395109343595656,0.6366403711777971,0
2019-05-20,2840.22998,-0.03584731474793501,0.4858077829885271,0.6366334347511463,0
2019-05-21,2864.360107,-0.027656032032679967,0.45950998976196716,0.6366264983244955,0
2019-05-22,2856.27002,-0.030402316368771887,0.469855795515542,0.6366195618978446,0
2019-05-23,2822.23999,-0.04195424879492993,0.5529773736861909,0.6366126254711938,0
2019-05-24,2826.060059,-0.04065747712146217,0.5309847397415217,0.636605689044543,0
2019-05-28,2802.389893,-0.048692620145078136,0.528365006607956,0.636598752617892,0
2019-05-29,2783.02002,-0.05526797326699029,0.5682660123648327,0.6365885968724179,0
2019-05-30,2788.860107,-0.05328548043971737,0.5638896664747506,0.6365720024892969,0
2019-05-31,2752.060059,-0.06577773118928687,0.61730629330016,0.636555408106176,0
2019-06-03,2744.449951,-0.06836108046555156,0.6088057833311485,0.636538813723055,0
2019-06-04,2803.27002,-0.048393849687619395,0.5805197095722331,0.636522219339934,0
2019-06-05,2826.149902,-0.04062697875678345,0.5664111046668702,0.6365056249568132,0
2019-06-06,2843.48999,-0.034740662322750526,0.5603395884380942,0.6364890305736922,0
2019-06-07,2873.340088,-0.02460766170505513,0.5322143792312511,0.6364768142351027,0
2019-06-10,2886.72998,-0.020062290232342406,0.5150668117708742,0.6364667869187789,0
2019-06-11,2885.719971,-0.020405150809244987,0.5183353873203002,0.6364567596024551,0
2019-06-12,2879.840088,-0.022401152901800225,0.5444342935350702,0.6364467322861312,0
2019-06-13,2891.639893,-0.01839555696192463,0.5366513879310291,0.6364367049698075,0
2019-06-14,2886.97998,-0.019977424509140307,0.5513935443316031,0.6364266776534837,0
2019-06-17,2889.669922,-0.01906428901633339,0.5545438134862666,0.6364166503371599,0
2019-06-18,2917.75,-0.00953214450816664,0.5381846051558316,0.6364084023205308,0
2019-06-19,2926.459961,-0.006575435950857966,0.5054698882203945,0.6364001543039017,0
2019-06-20,2954.179932,0.0,0.501058201058201,0.6363919062872726,0
2019-06-21,2950.459961,-0.0012592228928592908,0.4998708558312194,0.6363836582706435,0
2019-06-24,2945.350098,-0.002988928976313976,0.5064041750890369,0.6363754102540145,0
2019-06-25,2917.379883,-0.012456942314643005,0.5523557381849789,0.6363671622373853,0
2019-06-26,2913.780029,-0.013675505192620063,0.5484873258078635,0.6363478647434402,0
2019-06-27,2924.919922,-0.00990461335244086,0.5412770704144633,0.6363064682948629,0
2019-06-28,2941.76001,-0.004204186029925339,0.4418439650348521,0.6362650718462854,0
2019-07-01,2964.330078,0.0,0.4330555555555554,0.6362236753977082,0
2019-07-02,2973.01001,0.0,0.42371693121693105,0.6361822789491307,0
2019-07-03,2995.820068,0.0,0.39783068783068776,0.6361408825005535,0
2019-07-05,2990.409912,-0.0018059015151773439,0.4382781929293238,0.6360994860519762,0
2019-07-08,2975.949951,-0.006632613624644401,0.4906310940215308,0.636057681622993,0
2019-07-09,2979.629883,-0.005404258143850593,0.4898052155927264,0.6360156732038074,0
2019-07-10,2993.070068,-0.000917945650132368,0.46124703742566137,0.6359736647846213,0
2019-07-11,2999.909912,0.0,0.42914021164021154,0.6359316563654356,0
2019-07-12,3013.77002,0.0,0.4019708994708993,0.6358896479462498,0
2019-07-15,3014.300049,0.0,0.38183862433862426,0.6358476395270638,0
2019-07-16,3004.040039,-0.0034037785997461656,0.38400516924033024,0.635805631107878,0
2019-07-17,2984.419922,-0.009912791200037518,0.42321810076279615,0.6358031525224503,0
2019-07-18,2995.110107,-0.006366301193660662,0.4341871804800117,0.6358006739370228,0
2019-07-19,2976.610107,-0.012503712764926567,0.4008906987041551,0.6357981953515951,0
2019-07-22,2985.030029,-0.009710386996712672,0.36436410460769536,0.6357957167661675,0
2019-07-23,3005.469971,-0.002929395832020565,0.35346236494551453,0.6357932381807399,0
2019-07-24,3019.560059,0.0,0.27283068783068776,0.6357907595953122,0
2019-07-25,3003.669922,-0.005262401372888137,0.30025668058926464,0.6357837813092526,0
2019-07-26,3025.860107,0.0,0.27362433862433855,0.6357678036219293,0
2019-07-29,3020.969971,-0.0016161143698240066,0.25946579227024374,0.6357518259346058,0
2019-07-30,3013.179932,-0.0041906018624806585,0.28028004498629944,0.6357358482472825,0
2019-07-31,2980.379883,-0.015030511124683676,0.323235026048033,0.635719870559959,0
2019-08-01,2953.560059,-0.02389404845013876,0.3426014295687378,0.6357038928726356,0
2019-08-02,2932.050049,-0.0310027743129897,0.45152872600098437,0.6356879151853123,0
2019-08-05,2844.73999,-0.0598573994154582,0.66964633961601,0.6356725607482784,0
2019-08-06,2881.77002,-0.04761954680808378,0.6434397524659967,0.6357624777261548,0
2019-08-07,2883.97998,-0.04688918918352358,0.6278940111472122,0.6357990215467376,0
2019-08-08,2938.090088,-0.029006634773680928,0.5917524061728614,0.63579654296131,0
2019-08-09,2918.649902,-0.03543131579413761,0.6001763091116952,0.6357940643758824,0
2019-08-12,2882.699951,-0.04731221898488114,0.6273169908241852,0.6357915857904548,0
2019-08-13,2926.320068,-0.032896444475316255,0.5798990137936598,0.6357891072050271,0
2019-08-14,2840.600098,-0.061225569738475705,0.6206796783951655,0.6357731295177037,0
2019-08-15,2847.600098,-0.05891217792508474,0.6233797986952867,0.6357571518303803,0
2019-08-16,2888.679932,-0.045335927686362076,0.6039666052871263,0.635741174143057,0
2019-08-19,2923.649902,-0.03377889307028692,0.5818177404674129,0.6357251964557334,0
2019-08-20,2900.51001,-0.04142626974393693,0.5966691956503961,0.6357092187684101,0
2019-08-21,2924.429932,-0.03352110521082985,0.5642464902741596,0.6356932410810867,0
2019-08-22,2922.949951,-0.03401021605788335,0.5780741640313646,0.6356775750189081,0
2019-08-23,2847.110107,-0.05907411237766125,0.6264048078690663,0.6356625322070191,0
2019-08-26,2878.379883,-0.04873993469123716,0.6024561755977385,0.6356474893951299,0
2019-08-27,2869.159912,-0.051786992609966,0.6201205816081495,0.6356324465832408,0
2019-08-28,2887.939941,-0.04558048327513109,0.611032558766136,0.6356174037713517,0
2019-08-29,2924.580078,-0.03347148427837088,0.588776892245156,0.6356023609594627,0
2019-08-30,2926.459961,-0.03285021200089466,0.5611266036074226,0.6355873181475736,0
2019-09-03,2906.27002,-0.03952267546121557,0.4779166285428765,0.6355632212513669,0
2019-09-04,2937.780029,-0.029109104481147785,0.46819812114457293,0.6355345973130013,0
2019-09-05,2976.0,-0.01647799476408507,0.45694290588621406,0.6355059733746358,0
2019-09-06,2978.709961,-0.01558239453665533,0.42590786815298093,0.6354773494362703,0
2019-09-09,2978.429932,-0.015674939793242748,0.4337305626725261,0.6354487254979049,0
2019-09-10,2979.389893,-0.015357687519160668,0.4115906006843683,0.6354201015595392,0
2019-09-11,3000.929932,-0.008239037535914706,0.4385640937203461,0.6353914776211738,0
2019-09-12,3009.570068,-0.0053836061232026555,0.42196297285048856,0.6353802903041612,0
2019-09-13,3007.389893,-0.006104120265596924,0.4184096004033722,0.6353691029871489,0
2019-09-16,2997.959961,-0.009220567049830208,0.4449932518883676,0.6353579156701364,0
2019-09-17,3005.699951,-0.006662619978154871,0.4162226572012989,0.6353467283531239,0
2019-09-18,3006.72998,-0.006322211312989823,0.41672686521579927,0.6353355410361115,0
2019-09-19,3006.790039,-0.006302362741715473,0.41717923740646057,0.635324353719099,0
2019-09-20,2992.070068,-0.01116708565668001,0.44474970913722217,0.6353128355352388,0
2019-09-23,2991.780029,-0.011262939063560573,0.4230261088868546,0.635300655617683,0
2019-09-24,2966.600098,-0.019584517097439025,0.5264247009402071,0.6352884757001273,0
2019-09-25,2984.870117,-0.013546558185282276,0.5029754465419153,0.6352762957825715,0
2019-09-26,2977.620117,-0.015942571134865746,0.5063929901237435,0.6352641158650157,0
2019-09-27,2961.790039,-0.021174167256371446,0.4895888948875398,0.63525193594746,0
2019-09-30,2976.73999,-0.016233439505800584,0.457429862856696,0.6352397560299042,0
2019-10-01,2940.25,-0.028292817239617296,0.5002079944441544,0.6352233134713162,0
2019-10-02,2887.610107,-0.04568948831447084,0.5847480208979998,0.6352047395922122,0
2019-10-03,2910.629883,-0.03808180812240036,0.5135024025511131,0.6351861657131082,0
2019-10-04,2952.01001,-0.024406315688275115,0.45391720845555966,0.6351675918340042,0
2019-10-07,2938.790039,-0.0287753117860845,0.46494042705335414,0.6351490179549002,0
2019-10-08,2893.060059,-0.04388836340873181,0.47957079799523994,0.6351304440757961,0
2019-10-09,2919.399902,-0.03518345238555998,0.4069555925981216,0.6351118701966921,0
2019-10-10,2938.129883,-0.028993483141221743,0.3822392697165559,0.6351053576657393,0
2019-10-11,2970.27002,-0.018371664595927095,0.40585552132463626,0.6350988451347864,0
2019-10-14,2966.149902,-0.019733299917556235,0.3903069440280515,0.6350923326038336,0
2019-10-15,2995.679932,-0.009974081395957901,0.3876831833894351,0.6350858200728807,0
2019-10-16,2989.689941,-0.01195368084477011,0.3911433588126659,0.6350793075419279,0
2019-10-17,2997.949951,-0.009223875200123355,0.4022458989173966,0.635072795010975,0
2019-10-18,2986.199951,-0.01310706860117239,0.43158827068119504,0.635066687510299,0
2019-10-21,3006.719971,-0.006325519132798441,0.3940191943879295,0.6350613900701767,0
2019-10-22,2995.98999,-0.009871612018975573,0.4016607492375854,0.6350560926300544,0
2019-10-23,3004.52002,-0.007052568937550019,0.39387313563511284,0.6350507951899321,0
2019-10-24,3010.290039,-0.005145666835020046,0.39401871554593926,0.6350454977498098,0
2019-10-25,3022.550049,-0.0010939230112927412,0.3615243478251914,0.6350402003096876,0
2019-10-28,3039.419922,0.0,0.3735052910052909,0.6350349028695652,0
2019-10-29,3036.889893,-0.0008324052170899376,0.38281105557267714,0.6350213723498697,0
2019-10-30,3046.77002,0.0,0.29652116402116396,0.6350037252903875,0
2019-10-31,3037.560059,-0.003022860583353104,0.33789991947251036,0.6349860782309051,0
2019-11-01,3066.909912,0.0,0.3366402116402116,0.634968431171423,0
2019-11-04,3078.27002,0.0,0.3591931216931216,0.6349507841119408,0
2019-11-05,3074.620117,-0.0011856994273685695,0.3516212520112549,0.6349331370524586,0
2019-11-06,3076.780029,-0.00048403518545125923,0.36101735015904934,0.6349154899929764,0
2019-11-07,3085.179932,0.0,0.34720899470899463,0.6349072059731229,0
2019-11-08,3093.080078,0.0,0.25662698412698404,0.6348989219532694,0
2019-11-11,3087.01001,-0.0019624671353238865,0.31064861135603933,0.6348906379334159,0
2019-11-12,3091.840088,-0.00040089165774259694,0.28131440332262436,0.6348823539135624,0
2019-11-13,3094.040039,0.0,0.31619047619047613,0.6348740698937089,0
2019-11-14,3096.629883,0.0,0.3589285714285713,0.6348657858738553,0
2019-11-15,3120.459961,0.0,0.32218253968253957,0.6348507449245152,0
2019-11-18,3122.030029,0.0,0.30915343915343907,0.6348221901162019,0
2019-11-19,3120.179932,-0.0005925942360627268,0.3247851871573492,0.6347936353078883,0
2019-11-20,3108.459961,-0.004346552683334282,0.38354919655333436,0.634765080499575,0
2019-11-21,3103.540039,-0.005922425418157351,0.411445534840413,0.6347365256912615,0
2019-11-22,3110.290039,-0.0037603706213422683,0.38656270929587516,0.6347079708829481,0
2019-11-25,3133.639893,0.0,0.40366402116402106,0.6346794160746347,0
2019-11-26,3140.52002,0.0,0.3918783068783067,0.634644706966476,0
2019-11-27,3153.629883,0.0,0.3521693121693121,0.634606920708395,0
2019-11-29,3140.97998,-0.004011219917781306,0.3976573792452528,0.6345691344503137,0
2019-12-02,3113.870117,-0.012607619624081301,0.4374704133901673,0.6345313481922327,0
2019-12-03,3093.199951,-0.019162024156910262,0.46816638666024984,0.6344935619341516,0
2019-12-04,3112.76001,-0.012959628908995935,0.39412298326222356,0.6344557756760704,0
2019-12-05,3117.429932,-0.011478820388892141,0.37808675377883977,0.6344179894179893,0
2019-12-06,3145.909912,-0.002447963548803056,0.3698026356236429,0.6343968047825612,0
2019-12-09,3135.959961,-0.005603042416376103,0.3863665080425083,0.6343756201471331,0
2019-12-10,3132.52002,-0.006693830215712793,0.389805083031342,0.6343544355117051,0
2019-12-11,3141.629883,-0.003805138981174516,0.35438098159222414,0.6343332508762769,0
2019-12-12,3168.570068,0.0,0.3550132275132274,0.6343120662408489,0
2019-12-13,3168.800049,0.0,0.3298809523809523,0.6342908816054208,0
2019-12-16,3191.449951,0.0,0.2837301587301586,0.634267939239749,0
2019-12-17,3192.52002,0.0,0.25937830687830676,0.63424148141359,0
2019-12-18,3191.139893,-0.0004323001864839915,0.27865368085870135,0.6342150235874309,0
2019-12-19,3205.370117,0.0,0.2631613756613756,0.6341885657612718,0
2019-12-20,3221.219971,0.0,0.2557671957671957,0.6341621079351127,0
2019-12-23,3224.01001,0.0,0.25304232804232796,0.6341356501089537,0
2019-12-24,3223.379883,-0.00019544821450478977,0.23683506695793477,0.6341091922827947,0
2019-12-26,3239.909912,0.0,0.22629629629629622,0.634099776112649,0
2019-12-27,3240.02002,0.0,0.23349206349206342,0.6340988807705101,0
2019-12-30,3221.290039,-0.005780822613559056,0.26417243687172054,0.6340979854283714,0
2019-12-31,3230.780029,-0.0028518314525722843,0.2387793406002295,0.6340970900862325,0
2020-01-02,3257.850098,0.0,0.21554232804232795,0.6340961947440936,0
2020-01-03,3234.850098,-0.007059870561300419,0.3218316330333488,0.6340952994019547,0
2020-01-06,3246.280029,-0.0035514430228397176,0.3288913612570372,0.6340944040598159,0
2020-01-07,3237.179932,-0.006344725932199702,0.28479621080117923,0.6340840617242188,0
2020-01-08,3253.050049,-0.0014733793316478172,0.250445303875226,0.6340737193886218,0
2020-01-09,3274.699951,0.0,0.2658068783068782,0.6340633770530247,0
2020-01-10,3265.350098,-0.0028551785323552847,0.27445796027057223,0.6340530347174277,0
2020-01-13,3288.129883,0.0,0.23825396825396816,0.6340426923818306,0
2020-01-14,3283.149902,-0.0015145329342819425,0.23324601094970968,0.6340323500462335,0
2020-01-15,3289.290039,0.0,0.261600529100529,0.6340219542783844,0
2020-01-16,3316.810059,0.0,0.2648015873015872,0.6340114516460309,0
2020-01-17,3329.620117,0.0,0.24714285714285705,0.6340009490136773,0
2020-01-21,3320.790039,-0.002651977609973044,0.2956294630790575,0.6339904463813237,0
2020-01-22,3321.75,-0.0023636681433468754,0.2890665605021749,0.6339799437489703,0
2020-01-23,3325.540039,-0.0012253884397106507,0.306245598402785,0.6339694411166167,0
2020-01-24,3295.469971,-0.010256469146627256,0.2887892444574341,0.6339589384842632,0
2020-01-27,3243.629883,-0.025825839278469265,0.48665238279553863,0.6339467226208589,0
2020-01-28,3276.23999,-0.01603189707061703,0.4506933029397668,0.6339336501419293,0
2020-01-29,3273.399902,-0.0168848736565943,0.43371422934029397,0.6339205776629995,0
2020-01-30,3283.659912,-0.013803438045481897,0.404937141527594,0.6339075051840698,0
2020-01-31,3225.52002,-0.03126485705336102,0.4532453416915463,0.6338944327051401,0
2020-02-03,3248.919922,-0.024237057731592238,0.42933579202923333,0.6338813602262104,0
2020-02-04,3297.590088,-0.009619724735703272,0.44921562735480147,0.6338682877472808,0
2020-02-05,3334.689941,0.0,0.444589947089947,0.6338503022247053,0
2020-02-06,3345.780029,0.0,0.4418915343915343,0.6338323167021298,0
2020-02-07,3327.709961,-0.005400853565797892,0.44851806131599437,0.6338143311795544,0
2020-02-10,3352.090088,0.0,0.4451851851851851,0.6337963456569788,0
2020-02-11,3357.75,0.0,0.44096560846560834,0.6337783601344035,0
2020-02-12,3379.449951,0.0,0.4375925925925925,0.633760374611828,0
2020-02-13,3373.939941,-0.0016304458062382787,0.4635173815283324,0.633743233275304,0
2020-02-14,3380.159912,0.0,0.44763227513227505,0.633727780310883,0
2020-02-18,3370.290039,-0.002919942623117011,0.47391398405779317,0.6337123273464619,0
2020-02-19,3386.149902,0.0,0.4639153439153438,0.6336968743820408,0
2020-02-20,3373.22998,-0.0038155198009305336,0.5029648671473599,0.6336814214176197,0
2020-02-21,3337.75,-0.014293490660709729,0.5451680618087246,0.6336659684531988,0
2020-02-24,3225.889893,-0.04732809049751274,0.656066195369502,0.6336505154887777,0
2020-02-25,3128.209961,-0.07617499179456,0.6983544345979162,0.6337380822871637,0
2020-02-26,3116.389893,-0.07966570199407552,0.7164321757262238,0.6338383118763217,1
2020-02-27,2978.76001,-0.1203106489052298,0.7960262178397146,0.6339205776629995,1
2020-02-28,2954.219971,-0.1275578292458005,0.8018656913912567,0.6339869455038726,1
2020-03-02,3090.22998,-0.08739126458200142,0.7586261312550152,0.6340461398270296,1
2020-03-03,3003.370117,-0.11304277603714907,0.7907174688107164,0.6340952994019547,1
2020-03-04,3130.120117,-0.07561088327742915,0.7397939064937614,0.6341003730074083,1
2020-03-05,3023.939941,-0.10696808218267706,0.7682161959737096,0.6342503006889763,1
2020-03-06,2972.370117,-0.1221977162781851,0.790605513502076,0.6343756201471331,1
2020-03-09,2746.560059,-0.18888409004640694,0.8980894794842595,0.6345565390309535,1
2020-03-10,2882.22998,-0.1488179603928238,0.8409757323655682,0.6347460439606993,1
2020-03-11,2741.379883,-0.19041390300505368,0.907769170378551,0.6348740698937089,1
2020-03-12,2480.639893,-0.2674158070985483,0.9857142857142853,0.6349272546992978,1
2020-03-13,2711.02002,-0.19937979756928081,0.9086340639614436,0.6350272547030303,1
2020-03-16,2386.129883,-0.29532656496079723,0.9695767195767192,0.6350613900701767,1
2020-03-17,2529.189941,-0.25307797522308273,0.9641931216931214,0.6350966742911355,1
2020-03-18,2398.100098,-0.2917915132512052,0.9636640211640208,0.6351737831270389,1
2020-03-19,2409.389893,-0.28845740362028427,0.9482539682539679,0.6352641158650157,1
2020-03-20,2304.919922,-0.3193095436682768,0.9490608465608462,0.6353318119304406,1
2020-03-23,2237.399902,-0.33924960006097216,0.9441534391534389,0.6354010189339623,1
2020-03-24,2447.330078,-0.27725288341354715,0.9491798941798939,0.6355632212513669,1
2020-03-25,2475.560059,-0.26891598699223807,0.9317724867724866,0.6356575179363894,1
2020-03-26,2630.070068,-0.223285990249111,0.8977976856534303,0.6357465000388314,1
2020-03-27,2541.469971,-0.24945142874540116,0.9344475346003014,0.63579654296131,1
2020-03-30,2626.649902,-0.2242960359053826,0.8911129150441308,0.6358896479462498,1
2020-03-31,2584.590088,-0.23671716763825656,0.9162563683616748,0.636127083684361,1
2020-04-01,2470.5,-0.270410326920016,0.9505952380952378,0.6363616635596326,1
2020-04-02,2526.899902,-0.25375427103581305,0.9474735449735446,0.6364084023205308,1
2020-04-03,2488.649902,-0.26505028601063985,0.9490740740740737,0.6364634444800042,1
2020-04-06,2663.679932,-0.2133603032675191,0.898466226354885,0.6365443451840954,1
2020-04-07,2659.409912,-0.21462132836197156,0.8975852765740481,0.6366126254711938,1
2020-04-08,2749.97998,-0.18787411674369514,0.8526711623146562,0.6366469674049214,1
2020-04-09,2789.820068,-0.17610851594248178,0.8349810127817716,0.6366699722514642,1
2020-04-13,2761.629883,-0.18443365978308657,0.8414923494116614,0.6366973096554094,1
2020-04-14,2846.060059,-0.15949968507921075,0.8088731670685976,0.6367093919784284,1
2020-04-15,2783.360107,-0.1780162758429471,0.8439105363025415,0.6368495013779756,1
2020-04-16,2799.550049,-0.17323505160050068,0.8282392047777435,0.6370009196429127,1
2020-04-17,2874.560059,-0.1510830464705163,0.801445158410122,0.6370866529729317,1
2020-04-20,2823.159912,-0.1662625714435958,0.8335097947270238,0.6371097065911944,1
2020-04-21,2736.560059,-0.19183729657577342,0.8843185125046844,0.6371477907766452,1
2020-04-22,2799.310059,-0.17330592560399893,0.8300570578147456,0.637281884045331,1
2020-04-23,2797.800049,-0.1737518627431398,0.8299969442864765,0.637346163825902,1
2020-04-24,2836.73999,-0.16225209394170526,0.8309988090263424,0.6374260742020028,1
2020-04-27,2878.47998,-0.1499254128413362,0.8079395959387037,0.6375383842055341,1
2020-04-28,2863.389893,-0.15438182718704696,0.8037238010900646,0.6376609896416263,1
2020-04-29,2939.51001,-0.13190198453299307,0.7731633338205439,0.6377527637689325,1
2020-04-30,2912.429932,-0.13989929084952835,0.7854452865855714,0.6377799474697478,1
2020-05-01,2830.709961,-0.1640328860432122,0.8201727965851877,0.6378147190559431,1
2020-05-04,2842.73999,-0.16048017002408543,0.8177349341876324,0.6379283811931723,1
2020-05-05,2868.439941,-0.15289044371432559,0.7771590086476666,0.6379847609874001,1
2020-05-06,2848.419922,-0.15880276879720967,0.7950077670010959,0.6380220819212361,1
2020-05-07,2881.189941,-0.14912510538938328,0.7768601793773126,0.6381011038096138,1
2020-05-08,2929.800049,-0.1347695365555025,0.7441573063004654,0.638209187975322,1
2020-05-11,2930.189941,-0.13465439339548768,0.7367307747200877,0.6382181143455267,1
2020-05-12,2870.120117,-0.1523942530409571,0.7762196644957091,0.6383401848324215,1
2020-05-13,2820.0,-0.16719575871865822,0.8030290903565696,0.6384036789418763,1
2020-05-14,2852.5,-0.1575978374982172,0.7910883044687599,0.6384305509466139,1
2020-05-15,2863.699951,-0.1542902606560388,0.7641827043216378,0.6384517141282293,1
2020-05-18,2953.909912,-0.12764939607212933,0.7447533493606291,0.6385656416143006,1
2020-05-19,2922.939941,-0.13679546812927834,0.6830169956175677,0.6389363575171348,1
2020-05-20,2971.610107,-0.12242216292762342,0.6502663838729363,0.6390218435426843,1
2020-05-21,2948.51001,-0.12924409865656328,0.6725796908746483,0.639172584218609,1
2020-05-22,2955.449951,-0.12719459074910144,0.6800805988460115,0.639296943238287,1
2020-05-26,2991.77002,-0.11646852425731746,0.6632410650876168,0.639395075696805,1
2020-05-27,3036.129883,-0.1033681405519773,0.6466211337417377,0.6395477566082076,1
2020-05-28,3029.72998,-0.10525816408466848,0.6507277863195914,0.6397748086446045,1
2020-05-29,3044.310059,-0.10095236563452059,0.6428888705074562,0.6397939482938443,1
2020-06-01,3055.72998,-0.0975798271083157,0.6100852105193967,0.6398734464849716,0
2020-06-02,3080.820068,-0.0901702059379178,0.607939696860951,0.6398594173924197,0
2020-06-03,3122.870117,-0.07775195801121981,0.5919002332113472,0.6398453882998678,0
2020-06-04,3112.350098,-0.08085873689120582,0.6014484736874363,0.6398313592073159,0
2020-06-05,3193.929932,-0.05676652704786256,0.570619832457435,0.639817330114764,0
2020-06-08,3232.389893,-0.04540850625342463,0.559066927080829,0.6398033010222122,0
2020-06-09,3207.179932,-0.052853528396451965,0.5864533346048426,0.6397928224321243,0
2020-06-10,3190.139893,-0.05788580383999786,0.6012883614333941,0.6397894448469643,0
2020-06-11,3002.100098,-0.11341783887747103,0.7538130468646053,0.6397860672618043,0
2020-06-12,3041.310059,-0.10183832759333056,0.7478276862336896,0.6398407119356839,0
2020-06-15,3066.590088,-0.0943726129227932,0.7394905217507379,0.6399038857888117,1
2020-06-16,3124.73999,-0.07719974589595124,0.7063169437523901,0.6399444197148779,1
2020-06-17,3113.48999,-0.08052210324148845,0.7039281111913731,0.6399854752900279,1
2020-06-18,3115.340088,-0.07997573109213174,0.6946481259878066,0.6399994883492122,1
2020-06-19,3097.73999,-0.08517340352524061,0.6994832165054208,0.640088639216456,1
2020-06-22,3117.860107,-0.07923151743563894,0.6934111542560998,0.640261408370474,1
2020-06-23,3131.290039,-0.07526538114850423,0.6856094626692101,0.6403581008091285,1
2020-06-24,3050.330078,-0.09917452969274965,0.7348559964778602,0.6404379173017452,1
2020-06-25,3083.76001,-0.08930198034688197,0.7079427996966814,0.6406613436998947,1
2020-06-26,3009.050049,-0.11136537481027331,0.7474876561215341,0.6408875561975205,1
2020-06-29,3053.23999,-0.09831517258092137,0.7147374663563647,0.6413008943555126,1
2020-06-30,3100.290039,-0.08442032138954025,0.7028387772018396,0.6413823625261945,1
2020-07-01,3115.860107,-0.07982215874151222,0.6831278603310843,0.6414177934332232,1
2020-07-02,3130.01001,-0.07564340014856208,0.6690392759454701,0.6415519850512782,1
2020-07-06,3179.719971,-0.06096302200858683,0.6376662084208861,0.6417298796137474,0
2020-07-07,3145.320068,-0.07112202382350408,0.6662591270009031,0.641720516018769,0
2020-07-08,3169.939941,-0.06385126685392672,0.6629839540871457,0.6417735763903134,0
2020-07-09,3152.050049,-0.06913452144033294,0.6633714786384521,0.6417868325513145,1
2020-07-10,3185.040039,-0.05939189605315942,0.5928443493378652,0.6418784382833004,0
2020-07-13,3155.219971,-0.06819837800553463,0.5987428155114033,0.6418578832083811,0
2020-07-14,3197.52002,-0.0557062999156025,0.569016872068035,0.6418373281334617,0
2020-07-15,3226.560059,-0.047130176636816845,0.48533928074724886,0.6418167730585423,0
2020-07-16,3215.570068,-0.050375747954704675,0.5083212679160158,0.6417962179836231,0
2020-07-17,3224.72998,-0.047670636762022434,0.4992550286646914,0.6417880994216488,0
2020-07-20,3251.840088,-0.039664461966279485,0.48554708980927064,0.6417861991161473,0
2020-07-21,3257.300049,-0.038052022718750855,0.47763332673340037,0.6417842988106458,0
2020-07-22,3276.02002,-0.032523628660075854,0.4713828517465883,0.6417823985051442,0
2020-07-23,3235.659912,-0.044442802107229396,0.4456329498302624,0.6417804981996427,0
2020-07-24,3215.629883,-0.05035808334984926,0.47831329790341687,0.641778597894141,0
2020-07-27,3239.409912,-0.04333534965871688,0.47228019736823784,0.6417766975886395,0
2020-07-28,3218.439941,-0.049528215186499414,0.5087328000227409,0.641767333993661,0
2020-07-29,3258.439941,-0.0377153890690336,0.478062699687073,0.6417579703986827,0
2020-07-30,3246.219971,-0.04132419858829983,0.4923403610572824,0.6417486068037043,0
2020-07-31,3271.120117,-0.03397067121336206,0.46338385307508195,0.6417392432087259,0
2020-08-03,3294.610107,-0.027033592029086728,0.41746676546135897,0.6417298796137474,0
2020-08-04,3306.51001,-0.02351930490524401,0.3974559701190969,0.641720516018769,0
2020-08-05,3327.77002,-0.01724078487060443,0.3868000529558363,0.6417007495745468,0
2020-08-06,3349.159912,-0.010923907998920068,0.3728441393341537,0.6416601774318373,0
2020-08-07,3351.280029,-0.010297793662177979,0.32102137355863464,0.6416196052891275,0
2020-08-10,3360.469971,-0.007583813990288069,0.32994713763490646,0.641579033146418,0
2020-08-11,3333.689941,-0.015492509935550958,0.34164656747821665,0.6415384610037083,0
2020-08-12,3380.350098,-0.0017128019041846576,0.3256267908564501,0.6414978888609987,0
2020-08-13,3373.429932,-0.0037564698457346335,0.3192961236032412,0.6414573167182892,0
2020-08-14,3372.850098,-0.003927706801209463,0.3256788566270597,0.6414380150623868,0
2020-08-17,3381.98999,-0.0012285079279990008,0.31972817776756696,0.6414293486498881,0
2020-08-18,3389.780029,0.0,0.3223677248677248,0.6414206822373895,0
2020-08-19,3374.850098,-0.004404395232809444,0.342520724014821,0.6414120158248907,0
2020-08-20,3385.51001,-0.001259674363371488,0.33092959865403515,0.6414033494123921,0
2020-08-21,3397.159912,0.0,0.30854497354497346,0.6413946829998933,0
2020-08-24,3431.280029,0.0,0.2933730158730158,0.6413860165873947,0
2020-08-25,3443.620117,0.0,0.287089947089947,0.6413841895567945,0
2020-08-26,3478.72998,0.0,0.28202380952380945,0.6413823625261945,0
2020-08-27,3484.550049,0.0,0.28111111111111103,0.6413805354955944,0
2020-08-28,3508.01001,0.0,0.2827777777777777,0.6413787084649942,0
2020-08-31,3500.310059,-0.002194962664887057,0.2892344842983935,0.6413768814343941,0
2020-09-01,3526.649902,0.0,0.2669973544973544,0.641375054403794,0
2020-09-02,3580.840088,0.0,0.281084656084656,0.6413495223741001,0
2020-09-03,3455.060059,-0.03512584363136184,0.3943467795534013,0.6412765803462194,0
2020-09-04,3426.959961,-0.04297319154677648,0.43238793567623746,0.641203638318338,0
2020-09-08,3331.840088,-0.06953675502975998,0.45136738645899227,0.6411306962904573,0
2020-09-09,3398.959961,-0.05079258568666911,0.42775004462294464,0.6410577542625759,0
2020-09-10,3339.189941,-0.06748420511985731,0.45194665460943717,0.6409848122346951,0
2020-09-11,3340.969971,-0.06698710668589902,0.4344982846368354,0.6409118702068143,0
2020-09-14,3383.540039,-0.055098815962540626,0.409914875451345,0.6408609429625056,0
2020-09-15,3401.199951,-0.050167036948118526,0.39476393640123414,0.6408210231099836,0
2020-09-16,3385.48999,-0.05455426469745217,0.40739633456815944,0.6407811032574612,0
2020-09-17,3357.01001,-0.06250770000874717,0.4303796103808669,0.6407411834049391,0
2020-09-18,3319.469971,-0.0729912843290309,0.4463064724117682,0.6407012635524171,0
2020-09-21,3281.060059,-0.0837177929292664,0.49415182770559574,0.6406613436998947,0
2020-09-22,3315.570068,-0.07408038713847198,0.46181974498944667,0.6406214238473726,0
2020-09-23,3236.919922,-0.09604454752183278,0.4972375840103262,0.6405821010161666,0
2020-09-24,3246.590088,-0.0933440175449689,0.4796715512126927,0.6405427781849609,0
2020-09-25,3298.459961,-0.07885862536735544,0.45351923932971533,0.640503455353755,0
2020-09-28,3351.600098,-0.06401849408696636,0.45997034105250767,0.640464132522549,0
2020-09-29,3335.469971,-0.06852305910623502,0.4839604751602862,0.6404248096913432,0
2020-09-30,3363.0,-0.06083491098360383,0.4657267609051922,0.6403854868601372,0
2020-10-01,3380.800049,-0.055863996739303756,0.4442457907961591,0.6403591652002238,0
2020-10-02,3348.419922,-0.06490660300047446,0.46849638920903486,0.6403588458828953,0
2020-10-05,3408.600098,-0.04810044173075623,0.4656570380134153,0.6403585265655667,0
2020-10-06,3360.969971,-0.06140182515740422,0.5129282219349167,0.6403582072482381,0
2020-10-07,3419.439941,-0.045073262986772056,0.5034397674359782,0.6403578879309094,0
2020-10-08,3446.830078,-0.037424181674319934,0.4940624571626229,0.6403575686135808,0
2020-10-09,3477.139893,-0.02895973918174033,0.4726220573884587,0.6403572492962523,0
2020-10-12,3534.219971,-0.01301932391681826,0.4565623421393352,0.6403332092354755,0
2020-10-13,3511.929932,-0.019244131071624593,0.4770215287145208,0.6402973088029749,0
2020-10-14,3488.669922,-0.025739816281904804,0.4943666155171216,0.640261408370474,0
2020-10-15,3483.340088,-0.027228247451412058,0.5140231032909006,0.6402255079379733,0
2020-10-16,3483.810059,-0.027097001434150614,0.5073841265887055,0.6401896075054726,0
2020-10-19,3426.919922,-0.04298437300113245,0.49818177670188785,0.6401537070729718,0
2020-10-20,3443.120117,-0.03846024050655683,0.4887448812004606,0.6401178066404711,0
2020-10-21,3435.560059,-0.04057149312164421,0.5195984901586713,0.640100306186062,0
2020-10-22,3453.48999,-0.035564307500569936,0.4899787563022711,0.6400828057316529,0
2020-10-23,3465.389893,-0.032241092079730915,0.48868931049567693,0.6400653052772438,0
2020-10-26,3400.969971,-0.05023126210041462,0.4956743399173228,0.6400478048228346,0
2020-10-27,3390.679932,-0.053104900338124206,0.5113449280247965,0.6400303043684255,0
2020-10-28,3271.030029,-0.08651881999372879,0.6434654411353316,0.6400128039140163,0
2020-10-29,3310.110107,-0.07560515810445201,0.6203955018946543,0.640111973155668,0
2020-10-30,3269.959961,-0.0868176515454604,0.6535727162460867,0.640094472701259,0
2020-11-02,3310.23999,-0.07556888644841375,0.6214763145317472,0.6402733751813076,0
2020-11-03,3369.159912,-0.05911466884806604,0.609852946533023,0.6402374747488069,0
2020-11-04,3443.439941,-0.03837092515257834,0.5725795017174853,0.6402015743163061,0
2020-11-05,3510.449951,-0.019657436598715772,0.5435360138655486,0.6401656738838054,0
2020-11-06,3509.439941,-0.019939496108545507,0.5235834799863391,0.6401297734513047,0
2020-11-09,3550.5,-0.008472896653965223,0.5123500156672978,0.640106139670865,0
2020-11-10,3545.530029,-0.009860831015138016,0.5131160660012343,0.640088639216456,0
2020-11-11,3572.659912,-0.0022844292956317735,0.5007968707103135,0.6400711387620467,0
2020-11-12,3537.01001,-0.012240166252294293,0.535640580455134,0.6400536383076376,0
2020-11-13,3585.149902,0.0,0.5106349206349206,0.6400361378532285,0
2020-11-16,3626.909912,0.0,0.5062566137566137,0.6400186373988194,0
2020-11-17,3609.530029,-0.004791925749933035,0.5220333796829884,0.6400011369444103,0
2020-11-18,3567.790039,-0.016300342284321978,0.5379863366671122,0.6399986640516131,0
2020-11-19,3581.870117,-0.01241822821432137,0.5255632495185611,0.6399961911588159,0
2020-11-20,3557.540039,-0.019126439498947212,0.5358750078220169,0.6399937182660187,0
2020-11-23,3577.590088,-0.013598304120215565,0.5230507691770627,0.6399912453732214,0
2020-11-24,3635.409912,0.0,0.4930423280423279,0.6399887724804242,0
2020-11-25,3629.649902,-0.0015844183020425895,0.46617378873493776,0.639986299587627,0
2020-11-27,3638.350098,0.0,0.45583333333333326,0.639982136537582,0
2020-11-30,3621.629883,-0.004595548682681971,0.4547739176784775,0.6399745931730411,0
2020-12-01,3662.449951,0.0,0.43732804232804223,0.6399670498085003,0
2020-12-02,3669.01001,0.0,0.4342592592592592,0.6399595064439595,0
2020-12-03,3666.719971,-0.00062415719601705,0.41434687223310396,0.6399519630794187,0
2020-12-04,3699.120117,0.0,0.3772222222222221,0.6399444197148779,0
2020-12-07,3691.959961,-0.0019356376039518786,0.37826191856389557,0.639936876350337,0
2020-12-08,3702.25,0.0,0.389126984126984,0.6399296732636934,0
2020-12-09,3672.820068,-0.007949201701667907,0.4032956557986151,0.6399226403159984,0
2020-12-10,3668.100098,-0.009224093996893834,0.41174351597087566,0.6399156073683034,0
2020-12-11,3663.459961,-0.010477422918495516,0.4182607381900252,0.6399085744206084,0
2020-12-14,3647.48999,-0.014791008170706998,0.43169100874664723,0.6399015414729134,0
2020-12-15,3694.620117,-0.0020608773043420126,0.36510532789748545,0.6398945085252185,0
2020-12-16,3701.169922,-0.00029173556620976093,0.3565405588699278,0.6398874755775235,0
2020-12-17,3722.47998,0.0,0.3548809523809523,0.6398734464849716,0
2020-12-18,3709.409912,-0.0035111184130531825,0.3800863579686796,0.6398594173924197,0
2020-12-21,3694.919922,-0.007403681993744415,0.4130907675988424,0.6398453882998678,0
2020-12-22,3687.26001,-0.00946142630429947,0.4034039761154238,0.6398313592073159,0
2020-12-23,3690.01001,-0.008722671491708134,0.3418693221921661,0.639817330114764,0
2020-12-24,3703.060059,-0.005216930945052378,0.31099576686951247,0.6398033010222122,0
2020-12-28,3735.360107,0.0,0.2922883597883597,0.6397928224321243,0
2020-12-29,3727.040039,-0.002227380429642767,0.2532680946108093,0.6397894448469643,0
2020-12-30,3732.040039,-0.0008888214000514205,0.23769356980704576,0.6397860672618043,0
2020-12-31,3756.070068,0.0,0.2314682539682539,0.6397826896766443,0
2021-01-04,3700.649902,-0.014754827518302815,0.275946533762704,0.6397793120914844,0
2021-01-05,3726.860107,-0.007776734850836631,0.2555490130379351,0.6397759345063244,0
2021-01-06,3748.139893,-0.0021112958108959745,0.24244096238048252,0.6397725569211644,0
2021-01-07,3803.790039,0.0,0.22566137566137562,0.6397394775664105,0
2021-01-08,3824.679932,0.0,0.22154761904761897,0.6396915473268598,0
2021-01-11,3799.610107,-0.006554751102242018,0.24496887592586494,0.6396436170873089,0
2021-01-12,3801.189941,-0.006141688041256921,0.23627214205162464,0.6395956868477582,0
2021-01-13,3809.840088,-0.003880022449941345,0.22358459836850095,0.6395477566082076,0
2021-01-14,3795.540039,-0.00761891021421035,0.23325644887080896,0.6394998263686567,0
2021-01-15,3768.25,-0.014754157995775508,0.26954361393355486,0.639451896129106,0
2021-01-19,3798.909912,-0.006737823937733811,0.23513565327554503,0.6394363996475693,0
2021-01-20,3851.850098,0.0,0.2291534391534391,0.6394209031660327,0
2021-01-21,3853.070068,0.0,0.21726190476190468,0.6394054066844961,0
2021-01-22,3841.469971,-0.0030106114851996546,0.23771326288276862,0.6393899102029594,0
2021-01-25,3855.360107,0.0,0.21402116402116395,0.6393744137214228,0
2021-01-26,3849.620117,-0.0014888336862691753,0.22452469566161817,0.639358917239886,0
2021-01-27,3750.77002,-0.027128487118518563,0.36117852316656074,0.6393421308754565,0
2021-01-28,3787.379883,-0.01763265223307453,0.33389727791778456,0.6393227647452411,0
2021-01-29,3714.23999,-0.03660361498885012,0.4085936501559322,0.6393033986150255,0
2021-02-01,3773.860107,-0.021139400143717846,0.42432230662748777,0.6392840324848101,0
2021-02-02,3826.310059,-0.007534976550505723,0.4159335062521411,0.6392646663545946,0
2021-02-03,3830.169922,-0.006533808593978896,0.3927876602598645,0.6392453002243791,0
2021-02-04,3871.73999,0.0,0.40869047619047605,0.6392259340941636,0
2021-02-05,3886.830078,0.0,0.39010582010581996,0.6392007209178986,0
2021-02-08,3915.590088,0.0,0.3869312169312168,0.639172584218609,0
2021-02-09,3911.22998,-0.0011135251397642598,0.39869072752221435,0.6391444475193193,0
2021-02-10,3909.879883,-0.0014583255324656097,0.40481877370774166,0.6391163108200297,0
2021-02-11,3916.379883,0.0,0.39146825396825385,0.6390881741207401,0
2021-02-12,3934.830078,0.0,0.3790211640211639,0.6390600374214503,0
2021-02-16,3932.590088,-0.0005692723588049953,0.3624027035501426,0.6390319007221608,0
2021-02-17,3931.330078,-0.0008894920315793975,0.36797215234265707,0.639016814952946,0
2021-02-18,3913.969971,-0.005301399701255427,0.3969833727631995,0.6390017291837314,0
2021-02-19,3906.709961,-0.007146462856737368,0.3957715226238519,0.6389866434145169,0
2021-02-22,3876.5,-0.014824039880687256,0.418728001295978,0.6389715576453022,0
2021-02-23,3881.370117,-0.013586345519441823,0.4321237204434359,0.6389564718760876,0
2021-02-24,3925.429932,-0.0023889585607665964,0.38709955450572403,0.6389413861068729,0
2021-02-25,3829.340088,-0.026809287290397665,0.40698595956329187,0.638908473470328,0
2021-02-26,3811.149902,-0.03143215171895408,0.45755985190401466,0.6388399070991226,0
2021-03-01,3901.820068,-0.008389183102101905,0.4102654324209349,0.638771340727917,0
2021-03-02,3870.290039,-0.01640224297380699,0.41218269156856824,0.6387027743567116,0
2021-03-03,3819.719971,-0.02925414940878679,0.40010497929054406,0.6386342079855059,0
2021-03-04,3768.469971,-0.0422788541569139,0.4545838313375029,0.6385656416143006,0
2021-03-05,3841.939941,-0.023607153335377107,0.39246879564266407,0.6384970752430953,0
2021-03-08,3821.350098,-0.028839867986797496,0.38345704793336327,0.6384707573771348,0
2021-03-09,3875.439941,-0.015093443890259906,0.34771530727148636,0.6384655637637969,0
2021-03-10,3898.810059,-0.009154148536525408,0.33072042797928014,0.6384603701504591,0
2021-03-11,3939.340088,0.0,0.30277777777777765,0.6384551765371212,0
2021-03-12,3943.340088,0.0,0.2858333333333333,0.6384499829237834,0
2021-03-15,3968.939941,0.0,0.27681216931216923,0.6384447893104456,0
2021-03-16,3962.709961,-0.001569683616434503,0.28235981081591177,0.6384395956971077,0
2021-03-17,3974.120117,0.0,0.2768386243386243,0.6384368822719596,0
2021-03-18,3915.459961,-0.014760539257248628,0.31390312329917447,0.6384341688468114,0
2021-03-19,3913.100098,-0.015354346925493312,0.3197479676333432,0.6384314554216632,0
2021-03-22,3940.590088,-0.008437095007916229,0.2970292759142613,0.6384287419965151,0
2021-03-23,3910.52002,-0.01600356685947646,0.33222015324724463,0.638426028571367,0
2021-03-24,3889.139893,-0.021383406011429296,0.36849077504440286,0.6384233151462188,0
2021-03-25,3909.52002,-0.016255194885444357,0.3487654931217924,0.6384189594455137,0
2021-03-26,3974.540039,0.0,0.30298941798941786,0.6384113191936951,0
2021-03-29,3971.090088,-0.0008680126420032019,0.27494373157252017,0.6384036789418763,0
2021-03-30,3958.550049,-0.004023104521051257,0.2589811645787006,0.6383960386900576,0
2021-03-31,3972.889893,-0.0004151791109934244,0.2572177916527687,0.6383883984382388,0
2021-04-01,4019.870117,0.0,0.2314947089947089,0.63838075818642,0
2021-04-05,4077.909912,0.0,0.24187830687830678,0.6383731179346014,0
2021-04-06,4073.939941,-0.0009735308247780239,0.2634301417516383,0.6383553780082082,0
2021-04-07,4079.949951,0.0,0.2508862433862433,0.6383325882445281,0
2021-04-08,4097.169922,0.0,0.24130952380952372,0.6383097984808478,0
2021-04-09,4128.799805,0.0,0.2412698412698412,0.6382870087171676,0
2021-04-12,4127.990234,-0.00019607901526719207,0.27863476571779144,0.6382642189534875,0
2021-04-13,4141.589844,0.0,0.26824074074074067,0.6382414291898072,0
2021-04-14,4124.660156,-0.004087726848308382,0.27732590713860483,0.638218639426127,0
2021-04-15,4170.419922,0.0,0.2756613756613756,0.6382170641843261,0
2021-04-16,4185.470215,0.0,0.31346560846560834,0.6382154889425253,0
2021-04-19,4163.259766,-0.0053065600420239,0.30300808369064025,0.6382139137007246,0
2021-04-20,4134.939941,-0.012072783081554128,0.38136564657617167,0.6382123384589237,0
2021-04-21,4173.419922,-0.002879077470630209,0.32870621571607894,0.6382107632171228,0
2021-04-22,4134.97998,-0.01206321689234624,0.3009308867258418,0.638209187975322,0
2021-04-23,4180.169922,-0.0012663554458003379,0.27364925616458996,0.6382010022138209,0
2021-04-26,4187.620117,0.0,0.24543650793650784,0.6381795954129195,0
2021-04-27,4186.720215,-0.00021489580593681001,0.23233459454384367,0.6381581886120178,0
2021-04-28,4183.180176,-0.0010602540048884057,0.23203950057306177,0.6381367818111163,0
2021-04-29,4211.470215,0.0,0.22559523809523802,0.6381153750102148,0
2021-04-30,4181.169922,-0.007194706706479703,0.24592200783613535,0.6380939682093132,0
2021-05-03,4192.660156,-0.004466387755279522,0.22664273408940414,0.6380725614084117,0
2021-05-04,4164.660156,-0.01111489731858406,0.23796750641193043,0.6380582018269654,0
2021-05-05,4167.589844,-0.01041925236553054,0.2243549546904884,0.6380473658552466,0
2021-05-06,4201.620117,-0.0023388739554459637,0.21072992916981553,0.6380365298835278,0
2021-05-07,4232.600098,0.0,0.18537037037037032,0.638025693911809,0
2021-05-10,4188.430176,-0.010435647350873323,0.22690108369935477,0.6380148579400903,0
2021-05-11,4152.100098,-0.01901904222844919,0.3000053903566786,0.6380040219683715,0
2021-05-12,4063.040039,-0.04006049593017802,0.3594085739521924,0.6379931859966527,0
2021-05-13,4112.5,-0.02837501659009789,0.32492303578113324,0.6379903776602351,0
2021-05-14,4173.850098,-0.013880356905855762,0.29647124310184164,0.6379875693238176,0
2021-05-17,4163.290039,-0.01637529116741976,0.30880378855434276,0.6379847609874001,0
2021-05-18,4127.830078,-0.02475311098950883,0.3086984421821195,0.6379819526509826,0
2021-05-19,4115.680176,-0.027623663774720253,0.3332013065825743,0.637979144314565,0
2021-05-20,4159.120117,-0.017360482752604156,0.3235706745412201,0.6379763359781476,0
2021-05-21,4155.859863,-0.018130754907902058,0.3308838900164665,0.6379667833270863,0
2021-05-24,4197.049805,-0.0083991617863447,0.2896424862071056,0.637943742046738,0
2021-05-25,4188.129883,-0.010506594993704543,0.28807087695540834,0.6379207007663895,0
2021-05-26,4195.990234,-0.008649497507997261,0.26713865626885586,0.637897659486041,0
2021-05-27,4200.879883,-0.007494262218391223,0.277643908312863,0.6378746182056926,0
2021-05-28,4204.109863,-0.006731142640539645,0.2542017097929861,0.6378515769253442,0
2021-06-01,4202.040039,-0.007220162144408571,0.266984300393396,0.6378285356449959,0
2021-06-02,4208.120117,-0.0057836744396351225,0.2614509913381441,0.6378167644433664,0
2021-06-03,4192.850098,-0.009391390417153422,0.29915326638418194,0.6378106282810967,0
2021-06-04,4229.890137,-0.0006402591639309563,0.2583212210496271,0.6378044921188268,0
2021-06-07,4226.52002,-0.0014364877047734481,0.2648851609071037,0.6377983559565571,0
2021-06-08,4227.259766,-0.001261714283502302,0.27996643809258365,0.6377922197942874,0
2021-06-09,4219.549805,-0.0030832804181445406,0.25174226454410137,0.6377860836320175,0
2021-06-10,4239.180176,0.0,0.23755291005290996,0.6377799474697478,0
2021-06-11,4247.439941,0.0,0.2654497354497353,0.6377751503460745,0
2021-06-14,4255.149902,0.0,0.20173280423280418,0.6377703532224012,0
2021-06-15,4246.589844,-0.002011693641151502,0.20560186305721243,0.637765556098728,0
2021-06-16,4223.700195,-0.007390975106474573,0.23367075742935672,0.6377607589750546,0
2021-06-17,4221.859863,-0.007823470328120141,0.2154992755048552,0.6377559618513814,0
2021-06-18,4166.450195,-0.020845260224160223,0.2804640477187276,0.6377511647277081,0
2021-06-21,4224.790039,-0.0071348515796658685,0.2349110282448053,0.6377438787340406,0
2021-06-22,4246.439941,-0.002046922247300076,0.2123637141041674,0.6377316150003847,0
2021-06-23,4241.839844,-0.0031279880395621573,0.2067694586633475,0.6377193512667286,0
2021-06-24,4266.490234,0.0,0.19039682539682534,0.6377070875330726,0
2021-06-25,4280.700195,0.0,0.17167989417989413,0.6376948237994167,0
2021-06-28,4290.609863,0.0,0.17654761904761898,0.6376825600657606,0
2021-06-29,4291.799805,0.0,0.1816534391534391,0.6376702963321047,0
2021-06-30,4297.5,0.0,0.17510582010582004,0.6376619589570901,0
2021-07-01,4319.939941,0.0,0.17458994708994705,0.6376555847613962,0
2021-07-02,4352.339844,0.0,0.17321428571428565,0.6376492105657022,0
2021-07-06,4343.540039,-0.002021856131508404,0.1937754337070164,0.6376428363700083,0
2021-07-07,4358.129883,0.0,0.17984126984126977,0.6376364621743144,0
2021-07-08,4320.819824,-0.008561025027165159,0.2449689972283653,0.6376300879786204,0
2021-07-09,4369.549805,0.0,0.19111111111111106,0.6376237137829265,0
2021-07-12,4384.629883,0.0,0.17970899470899465,0.6376004420800012,0
2021-07-13,4369.209961,-0.0035168126869239424,0.18332070432483777,0.6375771703770761,0
2021-07-14,4374.299805,-0.002355974911371961,0.18705997412645053,0.637553898674151,0
2021-07-15,4360.029785,-0.005610530114612211,0.18558184248674092,0.6375306269712258,0
2021-07-16,4327.160156,-0.013107087378759208,0.23260681173281786,0.6375073552683006,0
2021-07-19,4258.490234,-0.02876859674953769,0.3649191414962705,0.6374840835653753,0
2021-07-20,4323.060059,-0.014042194128794483,0.358054336658257,0.6374632572349141,0
2021-07-21,4358.689941,-0.005916107560315131,0.337072874045923,0.6374473216493808,0
2021-07-22,4367.47998,-0.003911368452441777,0.3273391447884327,0.6374313860638473,0
2021-07-23,4411.790039,0.0,0.297116402116402,0.637415450478314,0
2021-07-26,4422.299805,0.0,0.26941798941798933,0.6373995148927806,0
2021-07-27,4401.459961,-0.004712444863289922,0.30779779097880494,0.6373835793072472,0
2021-07-28,4400.640137,-0.004897828947623584,0.29918427304402656,0.6373676437217138,0
2021-07-29,4419.149902,-0.0007122771270364758,0.30115896535667647,0.6373558646462824,0
2021-07-30,4395.259766,-0.006114474412030391,0.3420463640034311,0.637346163825902,0
2021-08-02,4387.160156,-0.007946012380316114,0.34595055877172315,0.6373364630055216,0
2021-08-03,4423.149902,0.0,0.3179894179894179,0.6373267621851412,0
2021-08-04,4402.660156,-0.00463238788057696,0.3209689183667452,0.6373170613647609,0
2021-08-05,4429.100098,0.0,0.29003968253968243,0.6373073605443804,0
2021-08-06,4436.52002,0.0,0.2606746031746031,0.637297659724,0
2021-08-09,4432.350098,-0.0009399083022734178,0.2675035513383894,0.6372739962059966,0
2021-08-10,4436.75,0.0,0.26363756613756606,0.6372503326879931,0
2021-08-11,4442.410156,0.0,0.24965608465608458,0.6372266691699898,0
2021-08-12,4460.830078,0.0,0.23921957671957664,0.6372030056519864,0
2021-08-13,4468.0,0.0,0.23088624338624333,0.6371793421339831,0
2021-08-16,4479.709961,0.0,0.1610714285714285,0.6371556786159795,0
2021-08-17,4448.080078,-0.0070606988567043505,0.21458394973915626,0.6371380156656784,0
2021-08-18,4400.27002,-0.017733277754943377,0.24131961584561454,0.6371323538507816,0
2021-08-19,4405.799805,-0.01649887082946344,0.24932245451916557,0.6371266920358848,0
2021-08-20,4441.669922,-0.00849162988925023,0.20816614634329067,0.637121030220988,0
2021-08-23,4479.529785,-4.022046104956711e-05,0.1960403280453229,0.6371153684060912,0
2021-08-24,4486.22998,0.0,0.1740873015873015,0.6371097065911944,0
2021-08-25,4496.189941,0.0,0.1735449735449735,0.6371040447762976,0
2021-08-26,4470.0,-0.005824918729784523,0.20581265379849267,0.6370997721920908,0
2021-08-27,4509.370117,0.0,0.15801587301587294,0.6370961942232293,0
2021-08-30,4528.790039,0.0,0.16160052910052905,0.6370926162543676,0
2021-08-31,4522.680176,-0.0013491159774211559,0.17743904499301114,0.637089038285506,0
2021-09-01,4524.089844,-0.0010378478488789478,0.1789702851435224,0.6370854603166445,0
2021-09-02,4536.950195,0.0,0.1604497354497354,0.6370818823477828,0
2021-09-03,4535.430176,-0.00033503100864440416,0.15593113773947376,0.6370783043789212,0
2021-09-07,4520.029785,-0.003729467874398984,0.17132721330113054,0.6370550889581186,0
2021-09-08,4514.069824,-0.005043117075698933,0.17238771932681748,0.637031873537316,0
2021-09-09,4493.279785,-0.009625499095874623,0.20710615447060504,0.6370086581165136,0
2021-09-10,4458.580078,-0.017273744174306604,0.23723642951710433,0.636985442695711,0
2021-09-13,4468.72998,-0.015036580096290941,0.20904918712084009,0.6369622272749085,0
2021-09-14,4443.049805,-0.020696808641074482,0.21806368359680256,0.6369390118541058,0
2021-09-15,4480.700195,-0.012398196493757174,0.17904450245917522,0.6369129586884859,0
2021-09-16,4473.75,-0.01393010552984486,0.181980676900364,0.6368812300332308,0
2021-09-17,4432.990234,-0.022914062648201616,0.20600216618313288,0.6368495013779756,0
2021-09-20,4357.72998,-0.03950235451063844,0.3579716084815491,0.6368177727227206,0
2021-09-21,4354.189941,-0.04028262293939522,0.2966460258341525,0.6367860440674653,0
2021-09-22,4395.640137,-0.031146486500057358,0.2523096462339312,0.6367543154122103,0
2021-09-23,4448.97998,-0.019389724642987938,0.22757983888375477,0.6367225867569553,0
2021-09-24,4455.47998,-0.0179570441592648,0.20752728896995365,0.6367107012584826,0
2021-09-27,4443.109863,-0.020683571114229693,0.2095689625857528,0.6367087373384013,0
2021-09-28,4352.629883,-0.04062647903940697,0.3153523039478174,0.6367067734183198,0
2021-09-29,4359.459961,-0.03912104527742133,0.2964293813170325,0.6367048094982385,0
2021-09-30,4307.540039,-0.05056483896447095,0.3412598173393756,0.6367028455781572,0
2021-10-01,4357.040039,-0.03965442604996461,0.299119702794349,0.6367008816580757,0
2021-10-04,4300.459961,-0.05212537582198451,0.3583837843197147,0.6366989177379944,0
2021-10-05,4345.720215,-0.04214945542288462,0.32141267984079475,0.6366940934902393,0
2021-10-06,4363.549805,-0.038219593018917974,0.3171862629454528,0.6366892692424843,0
2021-10-07,4399.759766,-0.030238469258752843,0.30414330596764616,0.6366844449947293,0
2021-10-08,4391.339844,-0.03209432432396364,0.3084338241093912,0.6366796207469743,0
2021-10-11,4361.189941,-0.038739736264616575,0.31696387399373027,0.6366747964992192,0
2021-10-12,4350.649902,-0.04106289136815178,0.3399368453031577,0.6366699722514642,0
2021-10-13,4363.799805,-0.038164489923390166,0.33094289055357073,0.6366654368408693,0
2021-10-14,4438.259766,-0.021752592547470195,0.3219628994167525,0.6366614791045948,0
2021-10-15,4471.370117,-0.014454661211020792,0.31361543472306613,0.6366575213683202,0
2021-10-18,4486.459961,-0.011128672749294077,0.2753649893097348,0.6366535636320456,0
2021-10-19,4519.629883,-0.0038176112268299978,0.2530731969642594,0.6366496058957711,0
2021-10-20,4536.189941,-0.0001675693951497248,0.24563759121068754,0.6366456481594965,0
2021-10-21,4549.779785,0.0,0.25443121693121684,0.636641690423222,0
2021-10-22,4544.899902,-0.0010725536686606585,0.26712039773572605,0.6366357468933632,0
2021-10-25,4566.47998,0.0,0.2548148148148147,0.6366288104667124,0
2021-10-26,4574.790039,0.0,0.2629629629629629,0.6366218740400615,0
2021-10-27,4551.680176,-0.005051568007053753,0.31095606150264427,0.6366149376134107,0
2021-10-28,4596.419922,0.0,0.29092592592592587,0.6366080011867599,0
2021-10-29,4605.379883,0.0,0.31223544973544964,0.636601064760109,0
2021-11-01,4613.669922,0.0,0.2683201058201057,0.6365941283334582,0
2021-11-02,4630.649902,0.0,0.27747354497354487,0.6365775339503372,0
2021-11-03,4660.569824,0.0,0.2592989417989417,0.6365609395672163,0
2021-11-04,4680.060059,0.0,0.2195767195767195,0.6365443451840954,0
2021-11-05,4697.529785,0.0,0.22882275132275126,0.6365277508009743,0
2021-11-08,4701.700195,0.0,0.2955291005291005,0.6365111564178535,0
2021-11-09,4685.25,-0.003498775829538059,0.29963503893195353,0.6364945620347324,0
2021-11-10,4646.709961,-0.011695818899401522,0.2921037657480648,0.6364801566738773,0
2021-11-11,4649.27002,-0.011151322463256341,0.23847417954850011,0.6364701293575535,0
2021-11-12,4682.850098,-0.004009208630538885,0.19926872231431855,0.6364601020412297,0
2021-11-15,4682.799805,-0.004019905399349044,0.18491647907181138,0.6364500747249059,0
2021-11-16,4700.899902,-0.0001702135327240617,0.16184446787948045,0.6364400474085821,0
2021-11-17,4688.669922,-0.002771395975833868,0.17855054289586833,0.6364300200922582,0
2021-11-18,4704.540039,0.0,0.18671957671957665,0.6364199927759345,0
2021-11-19,4697.959961,-0.0013986655327519193,0.20954876900967262,0.6364111516594071,0
2021-11-22,4682.939941,-0.004591330463964316,0.2282080092551698,0.6364029036427781,0
2021-11-23,4690.700195,-0.0029418059757744253,0.18035556399632607,0.6363946556261489,0
2021-11-24,4701.459961,-0.0006547033236974364,0.15931739002018291,0.6363864076095199,0
2021-11-26,4594.620117,-0.023364647997206722,0.4642412813003517,0.6363781595928908,0
2021-11-29,4655.27002,-0.010472866335828557,0.4034272279627825,0.6363699115762617,0
2021-11-30,4567.0,-0.029235597499396748,0.4871594365759956,0.6363616635596326,0
2021-12-01,4513.040039,-0.04070536086684162,0.4769152161089929,0.6363202671110552,0
2021-12-02,4577.100098,-0.0270887142937547,0.43782391746996585,0.6362788706624779,0
2021-12-03,4538.430176,-0.03530841732092238,0.4387457621607681,0.6362374742139006,0
2021-12-06,4591.669922,-0.023991743308447222,0.414186917366962,0.6361960777653232,0
2021-12-07,4686.75,-0.003781461918173412,0.42310918287323657,0.636154681316746,0
2021-12-08,4701.209961,-0.0007078434814870027,0.39817745450582664,0.6361132848681684,0
2021-12-09,4667.450195,-0.007883840650208196,0.4330849474045884,0.6360716844293884,0
2021-12-10,4712.02002,0.0,0.3845105820105819,0.6360296760102027,0
2021-12-13,4668.970215,-0.009136167676978557,0.4163602266091995,0.6359876675910167,0
2021-12-14,4634.089844,-0.01653859187126283,0.4611822890814941,0.6359456591718309,0
2021-12-15,4709.850098,-0.0004605078057372536,0.4234362072504825,0.6359036507526449,0
2021-12-16,4668.669922,-0.009199896820472286,0.41569596084065136,0.6358616423334591,0
2021-12-17,4620.640137,-0.019392931823748794,0.44534823776521804,0.6358196339142733,0
2021-12-20,4568.02002,-0.03056014180516997,0.49507164106567475,0.635803978717593,0
2021-12-21,4649.22998,-0.013325503655224225,0.46887420226986687,0.6358015001321653,0
2021-12-22,4696.560059,-0.0032809625032109713,0.4431699592366573,0.6357990215467376,0
2021-12-23,4725.790039,0.0,0.42788359788359775,0.63579654296131,0
2021-12-27,4791.189941,0.0,0.36445767195767187,0.6357940643758824,0
2021-12-28,4786.350098,-0.0010101546921743587,0.3610402279586515,0.6357915857904548,0
2021-12-29,4793.060059,0.0,0.33441798941798934,0.6357891072050271,0
2021-12-30,4778.72998,-0.002989755776811598,0.39799246883693573,0.6357731295177037,0
2021-12-31,4766.180176,-0.005608083910721651,0.42612123508440025,0.6357571518303803,0
2022-01-03,4796.560059,0.0,0.41674603174603164,0.635741174143057,0
2022-01-04,4793.540039,-0.0006296220547334919,0.42550422371435737,0.6357251964557334,0
2022-01-05,4700.580078,-0.02001016975069636,0.42753072221935406,0.6357092187684101,0
2022-01-06,4696.049805,-0.020954653494103304,0.4262302402775799,0.6356932410810867,0
2022-01-07,4677.029785,-0.024919999443292817,0.41889870832666026,0.6356775750189081,0
2022-01-10,4670.290039,-0.02632512017921551,0.43616686379177805,0.6356625322070191,0
2022-01-11,4713.069824,-0.017406273240203385,0.4167340887348048,0.6356474893951299,0
2022-01-12,4726.350098,-0.014637565283533216,0.38782962860479003,0.6356324465832408,0
2022-01-13,4659.029785,-0.02867268882455598,0.44598130066354114,0.6356174037713517,0
2022-01-14,4662.850098,-0.027876219489655796,0.4595096644457879,0.6356023609594627,0
2022-01-18,4577.109863,-0.04575157890251713,0.5070315243126501,0.6355873181475736,0
2022-01-19,4532.759766,-0.054997808795288594,0.49183070388767947,0.6355632212513669,0
2022-01-20,4482.72998,-0.06542815583245887,0.4649820409672045,0.6355345973130013,0
2022-01-21,4397.939941,-0.08310541577646924,0.5310624777677417,0.6355059733746358,0
2022-01-24,4410.129883,-0.08056402322637957,0.49809217178699927,0.6354773494362703,0
2022-01-25,4356.450195,-0.09175531184566366,0.4986910302994524,0.6354487254979049,0
2022-01-26,4349.930176,-0.0931146232938268,0.48913172784677195,0.6354201015595392,0
2022-01-27,4326.509766,-0.09799737462226155,0.489845526795391,0.6353914776211738,0
2022-01-28,4431.850098,-0.07603573321586554,0.45187780049395915,0.6353802903041612,0
2022-01-31,4515.549805,-0.058585788678436,0.4266786077897845,0.6353691029871489,0
2022-02-01,4546.540039,-0.05212485967539926,0.39180909086973825,0.6353579156701364,0
2022-02-02,4589.379883,-0.04319349147130125,0.376898327331699,0.6353467283531239,0
2022-02-03,4477.439941,-0.06653103767589053,0.4372578801317035,0.6353355410361115,0
2022-02-04,4500.529785,-0.061717203654011565,0.4240077343319037,0.635324353719099,0
2022-02-07,4483.870117,-0.06519045694284298,0.4293264319292951,0.6353128355352388,0
2022-02-08,4521.540039,-0.057336928260486975,0.4123228324311028,0.635300655617683,0
2022-02-09,4587.180176,-0.043652092421345046,0.4080571140802171,0.6352884757001273,0
2022-02-10,4504.080078,-0.06097702882948519,0.43925709068003815,0.6352762957825715,0
2022-02-11,4418.640137,-0.07878978212539878,0.48468001368275354,0.6352641158650157,0
2022-02-14,4401.669922,-0.0823277791047462,0.5125896312219916,0.63525193594746,0
2022-02-15,4471.069824,-0.06785909714385174,0.4868938795355849,0.6352397560299042,0
2022-02-16,4475.009766,-0.067037687226841,0.49118596541294984,0.6352233134713162,0
2022-02-17,4380.259766,-0.0867914271643232,0.5565306649781401,0.6352047395922122,0
2022-02-18,4348.870117,-0.09333562730231626,0.560627091387118,0.6351861657131082,0
2022-02-22,4304.759766,-0.10253187429128785,0.6102869263982226,0.6351675918340042,0
2022-02-23,4225.5,-0.1190561677484877,0.6433700468008305,0.6351490179549002,0
2022-02-24,4288.700195,-0.10588001771125122,0.5995163387138187,0.6352478759749414,0
2022-02-25,4384.649902,-0.08587615956712868,0.5952207036498665,0.6352356960573856,0
2022-02-28,4373.939941,-0.08810900161815338,0.6161276273386093,0.6352171221782815,0
2022-03-01,4306.259766,-0.10221915017618255,0.6153746204230591,0.6351985482991775,0
2022-03-02,4386.540039,-0.08548209861996015,0.5713219045873383,0.6351799744200736,0
2022-03-03,4363.490234,-0.09028758520127611,0.5661890175854465,0.6351614005409695,0
2022-03-04,4328.870117,-0.09750528217038634,0.604162423260548,0.6351428266618655,0
2022-03-07,4201.089844,-0.1241452640382753,0.6825192903909038,0.6351242527827614,0
2022-03-08,4170.700195,-0.1304809814328648,0.6902015163437761,0.6352295047643509,0
2022-03-09,4277.879883,-0.10813586604149317,0.673638700625453,0.635300655617683,1
2022-03-10,4259.52002,-0.11196358064824563,0.6378880428096406,0.635365373881478,1
2022-03-11,4204.310059,-0.12347390478072606,0.6514755640437494,0.6354868907490588,1
2022-03-14,4173.109863,-0.1299786072375333,0.6420986673093784,0.6356174037713517,1
2022-03-15,4262.450195,-0.1113526897255932,0.5882925398400238,0.6357038928726356,0
2022-03-16,4357.859863,-0.09146142039373573,0.596076455795234,0.6356879151853123,0
2022-03-17,4411.669922,-0.08024295167071116,0.5804449811582925,0.6356725607482784,0
2022-03-18,4463.120117,-0.06951647386846571,0.5511843189067089,0.6356575179363894,0
2022-03-21,4461.180176,-0.06992091809018675,0.5490506043537267,0.6356424751245002,0
2022-03-22,4511.609863,-0.05940719859544674,0.5235637705896683,0.6356274323126111,0
2022-03-23,4456.240234,-0.07095081075060095,0.5503790681388162,0.6356123895007221,0
2022-03-24,4520.160156,-0.05762461005390285,0.5456442410593922,0.6355973466888329,0
2022-03-25,4543.060059,-0.05285037545278859,0.5245844717073673,0.6355823038769439,0
2022-03-28,4575.52002,-0.04608303373273792,0.4941356193152642,0.6355536799385783,0
2022-03-29,4631.600098,-0.03439130522101541,0.4827510477466998,0.6355250560002128,0
2022-03-30,4602.450195,-0.04046855696840135,0.5022791995790127,0.6354964320618474,0
2022-03-31,4530.410156,-0.055487661934016996,0.5525111202467462,0.6354678081234818,0
2022-04-01,4545.859863,-0.052266664633876636,0.5213178811585354,0.6354391841851164,0
2022-04-04,4582.640137,-0.04459861220722394,0.45666648279681676,0.6354105602467507,0
2022-04-05,4525.120117,-0.05659054377744843,0.4884377530620385,0.635387748515503,0
2022-04-06,4481.149902,-0.06575757482869038,0.529623375508714,0.6353765611984905,0
2022-04-07,4500.209961,-0.06178388143893787,0.539828488414556,0.635365373881478,0
2022-04-08,4488.279785,-0.06427111726070445,0.5385935946810991,0.6353541865644656,0
2022-04-11,4412.529785,-0.08006368507352002,0.6358780093898111,0.6353429992474531,0
2022-04-12,4397.450195,-0.08320751936611992,0.6661320920224125,0.6354296428723277,0
2022-04-13,4446.589844,-0.07296275053271473,0.5843806974646544,0.6355873181475736,0
2022-04-14,4392.589844,-0.084220818676504,0.5667924956393179,0.6355632212513669,0
2022-04-18,4391.689941,-0.08440843292274114,0.5656551988723686,0.6355345973130013,0
2022-04-19,4462.209961,-0.06970622568827112,0.512972867651322,0.6355059733746358,0
2022-04-20,4459.450195,-0.07028158927510264,0.4665336743258902,0.6354773494362703,0
2022-04-21,4393.660156,-0.08399767709444628,0.5282178474339703,0.6354487254979049,0
2022-04-22,4271.779785,-0.10940763120756336,0.644410850570769,0.6354201015595392,0
2022-04-25,4296.120117,-0.10433309201685115,0.6080965358170466,0.6355823038769439,0
2022-04-26,4175.200195,-0.129542809087549,0.6519196248733126,0.6355536799385783,0
2022-04-27,4183.959961,-0.1277165490402965,0.6089080069965038,0.6356525036657596,0
2022-04-28,4287.5,-0.10613023765747043,0.6277795656122447,0.6356374608538706,0
2022-04-29,4131.930176,-0.1385638613557909,0.6196231944735098,0.6356224180419814,0
2022-05-02,4155.379883,-0.13367500210842265,0.6010316956518001,0.6356073752300924,0
2022-05-03,4175.47998,-0.12948447874318592,0.5594422210526695,0.6355923324182032,0
2022-05-04,4300.169922,-0.10348877756020203,0.5134457923315014,0.6355727625641554,0
2022-05-05,4146.870117,-0.13544914146982434,0.5849331496579689,0.63554413862579,0
2022-05-06,4123.339844,-0.1403547973378978,0.5999204658001862,0.6355155146874243,0
2022-05-09,3991.23999,-0.16789533730302042,0.6858659391551587,0.6354868907490588,0
2022-05-10,4001.050049,-0.16585010928975008,0.6751841523117211,0.6356174037713517,0
2022-05-11,3935.179932,-0.17958289199022004,0.6788989412877349,0.6357038928726356,1
2022-05-12,3930.080078,-0.1806461235430974,0.6720531260294945,0.6357899334001696,1
2022-05-13,4023.889893,-0.16108839595372204,0.682036233874625,0.635803978717593,1
2022-05-16,4008.01001,-0.16439907752648875,0.6695672528201461,0.6358599148193278,1
2022-05-17,4088.850098,-0.147545314203268,0.6645808320703764,0.6360026160973946,1
2022-05-18,3923.679932,-0.18198044353936027,0.7311939925646924,0.6362098765815157,1
2022-05-19,3900.790039,-0.18675259122821297,0.7407697761405221,0.6363781595928908,1
2022-05-20,3901.360107,-0.18663374188764648,0.7377303315350169,0.6364266776534837,1
2022-05-23,3973.75,-0.1715416984003203,0.7270669692973153,0.6364834991126519,1
2022-05-24,3941.47998,-0.17826944069960626,0.7590291489453475,0.6365775339503372,1
2022-05-25,3978.72998,-0.17050345850782567,0.73636340946865,0.6366264983244955,1
2022-05-26,4057.840088,-0.15401036616103803,0.6788071483879544,0.6366548828774705,1
2022-05-27,4158.240234,-0.1330786682848456,0.6837684760158886,0.6366796207469743,1
2022-05-31,4132.149902,-0.13851805227651381,0.6964200754302291,0.63670219093813,1
2022-06-01,4101.22998,-0.1449643224408962,0.6987323192042075,0.6367331629753735,1
2022-06-02,4176.819824,-0.12920514439033326,0.6926652208874473,0.6369129586884859,1
2022-06-03,4108.540039,-0.14344030128613472,0.7171812715962715,0.6370473504845179,1
2022-06-06,4121.430176,-0.1407529301615278,0.7175939923843093,0.6370938089106548,1
2022-06-07,4160.680176,-0.13256998248294016,0.6667559366514857,0.637121030220988,1
2022-06-08,4115.77002,-0.14193297501249957,0.671033855729285,0.6371951178126519,1
2022-06-09,4017.820068,-0.1623538497217012,0.7545203868618083,0.6373105941511739,1
2022-06-10,3900.860107,-0.1867379832593482,0.8107390190646567,0.6373676437217138,1
2022-06-13,3749.629883,-0.2182668752443948,0.8970128428858661,0.6374579453730697,1
2022-06-14,3735.47998,-0.2212168858407283,0.9025634376120483,0.6375849276113845,1
2022-06-15,3789.98999,-0.20985248941297585,0.8628811883537719,0.6376492105657022,1
2022-06-16,3666.77002,-0.23554172680067353,0.9096474266581626,0.637702999621854,1
2022-06-17,3674.840088,-0.23385925688458065,0.8879988331292213,0.6377575608926058,1
2022-06-21,3764.790039,-0.2151062443310897,0.8471486572184714,0.6377860836320175,1
2022-06-22,3759.889893,-0.2161278402122475,0.8506497045509931,0.637820855218213,1
2022-06-23,3795.72998,-0.20865580055066713,0.8401091828830226,0.6378779646709264,1
2022-06-24,3911.73999,-0.18446971540359902,0.7922895844102446,0.6379485374706007,1
2022-06-27,3900.110107,-0.18689434531690086,0.7936779762850427,0.6379847609874001,1
2022-06-28,3821.550049,-0.20327276173067932,0.8187950389445399,0.6380220819212361,1
2022-06-29,3818.830078,-0.20383982874673734,0.8168167892050793,0.6381011038096138,1
2022-06-30,3785.379883,-0.2108136171677195,0.843307028431951,0.638209187975322,1
2022-07-01,3825.330078,-0.20248469091461452,0.8251377137536218,0.6382181143455267,1
2022-07-05,3831.389893,-0.2012213240588968,0.8212539486590358,0.6383401848324215,1
2022-07-06,3845.080078,-0.19836715673239536,0.8063077838460699,0.6384036789418763,1
2022-07-07,3902.620117,-0.18637105154613065,0.7730500237601186,0.6384305509466139,1
2022-07-08,3899.379883,-0.18704658441971989,0.7534902928380552,0.6384517141282293,1
2022-07-11,3854.429932,-0.19641787352005302,0.7778707603933757,0.6385656416143006,1
2022-07-12,3818.800049,-0.203846089275039,0.7893110743258137,0.6389363575171348,1
2022-07-13,3801.780029,-0.20739446973742148,0.770407755219297,0.6390218435426843,1
2022-07-14,3790.379883,-0.209771203450702,0.77934449175989,0.639172584218609,1
2022-07-15,3863.159912,-0.19459782333979536,0.7375120970024632,0.639296943238287,1
2022-07-18,3830.850098,-0.20133386200137238,0.6982143910154033,0.639395075696805,1
2022-07-19,3936.689941,-0.17926808117133597,0.6739973587812643,0.6395477566082076,1
2022-07-20,3959.899902,-0.17442920482776758,0.6225028764811517,0.6397748086446045,0
2022-07-21,3998.949951,-0.16628794348220632,0.5853127279458432,0.6397714310594445,0
2022-07-22,3961.629883,-0.17406853364285169,0.60453038851957,0.6397235008198935,0
2022-07-25,3966.840088,-0.17298229581075708,0.5670628819570352,0.6396755705803429,0
2022-07-26,3921.050049,-0.18252872876203052,0.589484209964172,0.6396276403407922,0
2022-07-27,4023.610107,-0.16114672650656792,0.5653337437655532,0.6395797101012413,0
2022-07-28,4072.429932,-0.15096863545808892,0.5418766482639923,0.6395317798616906,0
2022-07-29,4130.290039,-0.13890580161710842,0.4979568032103712,0.6394838496221397,0
2022-08-01,4118.629883,-0.1413367429285014,0.516032662942773,0.6394467306352605,0
2022-08-02,4091.189941,-0.14705749731549445,0.564326139635736,0.6394312341537238,0
2022-08-03,4155.169922,-0.13371877535371024,0.5456609431228648,0.6394157376721872,0
2022-08-04,4151.939941,-0.13439217065373155,0.5251727211865941,0.6394002411906505,0
2022-08-05,4145.189941,-0.13579942917170518,0.5272847118314429,0.6393847447091138,0
2022-08-08,4140.060059,-0.1368689210444013,0.5132638692744455,0.6393692482275772,0
2022-08-09,4122.470215,-0.140536099977561,0.5089872353169884,0.6393537517460406,0
2022-08-10,4210.240234,-0.12223756562786336,0.4551771422454995,0.639335675498718,0
2022-08-11,4207.27002,-0.12285680399107879,0.46302340288453253,0.6393163093685026,0
2022-08-12,4280.149902,-0.107662606252795,0.43931417512240145,0.639296943238287,0
2022-08-15,4297.140137,-0.10412043544892469,0.42743129502548205,0.6392775771080715,0
2022-08-16,4305.200195,-0.10244005244509335,0.3994492269552759,0.6392582109778562,0
2022-08-17,4274.040039,-0.10893640725285447,0.4146258051055417,0.6392388448476406,0
2022-08-18,4283.740234,-0.10691408398770563,0.4033101282984742,0.6392194787174251,0
2022-08-19,4228.47998,-0.11843489334280011,0.44683086672035477,0.6391913420181353,0
2022-08-22,4137.990234,-0.1373004438387666,0.5319166172626044,0.6391632053188457,0
2022-08-23,4128.72998,-0.13923104699729982,0.5603444521639555,0.6391350686195562,0
2022-08-24,4140.77002,-0.13672090642741197,0.5362740824218889,0.6391069319202665,0
2022-08-25,4199.120117,-0.12455591812699118,0.5317686890539766,0.6390787952209769,0
2022-08-26,4057.659912,-0.15404792974781356,0.6196061929460533,0.6390506585216871,0
2022-08-29,4030.610107,-0.15968734730274337,0.6315851342236093,0.6390268721324225,0
2022-08-30,3986.159912,-0.16895444590116415,0.6177453350813968,0.639011786363208,0
2022-08-31,3955.0,-0.175450749839136,0.619892751658815,0.6389967005939933,0
2022-09-01,3966.850098,-0.17298020889849564,0.6151423882443322,0.6389816148247787,0
2022-09-02,3924.26001,-0.18185950728653233,0.5963663293787592,0.638966529055564,0
2022-09-06,3908.189941,-0.1852098393583359,0.6084555109337066,0.6389514432863493,0
2022-09-07,3979.870117,-0.17026575961820978,0.562189281912222,0.6389363575171348,0
2022-09-08,4006.179932,-0.16478061720857107,0.5482129311264756,0.6388856180132594,0
2022-09-09,4067.360107,-0.1520256064826646,0.547986283334753,0.6388170516420542,0
2022-09-12,4110.410156,-0.1430504141634893,0.5265017668374569,0.6387484852708484,0
2022-09-13,3932.689941,-0.18010201214495003,0.6191118325633578,0.638679918899643,0
2022-09-14,3946.01001,-0.17732500761750603,0.6023667287177267,0.6386113525284377,0
2022-09-15,3901.350098,-0.18663582859142525,0.6249418302885461,0.638542786157232,0
2022-09-16,3873.330078,-0.19247751923124634,0.6547957744002467,0.6384742197860267,0
2022-09-19,3899.889893,-0.1869402561357567,0.6492224872570878,0.6388627625561908,0
2022-09-20,3855.929932,-0.19610514940494783,0.6574954914552493,0.6390017291837314,1
2022-09-21,3789.929932,-0.20986501046957917,0.6807004464259288,0.6391350686195562,1
2022-09-22,3757.98999,-0.216523937201888,0.6907149680285088,0.639271121731333,1
2022-09-23,3693.22998,-0.2300252817495264,0.7063081158772093,0.6393744137214228,1
2022-09-26,3655.040039,-0.23798722541962447,0.7479391678580466,0.6394838496221397,1
2022-09-27,3647.290039,-0.23960296668100167,0.7492034541970961,0.6397554543129275,1
2022-09-28,3719.040039,-0.22464432984180016,0.6984091746461388,0.6397894448469643,1
2022-09-29,3640.469971,-0.24102483316784007,0.7188462019178099,0.6398547410282357,1
2022-09-30,3585.620117,-0.2524600812050418,0.7225793650793649,0.6399109187365069,1
2022-10-03,3678.429932,-0.23311083635907004,0.7227488766467568,0.6399519630794187,1
2022-10-04,3790.929932,-0.2096565277261757,0.7400534417370191,0.6399879481828251,1
2022-10-05,3783.280029,-0.21125140049038638,0.7448508869376699,0.6400069704292134,1
2022-10-06,3744.52002,-0.21933219350105093,0.7605663570689858,0.640106139670865,1
2022-10-07,3639.659912,-0.24119371649047883,0.7839959518520665,0.6402973088029749,1
2022-10-10,3612.389893,-0.24687904486426449,0.7959109384932018,0.6403584201264572,1
2022-10-11,3588.840088,-0.2517887728172822,0.8277777777777775,0.640477240132951,1
2022-10-12,3577.030029,-0.25425096631735933,0.839179894179894,0.6407012635524171,1
2022-10-13,3669.909912,-0.23488711350252278,0.8056476049860959,0.6409604982254014,1
2022-10-14,3583.070068,-0.25299172241637524,0.7939021164021162,0.641373836383394,1
2022-10-17,3677.949951,-0.23321090411473155,0.7657525558371486,0.6413841895567945,1
2022-10-18,3719.97998,-0.2244483683634827,0.7488089415070786,0.6414264598457219,1
2022-10-19,3695.159912,-0.22962292423158426,0.7589072974376893,0.6415925571939879,1
2022-10-20,3665.780029,-0.23574812284029822,0.7663633558739662,0.6417392432087259,1
2022-10-21,3752.75,-0.217616384692495,0.732766645757978,0.6417798647644755,1
2022-10-24,3797.340088,-0.20832012081765128,0.704613774610811,0.6418030696752628,1
2022-10-25,3859.110107,-0.1954421377964446,0.6956019939271618,0.6419195484331391,1
2022-10-26,3830.600098,-0.2013859826872232,0.6852875178490063,0.6419968972324375,1
2022-10-27,3807.300049,-0.20624364082417934,0.6840135330101791,0.6420692162793691,1
2022-10-28,3901.060059,-0.18669629671783927,0.6395249740508249,0.6421052960342442,0
2022-10-31,3871.97998,-0.19275899136614982,0.6455832764118663,0.6421033074167845,0
2022-11-01,3856.100098,-0.19606967273043385,0.600892072884986,0.6421150725209483,0
2022-11-02,3759.689941,-0.21616952675375645,0.6470224797235552,0.6421127116995695,0
2022-11-03,3719.889893,-0.22446714994838768,0.6568738074512925,0.6421260896873827,0
2022-11-04,3770.550049,-0.2139053816442581,0.625588574375226,0.6422571773014818,0
2022-11-07,3806.800049,-0.20634788219588107,0.603384654402253,0.6422312745548457,0
2022-11-08,3828.110107,-0.2019051028419533,0.5713072874315077,0.6422053718082098,0
2022-11-09,3748.570068,-0.2184878283830951,0.6065637009380208,0.642179469061574,0
2022-11-10,3956.370117,-0.1751651040881922,0.5561240508317563,0.6421535663149379,0
2022-11-11,3992.929932,-0.16754301355866752,0.5415542617730463,0.642127663568302,0
2022-11-14,3957.25,-0.17498166366647805,0.5702954567172338,0.6421253027469231,0
2022-11-15,3991.72998,-0.16779318284358002,0.5641163696768462,0.6421229419255443,0
2022-11-16,3958.790039,-0.17466059211080975,0.5645398004800615,0.6421205811041656,0
2022-11-17,3946.560059,-0.17721033189297974,0.5748613929805702,0.6421182202827868,0
2022-11-18,3965.340088,-0.17329501992586238,0.570176246133257,0.6421158594614079,0
2022-11-21,3949.939941,-0.17650568482123952,0.5791480916267571,0.6421134986400291,0
2022-11-22,4003.580078,-0.16532264190293966,0.5538236782200354,0.6421112618866234,0
2022-11-23,4027.26001,-0.1603857847159712,0.5249364866327102,0.6421092732691637,0
2022-11-25,4026.120117,-0.1606234327357977,0.5082375372723751,0.6421072846517039,0
2022-11-28,3963.939941,-0.17358692641359053,0.5849709783629752,0.6421052960342442,0
2022-11-29,3957.629883,-0.17490246461646575,0.5732295183863195,0.6421033074167845,0
2022-11-30,4080.110107,-0.1493674515042699,0.532005492069674,0.6421013187993246,0
2022-12-01,4076.570068,-0.15010548854674532,0.532930819060327,0.6420993301818649,0
2022-12-02,4071.699951,-0.15112082389960135,0.5390169463514791,0.6420902527293757,0
2022-12-05,3998.840088,-0.16631084802184493,0.5409354514886476,0.6420776308593718,0
2022-12-06,3941.26001,-0.17831530064867274,0.5916767734768199,0.6420650089893678,0
2022-12-07,3933.919922,-0.17984558233173586,0.6185131114964956,0.6420523871193639,0
2022-12-08,3963.51001,-0.1736765596079447,0.5921817127993748,0.6420397652493599,0
2022-12-09,3934.379883,-0.17974968840059724,0.5934906313717218,0.642027143379356,0
2022-12-12,3990.560059,-0.16803709118322552,0.5713005940759551,0.642014521509352,0
2022-12-13,4019.649902,-0.16197236090940814,0.5425811188055754,0.642001303301666,0
2022-12-14,3995.320068,-0.16704471144828004,0.5255727013569835,0.6419880850939801,0
2022-12-15,3895.75,-0.1878033523857937,0.6363957688946983,0.6419748668862941,0
2022-12-16,3852.360107,-0.19684939631441822,0.6642880586460848,0.6419616486786082,0
2022-12-19,3817.659912,-0.20408378816465478,0.6680883764854163,0.6420355579593586,0
2022-12-20,3821.620117,-0.20325815376181455,0.657150525254918,0.6420999930543515,1
2022-12-21,3878.439941,-0.19141220097459022,0.6189406729155399,0.6421112618866234,0
2022-12-22,3822.389893,-0.2030976687495284,0.6382939220761534,0.6421092732691637,0
2022-12-23,3844.820068,-0.1984213643305076,0.6039257430167149,0.6421072846517039,0
2022-12-27,3829.25,-0.20166745482212678,0.5863527976384039,0.6421052960342442,0
2022-12-28,3783.219971,-0.2112639215469897,0.6071542719939537,0.6421033074167845,0
2022-12-29,3849.280029,-0.19749153942575504,0.5633258261468848,0.6421013187993246,0
2022-12-30,3839.5,-0.19953050670224082,0.5555212641273449,0.6420993301818649,0
2023-01-03,3824.139893,-0.20273282394857228,0.573266161225059,0.6420902527293757,0
2023-01-04,3852.969971,-0.1962161701680949,0.5676154888577984,0.6420776308593718,0
2023-01-05,3808.100098,-0.19428311084880623,0.5558910557698901,0.6420650089893678,0
2023-01-06,3895.080078,-0.1758799079128226,0.5314130323525298,0.6420523871193639,0
2023-01-09,3892.090088,-0.17651252926714533,0.5303467811523203,0.6420397652493599,0
2023-01-10,3919.25,-0.1707660417161082,0.46604358868366835,0.642027143379356,0
2023-01-11,3969.610107,-0.1601108625702996,0.48624679169811597,0.642014521509352,0
2023-01-12,3983.169922,-0.1572418802226444,0.44988073245764937,0.642001303301666,0
2023-01-13,3999.090088,-0.1423507074106245,0.42658804465994504,0.6419880850939801,0
2023-01-17,3990.969971,-0.14409215670222475,0.38219630232838386,0.6419748668862941,0
2023-01-18,3928.860107,-0.15172725972249945,0.382324034418322,0.6419616486786082,0
2023-01-19,3898.850098,-0.15820666389492766,0.422268631594548,0.6419484304709222,0
2023-01-20,3972.610107,-0.14228128013136598,0.40540684832695123,0.6419352122632362,0
2023-01-23,4019.810059,-0.13209042794177783,0.3908497833714031,0.6419195484331391,0
2023-01-24,4016.949951,-0.13270794843998202,0.3918024481808884,0.6418989933582199,0
2023-01-25,4016.219971,-0.13286555703842629,0.38906829807574106,0.6418784382833004,0
2023-01-26,4060.429932,-0.12332026813943642,0.35802400430700615,0.6418578832083811,0
2023-01-27,4070.560059,-0.1211330916160629,0.3543411914207569,0.6418373281334617,0
2023-01-30,4017.77002,-0.13253088889627185,0.4041296592681187,0.6418167730585423,0
2023-01-31,4076.600098,-0.11982899824180804,0.3703556444510161,0.6417962179836231,0
2023-02-01,4119.209961,-0.11062918346971684,0.353191528100168,0.6417880994216488,0
2023-02-02,4179.759766,-0.09755598981766833,0.3477682459822601,0.6417861991161473,0
2023-02-03,4136.47998,-0.10690044639514551,0.36810857800221686,0.6417842988106458,0
2023-02-06,4111.080078,-0.11238449110163218,0.38753334699391623,0.6417823985051442,0
2023-02-07,4164.0,-0.10095865102902934,0.3728831854676393,0.6417804981996427,0
2023-02-08,4117.859863,-0.11092068057038029,0.40684820292784246,0.641778597894141,0
2023-02-09,4081.5,-0.11877106968659534,0.3993639079625387,0.6417766975886395,0
2023-02-10,4090.459961,-0.11683654148674727,0.38433083391108075,0.641767333993661,0
2023-02-13,4137.290039,-0.10672554809156576,0.36480346194268304,0.6417579703986827,0
2023-02-14,4136.129883,-0.1069760351749609,0.3445617184004292,0.6417486068037043,0
2023-02-15,4147.600098,-0.10449952279105423,0.3450555120053496,0.6417392432087259,0
2023-02-16,4090.409912,-0.11684734747149139,0.3244760762250488,0.6417298796137474,0
2023-02-17,4079.090088,-0.11929138921958804,0.32842744484128333,0.641720516018769,0
2023-02-21,3997.340088,-0.13694187679844894,0.4019228447507312,0.6417007495745468,0
2023-02-22,3991.050049,-0.1382999471989388,0.4027059683847582,0.6416601774318373,0
2023-02-23,4012.320068,-0.13370757770460695,0.38145438425081923,0.6416196052891275,0
2023-02-24,3970.040039,-0.1428361786428134,0.4051468006147622,0.641579033146418,0
2023-02-27,3982.23999,-0.1402021103420401,0.37812348479140045,0.6415384610037083,0
2023-02-28,3970.149902,-0.14281245833068035,0.37079293941480573,0.6414978888609987,0
2023-03-01,3951.389893,-0.14686289632253136,0.3692778036293656,0.6414573167182892,0
2023-03-02,3981.350098,-0.14039424523736155,0.3521238879356274,0.6414380150623868,0
2023-03-03,4045.639893,-0.12651355743191794,0.3332051578071903,0.6414293486498881,0
2023-03-06,4048.419922,-0.12591332663884913,0.3439928173634443,0.6414206822373895,0
2023-03-07,3986.370117,-0.13931038244830785,0.3682703425358529,0.6414120158248907,0
2023-03-08,3992.01001,-0.1380926838386124,0.35456042695554113,0.6414033494123921,0
2023-03-09,3918.320068,-0.15400293956898514,0.4342744269536815,0.6413946829998933,0
2023-03-10,3861.590088,-0.1662514020440804,0.5609699364211503,0.6413860165873947,0
2023-03-13,3855.76001,-0.16751016313671385,0.5503508201026808,0.6413841895567945,0
2023-03-14,3919.290039,-0.15379351496852822,0.4754384613484771,0.6413823625261945,0
2023-03-15,3891.929932,-0.15970078382185915,0.48777850672379697,0.6413805354955944,0
2023-03-16,3960.280029,-0.1449434439061107,0.43391890517410514,0.6413787084649942,0
2023-03-17,3916.639893,-0.15436570296920304,0.46517270599690597,0.6413768814343941,0
2023-03-20,3951.570068,-0.14682399507972377,0.42506445547132976,0.641375054403794,0
2023-03-21,4002.870117,-0.1357478987167946,0.39256679062946553,0.6413495223741001,0
2023-03-22,3936.969971,-0.14997627435493677,0.40850327525767,0.6412765803462194,0
2023-03-23,3948.719971,-0.14743935412188947,0.41413621965526193,0.641203638318338,0
2023-03-24,3970.98999,-0.1426310765226173,0.38705676272661155,0.6411306962904573,0
2023-03-27,3977.530029,-0.14121902909589235,0.3676374380896739,0.6410577542625759,0
2023-03-28,3971.27002,-0.14257061577599095,0.36962971247616255,0.6409848122346951,0
2023-03-29,4027.810059,-0.13036316310225626,0.3623484941354058,0.6409118702068143,0
2023-03-30,4050.830078,-0.11985357660127827,0.3458084189056608,0.6408609429625056,0
2023-03-31,4109.310059,-0.1032876385335949,0.29981818211332967,0.6408210231099836,0
2023-04-03,4124.509766,-0.09997083718206001,0.28955495170841905,0.6407811032574612,0
2023-04-04,4100.600098,-0.10518828111944334,0.30873916485655944,0.6407411834049391,0
2023-04-05,4090.379883,-0.09607263956745926,0.30764166483544836,0.6407012635524171,0
2023-04-06,4105.02002,-0.087815889575113,0.2895986442097122,0.6406613436998947,0
2023-04-10,4109.109863,-0.08690707797844455,0.2622646840503239,0.6406214238473726,0
2023-04-11,4108.939941,-0.08451786924419646,0.2610510727226653,0.6405821010161666,0
2023-04-12,4091.949951,-0.08297682386891148,0.2547573738278789,0.6405427781849609,0
2023-04-13,4146.220215,-0.07081462969285846,0.224435227589102,0.640503455353755,0
2023-04-14,4137.640137,-0.07273746122140379,0.2323907735715046,0.640464132522549,0
2023-04-17,4151.319824,-0.06967178589022016,0.22051090497302606,0.6404248096913432,0
2023-04-18,4154.870117,-0.06887615031255123,0.23378894651262752,0.6403854868601372,0
2023-04-19,4154.52002,-0.06895460852116542,0.21438574186561005,0.6403591652002238,0
2023-04-20,4129.790039,-0.07392394613345377,0.28839127504268414,0.6403588458828953,0
2023-04-21,4133.52002,-0.05920806952826141,0.2855338104180406,0.6403585265655667,0
2023-04-24,4137.040039,-0.03905977617377676,0.28904104357784416,0.6403582072482381,0
2023-04-25,4071.629883,-0.05425306638963401,0.3700639971278782,0.6403578879309094,0
2023-04-26,4055.98999,-0.05788585750075681,0.3772011242390033,0.6403575686135808,0
2023-04-27,4135.350098,-0.03945231099758428,0.24756764092196878,0.6403572492962523,0
2023-04-28,4169.47998,-0.03152471635526355,0.2382926225892792,0.6403332092354755,0
2023-05-01,4167.870117,-0.03189865088259847,0.20605615883689588,0.6402973088029749,0
2023-05-02,4119.580078,-0.04311532764854398,0.27566696460682416,0.640261408370474,0
2023-05-03,4090.75,-0.049811898468521854,0.27006528345323144,0.6402255079379733,0
2023-05-04,4061.219971,-0.05667105197183531,0.3079126697736097,0.6401896075054726,0
2023-05-05,4136.25,-0.03924328424871315,0.3063115178180324,0.6401537070729718,0
2023-05-08,4138.120117,-0.038808898641704115,0.29514210694147347,0.6401178066404711,0
2023-05-09,4119.169922,-0.04321059755038881,0.30022573293348237,0.640100306186062,0
2023-05-10,4137.640137,-0.0389203870692475,0.28808012585875825,0.6400828057316529,0
2023-05-11,4130.620117,-0.04055097790870554,0.2859363057655789,0.6400653052772438,0
2023-05-12,4124.080078,-0.04207008008834312,0.29369838182029734,0.6400478048228346,0
2023-05-15,4136.279785,-0.0392363658712509,0.290588930050792,0.6400303043684255,0
2023-05-16,4109.899902,-0.045363812169947226,0.3012487439161059,0.6400128039140163,0
2023-05-17,4158.77002,-0.034012396257452227,0.24697889667296374,0.6400003126468112,0
2023-05-18,4198.049805,-0.024888596382682482,0.23232663311953639,0.639997839754014,0
2023-05-19,4191.97998,-0.026298478554259264,0.2426163753233121,0.6399953668612168,0
2023-05-22,4192.629883,-0.02614752088201111,0.2507950144764026,0.6399928939684196,0
2023-05-23,4145.580078,-0.03707611952293899,0.29171356564974893,0.6399904210756223,0
2023-05-24,4115.240234,-0.04412337461580007,0.3677628643537748,0.6399879481828251,0
2023-05-25,4151.279785,-0.03575220733724804,0.35228095568300444,0.6399854752900279,0
2023-05-26,4205.450195,-0.023169654251118943,0.3167586115563691,0.639979622082735,0
2023-05-30,4205.52002,-0.023153435493143304,0.2973872971949465,0.6399720787181942,0
2023-05-31,4179.830078,-0.029120624203632484,0.32822517232478216,0.6399645353536534,0
2023-06-01,4221.02002,-0.019553138341340315,0.29060662315246544,0.6399569919891126,0
2023-06-02,4282.370117,-0.005302907406376733,0.28747459999876307,0.6399494486245717,0
2023-06-05,4273.790039,-0.007295864205450697,0.2996545079460117,0.6399419052600309,0
2023-06-06,4283.850098,-0.004959141510956,0.29158589044806776,0.6399343618954901,0
2023-06-07,4267.52002,-0.008752246885931458,0.2847355004959219,0.6399273289477951,0
2023-06-08,4293.930176,-0.0026177688584817504,0.2789085183973738,0.6399202960001001,0
2023-06-09,4298.859863,-0.0014727147897475312,0.2704180513984906,0.6399132630524051,0
2023-06-12,4338.930176,0.0,0.26203703703703696,0.6399062301047101,0
2023-06-13,4369.009766,0.0,0.26552910052910045,0.6398991971570152,0
2023-06-14,4372.589844,0.0,0.25510582010582,0.63989216420932,0
2023-06-15,4425.839844,0.0,0.26892857142857135,0.6398827992133395,0
2023-06-16,4409.589844,-0.003671619528218928,0.2656757847037039,0.6398687701207877,0
2023-06-20,4388.709961,-0.008389341754048485,0.30482911486676284,0.6398547410282357,0
2023-06-21,4365.689941,-0.013590618983094105,0.3294701184410885,0.6398407119356839,0
2023-06-22,4381.890137,-0.009930252460350841,0.3102231812592992,0.6398266828431319,0
2023-06-23,4348.330078,-0.01751300741374051,0.33797328085416045,0.63981265375058,0
2023-06-26,4328.819824,-0.021921267696011992,0.34523409266378574,0.6397986246580283,0
2023-06-27,4378.410156,-0.010716539610962084,0.3155714877447946,0.6397916965704042,0
2023-06-28,4376.859863,-0.011066821829624374,0.3050262179415809,0.6397883189852444,0
2023-06-29,4396.439941,-0.006642785106618199,0.28258774424434385,0.6397849414000844,0
2023-06-30,4450.379883,0.0,0.2602645502645502,0.6397815638149243,0
2023-07-03,4455.589844,0.0,0.20530423280423274,0.6397781862297645,0
2023-07-05,4446.819824,-0.001968318518323686,0.23697838433839047,0.6397748086446045,0
2023-07-06,4411.589844,-0.009875235724233322,0.2923661558849529,0.6397714310594445,0
2023-07-07,4398.950195,-0.01271204284574623,0.3014846101450541,0.6397344625081514,0
2023-07-10,4409.529785,-0.010337589547661286,0.29789452544661144,0.6396974939568585,0
2023-07-11,4439.259766,-0.0036650765828435405,0.28721555221687245,0.6396605254055657,0
2023-07-12,4472.160156,0.0,0.2593915343915343,0.6396235568542726,0
2023-07-13,4510.040039,0.0,0.2419708994708994,0.6395865883029798,0
2023-07-14,4505.419922,-0.0010244070917438952,0.23782981761062172,0.6395496197516867,0
2023-07-17,4522.790039,0.0,0.23615079365079358,0.639521320154739,0
2023-07-18,4554.97998,0.0,0.23814814814814808,0.6395103584664811,0
2023-07-19,4565.720215,0.0,0.23564814814814808,0.6394993967782232,0
2023-07-20,4534.870117,-0.006756896293961812,0.24605801100248956,0.6394884350899654,0
2023-07-21,4536.339844,-0.006434991549301494,0.23235161948879135,0.6394774734017076,0
2023-07-24,4554.640137,-0.002426797411632431,0.19836189234369428,0.6394665117134498,0
2023-07-25,4567.459961,0.0,0.1838756613756613,0.6394555500251919,0
2023-07-26,4566.75,-0.00015543891048019898,0.191522505528555,0.6394415651414149,0
2023-07-27,4537.410156,-0.0065791063866098565,0.19068593295493705,0.6394260686598783,0
2023-07-28,4582.22998,0.0,0.17410052910052903,0.6394105721783415,0
2023-07-31,4588.959961,0.0,0.16861111111111104,0.639395075696805,0
2023-08-01,4576.72998,-0.002665087754946227,0.18482508943291953,0.6393795792152683,0
2023-08-02,4513.390137,-0.016467745337122475,0.2599332520765046,0.6393640827337317,0
2023-08-03,4501.890137,-0.01897375979306337,0.23190872339188762,0.639348586252195,0
2023-08-04,4478.029785,-0.024173271709223343,0.2516005186436605,0.6393292201219795,0
2023-08-07,4518.439941,-0.01536732083071668,0.230014859070934,0.639309853991764,0
2023-08-08,4499.379883,-0.0195207800375925,0.2451974228175977,0.6392904878615486,0
2023-08-09,4467.709961,-0.026422108937637745,0.23260600162463613,0.639271121731333,0
2023-08-10,4468.830078,-0.026178019425085908,0.19042155981803952,0.6392517556011176,0
2023-08-11,4464.049805,-0.027219709272159442,0.19328534424828442,0.639232389470902,0
2023-08-14,4489.720215,-0.02162575983303494,0.16990593825466832,0.6392100998176619,0
2023-08-15,4437.859863,-0.03292687216365975,0.22354663813078318,0.6391819631183723,0
2023-08-16,4404.330078,-0.04023349180840663,0.2513886557785535,0.6391538264190826,0
2023-08-17,4370.359863,-0.04763608744853021,0.3245839398588711,0.639125689719793,0
2023-08-18,4369.709961,-0.047777710388264616,0.32013748527015023,0.6390975530205032,0
2023-08-21,4399.77002,-0.041227193657791816,0.30460490752162517,0.6390694163212136,0
2023-08-22,4387.549805,-0.04389015326167933,0.29174225798808917,0.639041279621924,0
2023-08-23,4436.009766,-0.03333003475730245,0.2629193221320433,0.6390218435426843,0
2023-08-24,4376.310059,-0.046339454649253375,0.285170837642596,0.6390067577734697,0
2023-08-25,4405.709961,-0.039932795569667,0.22266803193227755,0.638991672004255,0
2023-08-28,4433.310059,-0.03391833951980716,0.21303004975181083,0.6389765862350404,0
2023-08-29,4497.629883,-0.019902130063496504,0.23957038676402645,0.6389615004658259,0
2023-08-30,4514.870117,-0.016145236530643814,0.18561767008015875,0.6389464146966112,0
2023-08-31,4507.660156,-0.017716390138710958,0.17176231366909858,0.6389313289273966,0
2023-09-01,4515.77002,-0.015949134797866193,0.16845113106960868,0.6388627625561908,0
2023-09-05,4496.830078,-0.020076419010621183,0.1924514911725337,0.6387941961849856,0
2023-09-06,4465.47998,-0.026908053687418,0.20959125172648882,0.6387256298137802,0
2023-09-07,4451.140137,-0.03003291054428081,0.23295748207112632,0.6386570634425744,0
2023-09-08,4457.490234,-0.028649133598313337,0.21022552116453677,0.6385884970713691,0
2023-09-11,4487.459961,-0.02211830150243488,0.21019275545371544,0.6385199307001634,0
2023-09-12,4461.899902,-0.027688203880582796,0.2233581197889744,0.6384724885815808,0
2023-09-13,4467.439941,-0.02648095015706331,0.19491206082339652,0.638467294968243,0
2023-09-14,4505.100098,-0.01827426338706284,0.1820878462232055,0.638462101354905,0
2023-09-15,4450.319824,-0.030211668477880482,0.16978574820520254,0.6384569077415672,0
2023-09-18,4453.529785,-0.02951217207188006,0.16571883929048883,0.6384517141282293,0
2023-09-19,4443.950195,-0.03159970172596571,0.18198048863200536,0.6384465205148915,0
2023-09-20,4402.200195,-0.04069762377253372,0.19646942365931552,0.6384413269015536,0
2023-09-21,4330.0,-0.056431078763121034,0.33085221515066576,0.6384377867470089,0
2023-09-22,4320.060059,-0.05859713405331213,0.35404671959413314,0.6384350733218608,0
2023-09-25,4337.439941,-0.054809809224221295,0.34295431075160515,0.6384323598967127,0
2023-09-26,4273.529785,-0.06873674616486802,0.41232536523911134,0.6384296464715645,0
2023-09-27,4274.509766,-0.06852319429073339,0.340812489233536,0.6384269330464164,0
2023-09-28,4299.700195,-0.06303383957548525,0.2807199725699473,0.6384242196212682,0
2023-09-29,4288.049805,-0.06557262616308102,0.28175593446448016,0.63842150619612,0
2023-10-02,4288.390137,-0.06549846295335748,0.27433889628476965,0.6384138659443013,0
2023-10-03,4229.450195,-0.07834231918677648,0.3846060211193697,0.6384062256924825,0
2023-10-04,4263.75,-0.07086790117234576,0.3415758729412064,0.6383985854406639,0
2023-10-05,4258.189941,-0.07207951754016184,0.34973616178893485,0.6383909451888451,0
2023-10-06,4308.5,-0.061116236224227904,0.35421249934208926,0.6383833049370263,0
2023-10-09,4335.660156,-0.05519764982756614,0.34523188878778827,0.6383756646852076,0
2023-10-10,4358.240234,-0.05027712792458594,0.3412187968957464,0.638366738728603,0
2023-10-11,4376.950195,-0.0461999598605779,0.3144743433670849,0.6383552413624268,0
2023-10-12,4349.609863,-0.052157809184249726,0.30039360382533237,0.6383437439962505,0
2023-10-13,4327.779785,-0.056914895361842466,0.3736946998310362,0.6383322466300743,0
2023-10-16,4373.629883,-0.046923503327554905,0.3326706378554996,0.6383207492638979,0
2023-10-17,4373.200195,-0.04701713848751521,0.3458385556030076,0.6383092518977217,0
2023-10-18,4314.600098,-0.05978693763547516,0.42240570082394574,0.6382977545315456,0
2023-10-19,4278.0,-0.0677626223899842,0.4545029775558116,0.6382863938111507,0
2023-10-20,4224.160156,-0.0794950943351671,0.488502578810666,0.6382751014136469,0
2023-10-23,4217.040039,-0.0810466696508183,0.4815284903534686,0.6382638090161428,0
2023-10-24,4247.680176,-0.07436974562873067,0.4507516312624132,0.6382525166186389,0
2023-10-25,4186.77002,-0.08764293966782766,0.4510313159611814,0.6382412242211349,0
2023-10-26,4137.22998,-0.098438422831992,0.491829811102094,0.638229931823631,0
2023-10-27,4117.370117,-0.1027661709859925,0.4856077649715506,0.638218639426127,0
2023-10-30,4166.819824,-0.09199037267433663,0.4655604048811615,0.6382170641843261,0
2023-10-31,4193.799805,-0.08611104898677058,0.4192988672497331,0.6382154889425253,0
2023-11-01,4237.859863,-0.07650973226697977,0.41416617607487294,0.6382139137007246,0
2023-11-02,4317.779785,-0.05909403836700855,0.38880967143723555,0.6382123384589237,0
2023-11-03,4358.339844,-0.050255421481111395,0.3619599449307727,0.6382107632171228,0
2023-11-06,4365.97998,-0.04859052658881968,0.3610202721182237,0.638209187975322,0
2023-11-07,4378.379883,-0.045888410400101054,0.35269836761239626,0.6382010022138209,0
2023-11-08,4382.779785,-0.044929608833429446,0.35482822901281363,0.6381795954129195,0
2023-11-09,4347.350098,-0.05265024429355658,0.374397224369199,0.6381581886120178,0
2023-11-10,4415.240234,-0.037856012795139726,0.32870763863459085,0.6381367818111163,0
2023-11-13,4411.549805,-0.038660210049280885,0.3478075959744809,0.6381153750102148,0
2023-11-14,4495.700195,-0.02032263667423162,0.3279585925805064,0.6380939682093132,0
2023-11-15,4502.879883,-0.01875807998578438,0.31233773831098355,0.6380725614084117,0
2023-11-16,4508.240234,-0.017589982847095897,0.27727200058053614,0.6380582018269654,0
2023-11-17,4514.02002,-0.016330484823770197,0.21216271935466172,0.6380473658552466,0
2023-11-20,4547.379883,-0.009060893612795717,0.19445772842001086,0.6380365298835278,0
2023-11-21,4538.189941,-0.011063513395513813,0.21340849120689162,0.638025693911809,0
2023-11-22,4556.620117,-0.007047314484075806,0.22149910542321893,0.6380148579400903,0
2023-11-24,4559.339844,-0.006454647077274722,0.16487520612235923,0.6380040219683715,0
2023-11-27,4550.430176,-0.008396191147329923,0.20147754577891222,0.6379931859966527,0
2023-11-28,4554.890137,-0.007424301865683547,0.2145308553605133,0.6379903776602351,0
2023-11-29,4550.580078,-0.008363525357853896,0.2070335849267791,0.6379875693238176,0
2023-11-30,4567.799805,-0.0046111005935621785,0.1836153312942851,0.6379847609874001,0
2023-12-01,4594.629883,0.0,0.14891534391534383,0.6379819526509826,0
2023-12-04,4569.779785,-0.00540850920156688,0.15433412638579555,0.637979144314565,0
2023-12-05,4567.180176,-0.005974302108982199,0.16522471808633413,0.6379763359781476,0
2023-12-06,4549.339844,-0.009857168075185219,0.1593418292034497,0.6379701427066578,0
2023-12-07,4585.589844,-0.0019675227886031266,0.15963615962145597,0.6379571795650235,0
2023-12-08,4604.370117,0.0,0.1549603174603174,0.6379442164233892,0
2023-12-11,4622.439941,0.0,0.1684656084656084,0.6379312532817549,0
2023-12-12,4643.700195,0.0,0.1558597883597883,0.6379182901401206,0
2023-12-13,4707.089844,0.0,0.13269841269841265,0.6379053269984863,0
2023-12-14,4719.549805,0.0,0.10125661375661373,0.6378923638568521,0
2023-12-15,4719.189941,-7.624964559516112e-05,0.09653329851651307,0.6378813240504978,0
2023-12-18,4740.560059,0.0,0.08415343915343912,0.6378712459117837,0
2023-12-19,4768.370117,0.0,0.07990740740740736,0.6378611677730696,0
2023-12-20,4698.350098,-0.014684266800173096,0.1308883159274034,0.6378510896343554,0
2023-12-21,4746.75,-0.0045340685537226255,0.10503082935441418,0.6378410114956413,0
2023-12-22,4754.629883,-0.002881536806678353,0.08081234152251132,0.6378309333569271,0
2023-12-26,4774.75,0.0,0.06322751322751319,0.637820855218213,0
2023-12-27,4781.580078,0.0,0.05369047619047615,0.6378147190559431,0
2023-12-28,4783.350098,0.0,0.05382275132275128,0.6378085828936734,0
2023-12-29,4769.830078,-0.0028264751111679587,0.060666902408533785,0.6378024467314036,0
2024-01-02,4742.830078,-0.0084710546311344,0.06330018619228188,0.6377963105691338,0
2024-01-03,4704.810059,-0.016419462801361417,0.10380388446216277,0.637790174406864,0
2024-01-04,4688.680176,-0.019791551958445064,0.12238742848770016,0.6377840382445943,0
2024-01-05,4697.240234,-0.01800199906672184,0.11083520311287039,0.6377783484285233,0
2024-01-08,4763.540039,-0.004141461234100863,0.09594858945975697,0.63777355130485,0
2024-01-09,4756.5,-0.005613241232588551,0.09197398471720145,0.6377687541811767,0
2024-01-10,4783.450195,0.0,0.05958994708994704,0.6377639570575035,0
2024-01-11,4780.240234,-0.0006710555914966054,0.05449574290027208,0.6377591599338301,0
2024-01-12,4783.830078,0.0,0.046071428571428534,0.637754362810157,0
2024-01-16,4765.97998,-0.003731340308697262,0.07726861366144197,0.6377495656864837,0
2024-01-17,4739.209961,-0.009327278827314656,0.11661601501605795,0.6377397908228218,0
2024-01-18,4780.939941,-0.0006041470856775755,0.11314561142344796,0.6377275270891659,0
2024-01-19,4839.810059,0.0,0.10136243386243382,0.6377152633555099,0
2024-01-22,4850.430176,0.0,0.14010582010582004,0.637702999621854,0
2024-01-23,4864.600098,0.0,0.1484788359788359,0.637690735888198,0
2024-01-24,4868.549805,0.0,0.1176587301587301,0.637678472154542,0
2024-01-25,4894.160156,0.0,0.1162566137566137,0.6376662084208861,0
2024-01-26,4890.970215,-0.0006517851681026032,0.09583505225463312,0.6376598342251921,0
2024-01-29,4927.930176,0.0,0.10961640211640207,0.6376534600294982,0
2024-01-30,4924.970215,-0.0006006499471958859,0.1021228963387514,0.6376470858338043,0
2024-01-31,4845.649902,-0.016696720745095206,0.1746656945237438,0.6376407116381103,0
2024-02-01,4906.189941,-0.004411636168442423,0.1394606300687975,0.6376343374424164,0
2024-02-02,4958.609863,0.0,0.1362566137566137,0.6376279632467224,0
2024-02-05,4942.810059,-0.0031863373882050627,0.1466807477229889,0.637615956548618,0
2024-02-06,4954.22998,-0.0008832884862916002,0.1344990996227033,0.637592684845693,0
2024-02-07,4995.060059,0.0,0.12223544973544967,0.6375694131427677,0
2024-02-08,4997.910156,0.0,0.11891534391534386,0.6375461414398426,0
2024-02-09,5026.609863,0.0,0.12998677248677243,0.6375228697369173,0
2024-02-12,5021.839844,-0.0009489534954981727,0.12240858546443902,0.6374995980339921,0
2024-02-13,4953.169922,-0.014610232940610368,0.1625322795287324,0.6374763263310671,0
2024-02-14,5000.620117,-0.005170432300963923,0.1267600743167122,0.6374579453730697,0
2024-02-15,5029.72998,0.0,0.11338624338624334,0.6374420097875363,0
2024-02-16,5005.569824,-0.004803469787855286,0.11874035422161675,0.6374260742020028,0
2024-02-20,4975.509766,-0.010779945288434734,0.13059466450485177,0.6374101386164696,0
2024-02-21,4981.799805,-0.009529373383976414,0.11901461314013671,0.6373942030309362,0
2024-02-22,5087.029785,0.0,0.16093915343915338,0.6373782674454027,0
2024-02-23,5088.799805,0.0,0.15911375661375654,0.6373623318598693,0
2024-02-26,5069.529785,-0.0037867514420720783,0.18703087421725892,0.6373526310394889,0
2024-02-27,5078.180176,-0.0020868631911133972,0.16635344217854237,0.6373429302191085,0
2024-02-28,5069.759766,-0.003741557878007229,0.19463537209911125,0.6373332293987282,0
2024-02-29,5096.27002,0.0,0.16371693121693115,0.6373235285783477,0
2024-03-01,5137.080078,0.0,0.17374338624338617,0.6373138277579673,0
2024-03-04,5130.950195,-0.0011932621074473015,0.19078376638078853,0.6373041269375869,0
2024-03-05,5078.649902,-0.011374199956553532,0.259932108730933,0.6372897718846655,0
2024-03-06,5104.759766,-0.0062915725488521534,0.23670332621206164,0.6372661083666622,0
2024-03-07,5157.359863,0.0,0.23371693121693116,0.6372424448486587,0
2024-03-08,5123.689941,-0.006528519028031199,0.2696596196590342,0.6372187813306553,0
2024-03-11,5117.939941,-0.007643430562758846,0.2771350796382735,0.6371951178126519,0
2024-03-12,5175.27002,0.0,0.268558201058201,0.6371714542946485,0
2024-03-13,5165.310059,-0.0019245297272429962,0.30041790128115714,0.6371477907766452,0
2024-03-14,5150.47998,-0.004790095957157403,0.3268592262596999,0.6371361283940461,0
2024-03-15,5117.089844,-0.011241959506491539,0.3471940551114934,0.6371304665791493,0
2024-03-18,5149.419922,-0.004994927395111981,0.33358650546672686,0.6371248047642525,0
2024-03-19,5178.509766,0.0,0.3185978835978835,0.6371191429493557,0
2024-03-20,5224.620117,0.0,0.3022089947089946,0.6371134811344589,0
2024-03-21,5241.529785,0.0,0.264563492063492,0.6371078193195621,0
2024-03-22,5234.180176,-0.0014021877775134417,0.24965881580920654,0.6371021575046653,0
2024-03-25,5218.189941,-0.0044528687153115865,0.2697085218234532,0.6370985795358036,0
2024-03-26,5203.580078,-0.007240196766333917,0.2785824160137805,0.637095001566942,0
2024-03-27,5248.490234,0.0,0.25970899470899467,0.6370914235980805,0
2024-03-28,5254.350098,0.0,0.239100529100529,0.6370878456292188,0
2024-04-01,5243.77002,-0.002013584516194933,0.23338190988504232,0.6370842676603572,0
2024-04-02,5205.810059,-0.009238067143351514,0.2347629292492704,0.6370806896914956,0
2024-04-03,5211.490234,-0.008157024789100742,0.2040873715458626,0.6370705659053203,0
2024-04-04,5147.209961,-0.020390749569729194,0.23565937567415113,0.6370473504845179,0
2024-04-05,5204.339844,-0.00951787624867928,0.19889499647196002,0.6370241350637152,0
2024-04-08,5202.390137,-0.009888941549551,0.1912582642509955,0.6370009196429127,0
2024-04-09,5209.910156,-0.008457742855184969,0.17463341841034888,0.6369777042221101,0
2024-04-10,5160.640137,-0.017834738693120022,0.17538316791322545,0.6369544888013076,0
2024-04-11,5199.060059,-0.010522716980934543,0.15195265720251822,0.6369312733805051,0
2024-04-12,5123.410156,-0.024920292625693286,0.21124032998681072,0.6369023824700675,0
2024-04-15,5061.819824,-0.03664207188502411,0.2758223381138807,0.6368706538148123,0
2024-04-16,5051.410156,-0.03862322422657871,0.2779748531988785,0.6368389251595572,0
2024-04-17,5022.209961,-0.044180561376822136,0.2816674673029801,0.6368071965043022,0
2024-04-18,5011.120117,-0.046291163790662115,0.27390918490858285,0.6367754678490471,0
2024-04-19,4967.22998,-0.054644268586002354,0.24947523870531912,0.6367437391937919,0
2024-04-22,5010.600098,-0.046390133023831104,0.21614435010478772,0.6367120105385369,0
2024-04-23,5070.549805,-0.034980595044468266,0.20151375109039887,0.6367100466184555,0
2024-04-24,5071.629883,-0.0347750362256124,0.19807924981994116,0.6367080826983741,0
2024-04-25,5048.419922,-0.039192321059532076,0.2133403090809622,0.6367061187782928,0
2024-04-26,5099.959961,-0.0293832984328104,0.22749540785482214,0.6367041548582114,0
2024-04-29,5116.169922,-0.026298243060087767,0.2183171509313645,0.63670219093813,0
2024-04-30,5035.689941,-0.04161507187791513,0.2936417899572018,0.6367002270180486,0
2024-05-01,5018.390137,-0.04490754452959167,0.29740757195402845,0.6366973096554094,0
2024-05-02,5064.200195,-0.036189043260055676,0.298744312229527,0.6366924854076543,0
2024-05-03,5127.790039,-0.02408671988723643,0.30862628608690584,0.6366876611598993,0
2024-05-06,5180.740234,-0.014009318493645617,0.2986365790177714,0.6366828369121442,0
2024-05-07,5187.700195,-0.012684709194647925,0.2880787938907202,0.6366780126643893,0
2024-05-08,5187.669922,-0.01269047070643059,0.2789587235778753,0.6366731884166342,0
2024-05-09,5214.080078,-0.007664129578142886,0.27827102956784544,0.6366683641688792,0
2024-05-10,5222.680176,-0.00602737187460245,0.28683602085269744,0.6366641175954445,0
2024-05-13,5221.419922,-0.006267221518515553,0.30782489862645135,0.6366601598591699,0
2024-05-14,5246.680176,-0.0014597280076406038,0.27725431911181414,0.6366562021228953,0
2024-05-15,5308.149902,0.0,0.2486640211640211,0.6366522443866208,0
2024-05-16,5297.100098,-0.0020816676627457564,0.25081810701540064,0.6366482866503462,0
2024-05-17,5303.27002,-0.0009193188003528974,0.2404021243593652,0.6366443289140717,0
2024-05-20,5308.129883,-3.771370509553229e-06,0.2053881235282093,0.6366403711777971,0
2024-05-21,5321.410156,0.0,0.20441798941798933,0.6366334347511463,0
2024-05-22,5307.009766,-0.002706122921903198,0.25683200359093983,0.6366264983244955,0
2024-05-23,5267.839844,-0.010066939106281425,0.24972582957304024,0.6366195618978446,0
2024-05-24,5304.720215,-0.0031363756054739733,0.20614460310752108,0.6366126254711938,0
2024-05-28,5306.040039,-0.0028883541297167747,0.2095109985006336,0.636605689044543,0
2024-05-29,5266.950195,-0.010234122047253713,0.3097677189434769,0.636598752617892,0
2024-05-30,5235.47998,-0.016148008418992443,0.31835909158427234,0.6365885968724179,0
2024-05-31,5277.509766,-0.008249766267405811,0.24984680946797683,0.6365720024892969,0
2024-06-03,5283.399902,-0.007142891242303939,0.21087305679235196,0.636555408106176,0
2024-06-04,5291.339844,-0.005650816441220008,0.1976407680892523,0.636538813723055,0
2024-06-05,5354.029785,0.0,0.1830555555555555,0.636522219339934,0
2024-06-06,5352.959961,-0.00019981659478196523,0.1683747005486589,0.6365056249568132,0
2024-06-07,5346.990234,-0.0013148135671045003,0.1773846545874036,0.6364890305736922,0
2024-06-10,5360.790039,0.0,0.15523809523809518,0.6364768142351027,0
2024-06-11,5375.319824,0.0,0.13951058201058195,0.6364667869187789,0
2024-06-12,5421.029785,0.0,0.12358465608465603,0.6364567596024551,0
2024-06-13,5433.740234,0.0,0.10496031746031739,0.6364467322861312,0
2024-06-14,5431.600098,-0.00039386056525281266,0.10825041045608111,0.6364367049698075,0
2024-06-17,5473.22998,0.0,0.10283068783068777,0.6364266776534837,0
2024-06-18,5487.029785,0.0,0.08724867724867719,0.6364166503371599,0
2024-06-20,5473.169922,-0.002525931796085512,0.09211841974260415,0.6364135181207906,0
2024-06-21,5464.620117,-0.004084116339455823,0.098975013681421,0.6364103859044214,0
2024-06-24,5447.870117,-0.007136769715931024,0.09361703371202723,0.6364072536880522,0
2024-06-25,5469.299805,-0.003231252735035106,0.07636427576881456,0.6364041214716829,0
2024-06-26,5477.899902,-0.0016639025771206795,0.0775390111348728,0.6364009892553137,0
2024-06-27,5482.870117,-0.0007580910188187406,0.05761605842893165,0.6363978570389445,0
2024-06-28,5460.47998,-0.004838647873313784,0.05613706527866432,0.636394063627945,0
2024-07-01,5475.089844,-0.0021760299228993363,0.04185726765351091,0.6363889478276852,0
2024-07-02,5509.009766,0.0,0.03566137566137562,0.6363838320274253,0
2024-07-03,5537.02002,0.0,0.0368386243386243,0.6363787162271655,0
2024-07-05,5567.189941,0.0,0.03496031746031742,0.6363736004269056,0
2024-07-08,5572.850098,0.0,0.037354497354497314,0.6363684846266457,0
2024-07-09,5576.97998,0.0,0.04726190476190472,0.6363633688263859,0
2024-07-10,5633.910156,0.0,0.05736772486772483,0.6363340659272476,0
2024-07-11,5584.540039,-0.008763028808228546,0.06862410017833981,0.6362926694786704,0
2024-07-12,5615.350098,-0.0032943475288177426,0.05531565089701511,0.6362512730300929,0
2024-07-15,5631.220215,-0.0004774554306896661,0.05647241741629845,0.6362098765815157,0
2024-07-16,5667.200195,0.0,0.051124338624338586,0.6361684801329385,0
2024-07-17,5588.27002,-0.01392754310490707,0.10061516812800483,0.636127083684361,0
2024-07-18,5544.589844,-0.0216350837770255,0.13675575132608134,0.6360856872357837,0
2024-07-19,5505.0,-0.028620869109777458,0.1761704397571297,0.6360545355588877,0
2024-07-22,5564.410156,-0.01813771094423111,0.14888165524947938,0.6360233838819919,0
2024-07-23,5555.740234,-0.01966755314173274,0.15651111668013212,0.635992232205096,0
2024-07-24,5427.129883,-0.04236136076713992,0.3006484477353826,0.6359610805282001,0
2024-07-25,5399.220215,-0.047286132619142496,0.3154206078202196,0.6359299288513043,0
2024-07-26,5459.100098,-0.036720089257408106,0.2873313028760854,0.6358987771744082,0
2024-07-29,5463.540039,-0.035936644020389985,0.2850155072160023,0.6358743904757145,0
2024-07-30,5436.439941,-0.04071856402807039,0.29085963133103887,0.6358635337334245,0
2024-07-31,5522.299805,-0.025568249755468675,0.29388295790762053,0.6358526769911345,0
2024-08-01,5446.680176,-0.038911633860148176,0.3865749130131301,0.6358418202488445,0
2024-08-02,5346.560059,-0.05657822645525934,0.5293356706881099,0.6358309635065545,0
2024-08-05,5186.330078,-0.08485144347366758,0.6550624729091417,0.6358201067642646,0
2024-08-06,5240.029785,-0.07537591673166588,0.6201071847340835,0.6358883932821098,0
2024-08-07,5199.5,-0.08252755838987968,0.6336230171578026,0.6358707715616178,0
2024-08-08,5319.310059,-0.061386597266659626,0.5847088902649649,0.6358599148193278,0
2024-08-09,5344.160156,-0.057001698878576534,0.5364972767495299,0.6358490580770378,0
2024-08-12,5344.390137,-0.05696111781701407,0.5238692143962898,0.6358382013347479,0
2024-08-13,5434.430176,-0.04107319505059415,0.48938042665330544,0.6358273445924579,0
2024-08-14,5455.209961,-0.03740651939330353,0.4603507862349271,0.635816487850168,0
2024-08-15,5543.220215,-0.021876760257981354,0.43667539273285794,0.635805631107878,0
2024-08-16,5554.25,-0.019930510854310857,0.4315092056177655,0.6358031525224503,0
2024-08-19,5608.25,-0.010401996218875498,0.4204056758859309,0.6358006739370228,0
2024-08-20,5597.120117,-0.012365908312508389,0.44975972489564486,0.6357981953515951,0
2024-08-21,5620.850098,-0.008178658844784414,0.4503699461692967,0.6357957167661675,0
2024-08-22,5570.640137,-0.017038406034286968,0.4805386798337368,0.6357932381807399,0
2024-08-23,5634.609863,-0.005750693619179792,0.45125268419486747,0.6357907595953122,0
2024-08-26,5616.839844,-0.008886284102762376,0.46722438748416123,0.6357837813092526,0
2024-08-27,5625.799805,-0.0073052633708841075,0.44395150123024596,0.6357678036219293,0
2024-08-28,5592.180176,-0.013237580536891613,0.4726708109299841,0.6357518259346058,0
2024-08-29,5591.959961,-0.013276438348936881,0.454331196918195,0.6357358482472825,0
2024-08-30,5648.399902,-0.0033173864259440355,0.4306872129174819,0.635719870559959,0
2024-09-03,5528.930176,-0.024398294438582213,0.42862980517815036,0.6357038928726356,0
2024-09-04,5520.069824,-0.02596173876649155,0.481445091810795,0.6356879151853123,0
2024-09-05,5503.410156,-0.02890140340277858,0.5117054936071437,0.6356725607482784,0
2024-09-06,5408.419922,-0.045662807752638424,0.5890017185095151,0.6356575179363894,0
2024-09-09,5471.049805,-0.0346115159603958,0.5432004858191415,0.6356424751245002,0
2024-09-10,5495.52002,-0.030293649261141087,0.5244343896953798,0.6356274323126111,0
2024-09-11,5554.129883,-0.01995170597639362,0.46839971912934414,0.6356123895007221,0
2024-09-12,5595.759766,-0.012605947653486771,0.4483281953852422,0.6355973466888329,0
2024-09-13,5626.02002,-0.00726640555883884,0.4138122792631991,0.6355823038769439,0
2024-09-16,5633.089844,-0.006018907013395247,0.41449782069120644,0.6355536799385783,0
2024-09-17,5634.580078,-0.00575594930081702,0.40767433492817606,0.6355250560002128,0
2024-09-18,5618.259766,-0.008635733222055353,0.42987346187704834,0.6354964320618474,0
2024-09-19,5713.640137,0.0,0.4253306878306877,0.6354678081234818,0
2024-09-20,5702.549805,-0.0019410273895590358,0.42710436514260297,0.6354391841851164,0
2024-09-23,5718.569824,0.0,0.4157671957671957,0.6354105602467507,0
2024-09-24,5732.930176,0.0,0.40476190476190466,0.635387748515503,0
2024-09-25,5722.259766,-0.0018612489028158041,0.4039530754029556,0.6353765611984905,0
2024-09-26,5745.370117,0.0,0.40403439153439136,0.635365373881478,0
2024-09-27,5738.169922,-0.0012532169126399095,0.4101414264327339,0.6353541865644656,0
2024-09-30,5762.47998,0.0,0.3895502645502644,0.6353429992474531,0
2024-10-01,5708.75,-0.00932410701407771,0.392524907252872,0.6353318119304406,0
2024-10-02,5709.540039,-0.009187006494380867,0.35349795276680185,0.6353206246134282,0
2024-10-03,5699.939941,-0.010852972889634271,0.38137012831412187,0.6353087755627201,0
2024-10-04,5751.069824,-0.001980077334689523,0.3099951404206749,0.6352965956451644,0
2024-10-07,5695.939941,-0.011547118468253736,0.3572031030084652,0.6352844157276086,0
2024-10-08,5751.129883,-0.001969654912363006,0.3203794589107085,0.6352722358100529,0
2024-10-09,5792.040039,0.0,0.30808201058201046,0.6352600558924971,0
2024-10-10,5780.049805,-0.0020701227752685236,0.2951428774890523,0.6352478759749414,0
2024-10-11,5815.029785,0.0,0.27002645502645495,0.6352356960573856,0
2024-10-14,5859.850098,0.0,0.2615873015873015,0.6352171221782815,0
2024-10-15,5815.259766,-0.007609466326658931,0.3012345341951652,0.6351985482991775,0
2024-10-16,5842.470215,-0.002965926211308978,0.27981572521018444,0.6351799744200736,0
2024-10-17,5841.470215,-0.003136579040865395,0.22893585252099607,0.6351614005409695,0
2024-10-18,5864.669922,0.0,0.21374338624338615,0.6351428266618655,0
2024-10-21,5853.97998,-0.0018227695918399123,0.22558679440967871,0.6351242527827614,0
2024-10-22,5851.200195,-0.002296757904391322,0.2171476438768039,0.6351096993530412,0
2024-10-23,5797.419922,-0.011466971013616045,0.2697259736819476,0.6351031868220883,0
2024-10-24,5809.859863,-0.009345804577064576,0.2440191982967102,0.6350966742911355,0
2024-10-25,5808.120117,-0.009642453156291975,0.26240427712088366,0.6350901617601826,0
2024-10-28,5823.52002,-0.0070165759620393064,0.229808780043336,0.6350836492292298,0
2024-10-29,5832.919922,-0.005413774419067763,0.1809674287737807,0.6350771366982769,0
2024-10-30,5813.669922,-0.00869614158653409,0.201109973078444,0.6350706241673241,0
2024-10-31,5705.450195,-0.02714896645806486,0.3137956909666089,0.6350649216969249,0
2024-11-01,5728.799805,-0.02316756421197963,0.24409737335067178,0.6350596242568026,0
2024-11-04,5712.689941,-0.02591449868813267,0.2666264989548596,0.6350543268166803,0
2024-11-05,5782.759766,-0.013966712038256834,0.28500079518664884,0.635049029376558,0
2024-11-06,5929.040039,0.0,0.2111904761904761,0.6350437319364357,0
2024-11-07,5973.100098,0.0,0.19460317460317453,0.6350384344963134,0
2024-11-08,5995.540039,0.0,0.19317460317460308,0.6350331370561911,0
2024-11-11,6001.350098,0.0,0.1803703703703703,0.6350154899967089,0
2024-11-12,5983.990234,-0.0028926597709714175,0.21837859913257301,0.6349978429372267,0
2024-11-13,5985.379883,-0.0026611037082010514,0.21877533503185176,0.6349801958777446,0
2024-11-14,5949.169922,-0.008694739541589058,0.20719294670916605,0.6349625488182623,0
2024-11-15,5870.620117,-0.021783428539449257,0.2600422306494554,0.63494490175878,0
2024-11-18,5893.620117,-0.017950957574680015,0.2542131067615736,0.6349272546992978,0
2024-11-19,5916.97998,-0.014058522936050144,0.24399985715288972,0.6349127286530253,0
2024-11-20,5917.109863,-0.01403688063925379,0.25131515623800393,0.6349044446331717,0
2024-11-21,5948.709961,-0.008771382462346766,0.23285370128285837,0.6348961606133182,0
2024-11-22,5969.339844,-0.005333842131734268,0.20108315024062073,0.6348878765934647,0
2024-11-25,5987.370117,-0.0023294726639357943,0.18157843597979167,0.6348795925736112,0
2024-11-26,6021.629883,0.0,0.16099206349206344,0.6348713085537577,0
2024-11-27,5998.740234,-0.0038012381107348503,0.16265672382811985,0.6348630245339042,0
2024-11-29,6032.379883,0.0,0.13698412698412693,0.6348412266550774,0
2024-12-02,6047.149902,0.0,0.13400793650793644,0.634812671846764,0
2024-12-03,6049.879883,0.0,0.12137566137566132,0.6347841170384505,0
2024-12-04,6086.490234,0.0,0.11355820105820101,0.6347555622301372,0
2024-12-05,6075.109863,-0.0018697756116370368,0.1259738894641231,0.6347270074218238,0
2024-12-06,6090.27002,0.0,0.10907407407407402,0.6346984526135102,0
2024-12-09,6052.850098,-0.006144213947348098,0.15087834774210865,0.6346698978051969,0
2024-12-10,6034.910156,-0.009089886625420873,0.16883114437378538,0.6346321115471156,0
2024-12-11,6084.189941,-0.0009983266718937012,0.13107894438722476,0.6345943252890346,0
2024-12-12,6051.25,-0.006406944170268436,0.1403338356498247,0.6345565390309535,0
2024-12-13,6051.089844,-0.006433241198064321,0.15164846086624853,0.6345187527728723,0
2024-12-16,6074.080078,-0.002658329096547951,0.1571847039105665,0.6344809665147912,0
2024-12-17,6050.609863,-0.006512052317838024,0.1845737220406648,0.63444318025671,0
2024-12-18,5872.160156,-0.035812839707228594,0.38220821188147847,0.6344109278728466,0
2024-12-19,5867.080078,-0.036646969882625946,0.38238906227184943,0.6343897432374186,0
2024-12-20,5930.850098,-0.026176166487935082,0.3181442040183262,0.6343685586019904,0
2024-12-23,5974.069824,-0.019079645995728756,0.29046171276101196,0.6343473739665624,0
2024-12-24,6040.040039,-0.008247578651693233,0.24160344358838098,0.6343261893311343,0
2024-12-26,6037.589844,-0.008649891684112898,0.242509499650565,0.6343050046957062,0
2024-12-27,5970.839844,-0.019609996865130763,0.25656109676725736,0.6342838200602782,0
2024-12-30,5906.939941,-0.030102126572049803,0.2997468905107983,0.6342591199643627,0
2024-12-31,5881.629883,-0.03425794526594739,0.30072593643553885,0.6342326621382036,0
2025-01-02,5868.549805,-0.03640564609974395,0.30195397108688843,0.6342062043120444,0
2025-01-03,5942.470215,-0.024268185895639394,0.2712514527043968,0.6341797464858855,0
2025-01-06,5975.379883,-0.018864539112832368,0.23631469561264742,0.6341532886597264,0
2025-01-07,5909.029785,-0.02975898185217085,0.26239067240249914,0.6341268308335672,0
2025-01-08,5918.25,-0.028245056366154375,0.26257131631663383,0.6341003730074083,0
2025-01-10,5827.040039,-0.04322139743157061,0.32615139120359893,0.6340994776652694,0
2025-01-13,5836.220215,-0.041714046202503074,0.32641928930543745,0.6340985823231305,0
2025-01-14,5842.910156,-0.040615582427000474,0.3186857888594904,0.6340976869809917,0
2025-01-15,5949.910156,-0.023046574870911885,0.30019557238477673,0.6340967916388528,0
2025-01-16,5937.339844,-0.0251105739971772,0.3035189321828559,0.634095896296714,0
2025-01-17,5996.660156,-0.015370396335891878,0.2803756925342871,0.6340950009545752,0
2025-01-21,6049.240234,-0.006736940376249501,0.2864970268641977,0.6340909566146169,0
2025-01-22,6086.370117,-0.0006403497689252413,0.26164143559572606,0.6340806142790198,0
2025-01-23,6118.709961,0.0,0.2711904761904761,0.6340702719434227,0
2025-01-24,6101.240234,-0.00285513239087154,0.27783092077380767,0.6340599296078258,0
2025-01-27,6012.279785,-0.017394218173172882,0.3342063951411407,0.6340495872722286,0
2025-01-28,6067.700195,-0.008336686380810643,0.31045375910670814,0.6340392449366316,0
2025-01-29,6039.310059,-0.012976575537341328,0.3284025784754973,0.6340289026010345,0
2025-01-30,6071.169922,-0.007769617991866706,0.2916515839182823,0.6340184534009331,0
2025-01-31,6040.529785,-0.01277723188356894,0.2984808264084308,0.6340079507685796,0
2025-02-03,5994.569824,-0.020288612761718672,0.37697861044633746,0.633997448136226,0
2025-02-04,6037.879883,-0.013210313696057185,0.37437089495378706,0.6339869455038726,0
2025-02-05,6061.47998,-0.009353275668364303,0.3583403329184392,0.6339764428715191,0
2025-02-06,6083.569824,-0.005743063035178797,0.36724881849935725,0.6339659402391655,0
2025-02-07,6025.990234,-0.015153476401232546,0.4009354944328017,0.6339554376068121,0
2025-02-10,6066.439941,-0.008542653653002552,0.33464271877513735,0.6339423651278823,0
2025-02-11,6068.5,-0.008205971735877782,0.34404028777617496,0.6339292926489527,0
2025-02-12,6051.970215,-0.01090748645145645,0.351395862048626,0.633916220170023,0
2025-02-13,6115.069824,-0.0005949190308416341,0.31429855892166597,0.6339031476910932,0
2025-02-14,6114.629883,-0.0006668199712041023,0.3035250516903126,0.6338900752121636,0
2025-02-18,6129.580078,0.0,0.3033862433862433,0.6338770027332339,0
2025-02-19,6144.149902,0.0,0.24428571428571422,0.6338622925730889,0
2025-02-20,6117.52002,-0.0043341849441745905,0.3092089584409459,0.6338443070505135,0
2025-02-21,6013.129883,-0.02132435261017185,0.34994107498405796,0.6338263215279379,0
2025-02-24,5983.25,-0.026187496165681945,0.3606577996316225,0.6338083360053626,0
2025-02-25,5955.25,-0.03074467664574898,0.3921184796997664,0.6337903504827871,0
2025-02-26,5956.060059,-0.030612834322088056,0.39881212076322514,0.6337723649602116,0
2025-02-27,5861.569824,-0.04599172912562188,0.4366847839454552,0.6337543794376362,0
2025-02-28,5954.5,-0.030866743980036415,0.35136548960144043,0.6337380822871637,0
2025-03-03,5849.720215,-0.04792032936959423,0.3712213264604442,0.6337226293227426,0
2025-03-04,5778.149902,-0.059568859132304364,0.4090355410116751,0.6337071763583215,0
2025-03-05,5842.629883,-0.04907432660486555,0.3931881337247803,0.6336917233939005,0
2025-03-06,5738.52002,-0.06601887787079586,0.4244210661433676,0.6336762704294795,0
2025-03-07,5770.200195,-0.06086272518811342,0.40423897392943964,0.6336608174650584,0
2025-03-10,5614.560059,-0.08619416053433382,0.4937372254454332,0.6336453645006374,0
2025-03-11,5572.069824,-0.09310972016060037,0.4921813996424558,0.6336420123992121,0
2025-03-12,5599.299805,-0.08867786523610777,0.4810562954261864,0.6336386602977869,0
2025-03-13,5521.52002,-0.10133702659131516,0.5068557546609007,0.6336353081963617,0
2025-03-14,5638.939941,-0.08222617759302198,0.4955100374502506,0.6336319560949365,0
2025-03-17,5675.120117,-0.0763376207418579,0.47884059462567913,0.6336286039935113,0
2025-03-18,5614.660156,-0.086177869102387,0.4790880460974674,0.6336252518920861,0
2025-03-19,5675.290039,-0.07630996484108887,0.4586486773860261,0.6336207941726159,0
2025-03-20,5662.890137,-0.07832812881784401,0.44850433659199473,0.6336141252170556,0
2025-03-21,5667.560059,-0.07756806891134993,0.4634520530639901,0.6336074562614954,0
2025-03-24,5767.569824,-0.0612908350229896,0.44574476922335454,0.6336007873059352,0
2025-03-25,5776.649902,-0.059812993800879455,0.42774120102666374,0.6335941183503749,0
2025-03-26,5712.200195,-0.07030259903968072,0.4498789918634898,0.6335874493948147,0
2025-03-27,5693.310059,-0.07337709043414542,0.4621001275685934,0.6335807804392545,0
2025-03-28,5580.939941,-0.09166605144458928,0.5762161929504382,0.6335770940255961,0
2025-03-31,5611.850098,-0.0866352241547248,0.5896500996735003,0.6335748988828886,0
2025-04-01,5633.069824,-0.08318157697188289,0.5778999029482699,0.6335727037401812,0
2025-04-02,5670.970215,-0.07701304404145048,0.5487251766592642,0.6335705085974737,0
2025-04-03,5396.52002,-0.12168158230589998,0.7320364172855984,0.6335683134547663,0
2025-04-04,5074.080078,-0.17416076122291202,0.8345484690230498,0.633585226409628,0
2025-04-07,5062.25,-0.17608618267074305,0.836210826612299,0.6336230171578026,1
2025-04-08,4982.77002,-0.18902206172117575,0.8505037227426593,0.6336420123992121,1
2025-04-09,5456.899902,-0.1118543673187875,0.7360109550682591,0.6337174783346022,1
2025-04-10,5268.049805,-0.14259093787975752,0.7291911360377195,0.6338143311795544,1
2025-04-11,5363.359863,-0.127078611598627,0.6836715825956008,0.6339031476910932,1
2025-04-14,5405.970215,-0.12014350215637037,0.6573468057622475,0.633972941994068,1
2025-04-15,5396.629883,-0.12166370139450422,0.6608906215675847,0.6340323500462335,1
2025-04-16,5275.700195,-0.14134578759501104,0.692472087971156,0.6340909566146169,1
2025-04-17,5282.700195,-0.14020649247499428,0.6847557274779296,0.6340991792178898,1
2025-04-21,5158.200195,-0.16046966996672074,0.721928683325144,0.6342150235874309,1
2025-04-22,5287.759766,-0.13938301468218317,0.6989527393117413,0.6343473739665624,1
2025-04-23,5375.859863,-0.12504415602716856,0.6805820877617027,0.6345061573535118,1
2025-04-24,5484.77002,-0.107318325971403,0.6442449541286464,0.6347079708829481,1
2025-04-25,5525.209961,-0.10073646490925092,0.6222197367270799,0.6348630245339042,0
2025-04-28,5528.75,-0.10016030074391247,0.6147558529561868,0.6348412266550774,0
2025-04-29,5560.830078,-0.09493906127031859,0.6042443338418425,0.634812671846764,0
2025-04-30,5569.060059,-0.09359957881444281,0.6076104998683365,0.6347841170384505,0
2025-05-01,5604.140137,-0.08789007000369886,0.5978358088721634,0.6347555622301372,0
2025-05-02,5686.669922,-0.07445781553133723,0.548846733134959,0.6347270074218238,0
2025-05-05,5650.379883,-0.08036425329389696,0.49576250077807305,0.6346984526135102,0
2025-05-06,5606.910156,-0.08743923155669131,0.5027842207251723,0.6346698978051969,0
2025-05-07,5631.279785,-0.08347291735721729,0.4982495114106712,0.6346321115471156,0
2025-05-08,5663.939941,-0.07815726645010501,0.5232331641845703,0.6345943252890346,0
2025-05-09,5659.910156,-0.07881313993370731,0.6328429636876445,0.6345565390309535,0
2025-05-12,5844.189941,-0.048820417109673664,0.5833199502670581,0.6345187527728723,0
2025-05-13,5886.549805,-0.0419260762039918,0.559226635360134,0.6344809665147912,0
2025-05-14,5892.580078,-0.04094461040381048,0.5677843261353661,0.63444318025671,0
2025-05-15,5916.930176,-0.03698147500047766,0.5405682461910493,0.6344109278728466,0
2025-05-16,5958.379883,-0.03023526801316001,0.5346553374888077,0.6343897432374186,0
2025-05-19,5963.600098,-0.029385644373883024,0.5363738843597706,0.6343685586019904,0
2025-05-20,5940.459961,-0.033151850825400064,0.5348086760169349,0.6343473739665624,0
2025-05-21,5844.609863,-0.04875207209747545,0.5334231214376053,0.6343261893311343,0
2025-05-22,5842.009766,-0.04917525464371397,0.5678991944613455,0.6343050046957062,0
2025-05-23,5802.819824,-0.05555367031147673,0.6070744572838248,0.6342838200602782,0
2025-05-27,5921.540039,-0.036231190083356735,0.5658186979412978,0.6342591199643627,0
2025-05-28,5888.549805,-0.04160056331255835,0.5989682950226889,0.6342326621382036,0
2025-05-29,5912.169922,-0.03775623702222619,0.5809688600880468,0.6342062043120444,0
2025-05-30,5911.689941,-0.03783435702379778,0.5661551966825255,0.6341797464858855,0
2025-06-02,5935.939941,-0.03388751321516836,0.5135750687682548,0.6341532886597264,0
2025-06-03,5970.370117,-0.028283780144008563,0.4997077319400059,0.6341268308335672,0
2025-06-04,5970.810059,-0.028212176747767104,0.48042868617139445,0.6341003730074083,0
2025-06-05,5939.299805,-0.033340673692436984,0.5020193904415062,0.6340994776652694,0
2025-06-06,6000.359863,-0.023402755677102705,0.4261785449077612,0.6340985823231305,0
2025-06-09,6005.879883,-0.022504336841617678,0.4137909184956554,0.6340976869809917,0
2025-06-10,6038.810059,-0.01714473843903297,0.3514202469734003,0.6340967916388528,0
2025-06-11,6022.240234,-0.01984158426218041,0.38280461010932537,0.634095896296714,0
2025-06-12,6045.259766,-0.016095007051799004,0.3890097756579259,0.6340950009545752,0
2025-06-13,5976.970215,-0.02720957165214677,0.4778102161413061,0.6340909566146169,0
2025-06-16,6033.109863,-0.018072482079881436,0.46085364516252425,0.6340806142790198,0
2025-06-17,5982.720215,-0.02627372208927592,0.49409460407326855,0.6340702719434227,0
2025-06-18,5980.870117,-0.02657483746398348,0.48248504305201817,0.6340599296078258,0
2025-06-20,5967.839844,-0.028695598384181453,0.4996728132991129,0.6340495872722286,0
2025-06-23,6025.169922,-0.019364758656241543,0.4570736892234685,0.6340392449366316,0
2025-06-24,6092.180176,-0.008458407888629726,0.4304940048102709,0.6340289026010345,0
2025-06-25,6092.160156,-0.008461666272672974,0.4063973857705937,0.6340184534009331,0
2025-06-26,6141.02002,-0.0005094084698326062,0.3835213430738519,0.6340079507685796,0
2025-06-27,6173.069824,0.0,0.3773015873015872,0.633997448136226,0
2025-06-30,6204.950195,0.0,0.3835185185185184,0.6339869455038726,0
2025-07-01,6198.009766,-0.0011185309763795948,0.3883528191822374,0.6339764428715191,0
2025-07-02,6227.419922,0.0,0.37462962962962953,0.6339659402391655,0
2025-07-03,6279.350098,0.0,0.3688756613756613,0.6339554376068121,0
2025-07-07,6229.97998,-0.007862297408090746,0.42123369868865057,0.6339423651278823,0
2025-07-08,6225.52002,-0.008572555624370315,0.40408336304554054,0.6339292926489527,0
2025-07-09,6263.259766,-0.002562419955709161,0.3790405124124593,0.633916220170023,0
2025-07-10,6280.459961,0.0,0.28335978835978826,0.6339031476910932,0
2025-07-11,6259.75,-0.003297522972617095,0.3168141704242833,0.6338900752121636,0
2025-07-14,6268.560059,-0.0018947500778437876,0.314350419670132,0.6338770027332339,0
2025-07-15,6243.759766,-0.00584355210094456,0.2836657016745725,0.6338622925730889,0
2025-07-16,6263.700195,-0.0026685570967848182,0.26792449073836394,0.6338443070505135,0
2025-07-17,6297.359863,0.0,0.24804232804232795,0.6338263215279379,0
2025-07-18,6296.790039,-9.04861739515761e-05,0.23469853049868888,0.6338083360053626,0
2025-07-21,6305.600098,0.0,0.18715608465608458,0.6337903504827871,0
2025-07-22,6309.620117,0.0,0.18932539682539673,0.6337723649602116,0
2025-07-23,6358.910156,0.0,0.1541534391534391,0.6337543794376362,0
2025-07-24,6363.350098,0.0,0.13794973544973538,0.6337380822871637,0
2025-07-25,6388.640137,0.0,0.13365079365079358,0.6337226293227426,0
2025-07-28,6389.77002,0.0,0.13402116402116396,0.6337071763583215,0
2025-07-29,6370.859863,-0.002959442505882315,0.15552223047795818,0.6336917233939005,0
2025-07-30,6362.899902,-0.0042051776379895545,0.1787631443825186,0.6336762704294795,0
2025-07-31,6339.390137,-0.007884459509858832,0.23020209215257126,0.6336608174650584,0
2025-08-01,6238.009766,-0.023750503308411663,0.3849953129648029,0.6336453645006374,0
2025-08-04,6329.939941,-0.0093634166507921,0.3290006502455007,0.6336420123992121,0
2025-08-05,6299.189941,-0.014175796424047205,0.326481855179756,0.6336386602977869,0
2025-08-06,6345.060059,-0.00699711583672924,0.3041240522315882,0.6336353081963617,0
2025-08-07,6340.0,-0.007789015855691139,0.2888970835770938,0.6336319560949365,0
2025-08-08,6389.450195,-5.005266214563875e-05,0.2441076822421937,0.6336286039935113,0
2025-08-11,6373.450195,-0.002554055145790657,0.27089555400563653,0.6336252518920861,0
2025-08-12,6445.759766,0.0,0.2533201058201057,0.6336207941726159,0
2025-08-13,6466.580078,0.0,0.25252645502645493,0.6336141252170556,0
2025-08-14,6468.540039,0.0,0.24976190476190469,0.6336074562614954,0
2025-08-15,6449.799805,-0.0028971350392843487,0.26272259379317286,0.6336007873059352,0
2025-08-18,6449.149902,-0.0029976063969757716,0.26125585783510097,0.6335941183503749,0
2025-08-19,6411.370117,-0.008838149204505541,0.27928302772265523,0.6335874493948147,0
2025-08-20,6395.779785,-0.011248327066280206,0.24790275438429804,0.6335807804392545,0
2025-08-21,6370.169922,-0.015207468208731645,0.2735664221679382,0.6335770940255961,0
2025-08-22,6466.910156,-0.0002519707677735017,0.2199716770906403,0.6335748988828886,0
2025-08-25,6439.319824,-0.004517281306728571,0.22231227195960862,0.6335727037401812,0
2025-08-26,6465.939941,-0.00040196056363950294,0.22187124156525623,0.6335705085974737,0
2025-08-27,6481.399902,0.0,0.22150793650793643,0.6335683134547663,0
2025-08-28,6501.859863,0.0,0.20494708994708988,0.6335661183120588,0
2025-08-29,6460.259766,-0.006398184192915712,0.17295559880927655,0.6335639231693513,0
2025-09-02,6415.540039,-0.013276174174595479,0.20941024498835045,0.6335632277450584,0
2025-09-03,6448.259766,-0.00824380994506213,0.1880142650557676,0.6335625323207654,0
2025-09-04,6502.080078,0.0,0.1658597883597883,0.6335618368964725,0
2025-09-05,6481.5,-0.003165152959225037,0.18046485021773664,0.6335611414721796,0
2025-09-08,6495.149902,-0.0010658398415375192,0.16768112421196135,0.6335604460478867,0
2025-09-09,6512.609863,0.0,0.15570105820105812,0.6335597506235938,0
2025-09-10,6532.040039,0.0,0.14657407407407402,0.6335534383007029,0
2025-09-11,6587.470215,0.0,0.1309656084656084,0.6335358921806159,0
2025-09-12,6584.290039,-0.00048276134786284786,0.13417719721531896,0.6335183460605289,0
2025-09-15,6615.279785,0.0,0.15490740740740733,0.633500799940442,0
2025-09-16,6606.759766,-0.0012879302579640317,0.18130742107146153,0.633483253820355,0
2025-09-17,6600.350098,-0.0022568489142140713,0.1829992239880621,0.633465707700268,0
2025-09-18,6631.959961,0.0,0.19384920634920627,0.633448161580181,0
2025-09-19,6664.359863,0.0,0.18861111111111103,0.6334322412104452,0
2025-09-22,6693.75,0.0,0.18611111111111103,0.6334171337158849,0
2025-09-23,6656.919922,-0.005502159178337962,0.20976396667538114,0.6334020262213247,0
2025-09-24,6637.970215,-0.00833311447245566,0.19880926117647052,0.6333869187267644,0
2025-09-25,6604.720215,-0.01330043473389353,0.23764041586056633,0.6333718112322042,0
2025-09-26,6643.700195,-0.007477095051353855,0.19307304316215368,0.633356703737644,0
2025-09-29,6661.209961,-0.004861256993464069,0.17047636553501394,0.6333415962430837,0
2025-09-30,6688.459961,-0.0007902952754436088,0.13114676702894495,0.6333362214924849,0
2025-10-01,6711.200195,0.0,0.12415343915343909,0.6333308467418861,0
2025-10-02,6715.350098,0.0,0.11145502645502639,0.6333254719912873,0
2025-10-03,6715.790039,0.0,0.11451058201058195,0.6333200972406885,0
2025-10-06,6740.279785,0.0,0.11600529100529094,0.6333147224900897,0
2025-10-07,6714.589844,-0.0038114057308378246,0.1437535810568995,0.6333093477394909,0
2025-10-08,6753.720215,0.0,0.12723544973544965,0.633282624528186,0
2025-10-09,6735.109863,-0.002755570471910773,0.14269821895782725,0.633213204395469,0
2025-10-10,6552.509766,-0.029792535461139247,0.4025764393787638,0.6331437842627516,0
2025-10-13,6654.720215,-0.014658587689214797,0.35600300363975607,0.6330743641300347,0
2025-10-14,6644.310059,-0.016199983493097703,0.3959743717261086,0.6330049439973174,0
2025-10-15,6671.060059,-0.012239203486163364,0.3840124410087927,0.6329355238646005,0
2025-10-16,6629.069824,-0.018456552393620318,0.4166584448829263,0.6328661037318836,0
2025-10-17,6664.009766,-0.013283115992983152,0.3701328608847014,0.6328372584715207,0
2025-10-20,6735.129883,-0.0027526061797336077,0.36065762477017754,0.6328287006473351,0
2025-10-21,6735.350098,-0.002719999706117582,0.34052590440924574,0.6328201428231495,0
2025-10-22,6699.399902,-0.008043020923394928,0.36342146637791506,0.6328115849989638,0
2025-10-23,6738.439941,-0.0022624973368104984,0.33124674283591854,0.6328030271747783,0
2025-10-24,6791.689941,0.0,0.32047619047619036,0.6327944693505927,0
2025-10-27,6875.160156,0.0,0.32755291005290993,0.6327859115264071,0
2025-10-28,6890.890137,0.0,0.33201058201058187,0.6327843855929964,0
2025-10-29,6890.589844,-4.357825970668916e-05,0.3321554685148225,0.6327828596595858,0
2025-10-30,6822.339844,-0.009947959064377732,0.372731201670904,0.6327813337261752,0
2025-10-31,6840.200195,-0.00735608041809066,0.3807717409461531,0.6327798077927647,0
2025-11-03,6851.970215,-0.005648025324191841,0.38317974679114647,0.632778281859354,0
2025-11-04,6771.549805,-0.01731856547229127,0.44484312512759594,0.6327767559259434,0
2025-11-05,6796.290039,-0.01372828417217875,0.42464854418121756,0.6327725022675866,0
2025-11-06,6720.319824,-0.02475301588166945,0.4555369523913365,0.6327627931593377,0
2025-11-07,6728.799805,-0.02352240839389841,0.4024332392790272,0.6327530840510887,0
2025-11-10,6832.430176,-0.00848365883619373,0.4311195440425858,0.6327433749428397,0
2025-11-11,6846.609863,-0.006425914957233436,0.40604443128201334,0.6327336658345907,0
2025-11-12,6850.919922,-0.005800442933400429,0.40713248919203804,0.6327239567263417,0
2025-11-13,6737.490234,-0.022261260874895328,0.49143573527209644,0.6327142476180928,0
2025-11-14,6734.109863,-0.022751817382515416,0.5048021808590184,0.6327022807503079,0
2025-11-17,6672.410156,-0.03170562534829746,0.5428880202592267,0.6326891850027551,0
2025-11-18,6617.319824,-0.0397002865465943,0.5951403438559131,0.6326760892552021,0
2025-11-19,6642.160156,-0.036095479111539985,0.5997166913359642,0.6326629935076493,0
2025-11-20,6538.759766,-0.05110085402599418,0.6192839877941558,0.6326498977600966,0
2025-11-21,6602.990234,-0.04177978421889916,0.5619611378880757,0.6326368020125437,0
2025-11-24,6705.120117,-0.02695878417833497,0.5122182658817267,0.6326237062649909,0
2025-11-25,6765.879883,-0.0181413796352331,0.47376701005963406,0.6326226156054258,0
2025-11-26,6812.609863,-0.011359965467985345,0.45406846649809024,0.6326215249458607,0
2025-11-28,6849.089844,-0.0060660222654773666,0.4320146764540224,0.6326204342862954,0
2025-12-01,6812.629883,-0.011357060182949241,0.47233217592324267,0.6326193436267303,0
2025-12-02,6829.370117,-0.008927731944190165,0.4577767703965201,0.6326182529671652,0
2025-12-03,6849.720215,-0.005974543372697538,0.44580701818480306,0.6326171623076001,0
2025-12-04,6857.120117,-0.004900676012620675,0.44843372126805475,0.6326159323470196,0
2025-12-05,6870.399902,-0.0029735251313876,0.45175606084549563,0.6326144237844084,0
2025-12-08,6846.509766,-0.006440440947056203,0.43454069844863663,0.6326129152217971,0
2025-12-09,6840.509766,-0.007311155743071174,0.4151887308070292,0.6326114066591859,0
2025-12-10,6886.680176,-0.0006109458888911012,0.3937093255428597,0.6326098980965746,0
2025-12-11,6901.0,0.0,0.3777248677248676,0.6326083895339634,0
2025-12-12,6827.410156,-0.010663649326184577,0.397968336863379,0.6326068809713521,0
2025-12-15,6816.509766,-0.012243187074337025,0.3942420890394689,0.6326055679548733,0
2025-12-16,6800.259766,-0.014597918272714061,0.3931259675357224,0.6326043527114609,0
2025-12-17,6721.430176,-0.026020841037530773,0.35725675527678286,0.6326031374680483,0
2025-12-18,6774.759766,-0.018293034922475027,0.3327452927006207,0.6326019222246358,0
2025-12-19,6834.5,-0.009636284596435285,0.30846830342048415,0.6326007069812233,0
2025-12-22,6878.490234,-0.0032618122011303097,0.2938348095619912,0.6325994917378108,0
2025-12-23,6909.790039,0.0,0.26373015873015865,0.6325982764943983,0
2025-12-24,6932.049805,0.0,0.228584656084656,0.6325792426520584,0
2025-12-26,6929.939941,-0.00030436365279407074,0.21660862262673905,0.6325602088097187,0
2025-12-29,6905.740234,-0.0037953522753144675,0.23813907881503335,0.632541174967379,0
2025-12-30,6896.240234,-0.005165798285836187,0.23339472513877055,0.6325221411250392,0
2025-12-31,6845.5,-0.012485456313019005,0.27807778567086083,0.6325031072826994,0
2026-01-02,6858.470215,-0.010614405849612818,0.26060765738990566,0.6324840734403596,0
2026-01-05,6902.049805,-0.0043277242437527175,0.2838440627432968,0.632468116964916,0
2026-01-06,6944.819824,0.0,0.2664682539682539,0.6324583152232645,0
2026-01-07,6920.930176,-0.003439923368125708,0.27523901915286186,0.6324485134816129,0
2026-01-08,6921.459961,-0.0033636384516806395,0.25760779471344525,0.6324387117399614,0
2026-01-09,6966.279785,0.0,0.2515079365079364,0.6324289099983098,0
2026-01-12,6977.27002,0.0,0.27472222222222215,0.6324191082566583,0
2026-01-13,6963.740234,-0.0019391231758578709,0.26804123352531506,0.6324093065150067,0
2026-01-14,6926.600098,-0.007262141475785966,0.28651880257517587,0.63239806705387,0
2026-01-15,6944.470215,-0.004700951074844584,0.2228369084855806,0.6323861087329908,0
2026-01-16,6940.009766,-0.005340233915728465,0.2708527251433185,0.6323741504121115,0
2026-01-20,6796.859863,-0.02585684035200919,0.4994673618615643,0.6323621920912323,0
2026-01-21,6875.620117,-0.014568721392267281,0.414863418051673,0.6323502337703532,0
2026-01-22,6913.350098,-0.009161165013934824,0.3667870488103725,0.632338275449474,0
2026-01-23,6915.609863,-0.00883728977426046,0.36209945672382143,0.6323263171285948,0
2026-01-26,6950.22998,-0.0038754469760365895,0.33271931944002686,0.632316135255672,0
2026-01-27,6978.600098,0.0,0.30988095238095226,0.6323059533827493,0
2026-01-28,6978.029785,-8.172312383447622e-05,0.302849390499924,0.6322957715098266,0
2026-01-29,6969.009766,-0.0013742486838798085,0.31773375450531177,0.632285589636904,0
2026-01-30,6939.029785,-0.005670236500776249,0.33212174411839174,0.6322754077639813,0
2026-02-02,6976.439941,-0.0003095401613024684,0.2867471095692242,0.6322652258910585,0
2026-02-03,6917.810059,-0.008710921695802787,0.3104266510085082,0.6322526714044509,0
2026-02-04,6882.720215,-0.013739128428848946,0.3019234620511266,0.6322353716904732,0
2026-02-05,6798.399902,-0.02582182579162884,0.3794914819552455,0.6322180719764954,0
2026-02-06,6932.299805,-0.0066346104304313425,0.37711497166995667,0.6322007722625178,0
2026-02-09,6964.819824,-0.0019746473227415517,0.3389568783745913,0.63218347254854,0
2026-02-10,6941.810059,-0.005271836540761687,0.34197435199706205,0.6321661728345623,0
2026-02-11,6941.470215,-0.0053205345597379106,0.3289375515245955,0.6321488731205847,0
2026-02-12,6832.759766,-0.020898221699477526,0.42714135810286497,0.632141121716201,0
2026-02-13,6836.169922,-0.020409562662978664,0.42512639583049494,0.6321381444666143,0
2026-02-17,6843.220215,-0.01939928941318736,0.39925798327466067,0.6321351672170276,0
2026-02-18,6881.310059,-0.013941197035761022,0.3124304946439713,0.6321321899674409,0
2026-02-19,6861.890137,-0.016723978930021755,0.3274232720705233,0.6321292127178543,0
2026-02-20,6909.509766,-0.00990031396408575,0.2878195301960563,0.6321262354682675,0
2026-02-23,6837.75,-0.020183145046578366,0.3245240068601268,0.6321232582186809,0
2026-02-24,6890.069824,-0.012685964628546542,0.31482633215743033,0.6321053745869353,0
2026-02-25,6946.129883,-0.004652826432812174,0.3194722806082634,0.6320874909551899,0
2026-02-26,6908.859863,-0.009993441954065707,0.33491541076815917,0.6320696073234444,0
2026-02-27,6878.879883,-0.014289429627666883,0.3699250933309779,0.6320517236916989,0
2026-03-02,6881.620117,-0.013896767208052663,0.3742158031893456,0.6320338400599534,0
2026-03-03,6816.629883,-0.02320955674855474,0.4710260712728688,0.6320159564282078,0
2026-03-04,6869.5,-0.01563352197688861,0.4543554644675043,0.631997649867255,0
2026-03-05,6830.709961,-0.021191948947237194,0.47136949217583796,0.6319784974478876,0
2026-03-06,6740.02002,-0.03418738352243089,0.4997417914438481,0.6319593450285199,0
2026-03-09,6795.990234,-0.026167119685269635,0.46312012034190014,0.6319401926091525,0
2026-03-10,6781.47998,-0.028246369648906033,0.44127659595963953,0.6319210401897848,0
2026-03-11,6775.799805,-0.029060311545595074,0.4476501516324917,0.6319018877704173,0
2026-03-12,6672.620117,-0.043845467099868696,0.4994135023187841,0.6318827353510499,0
2026-03-13,6632.189941,-0.04963891785392294,0.5128735797315858,0.6318651234221627,0
2026-03-16,6699.379883,-0.04001092068307832,0.5147723640789531,0.6318482817385158,0
2026-03-17,6716.089844,-0.037616463232394204,0.5110259992651163,0.6318314400548689,0
2026-03-18,6624.700195,-0.05071216261574063,0.4925477168320103,0.6318145983712221,0
2026-03-19,6606.490234,-0.05332156288861478,0.4948192087996709,0.6317977566875753,0
2026-03-20,6506.47998,-0.067652553717085,0.5348867681642056,0.6317809150039284,0
2026-03-23,6581.0,-0.05697419144477822,0.5275224688871728,0.6317640733202816,0
2026-03-24,6556.370117,-0.060503535819598886,0.5393370472163228,0.6317482980879673,0
2026-03-25,6591.899902,-0.055412287646461444,0.5225132636942721,0.6317325228556531,0
2026-03-26,6477.160156,-0.07185394419486912,0.5745183838274937,0.6317167476233388,0
2026-03-27,6368.850098,-0.08737425722026237,0.60279884411405,0.6317009723910245,0
2026-03-30,6343.720215,-0.09097524920247979,0.6066702990429755,0.6316851971587103,0
2026-03-31,6528.52002,-0.06449432145123035,0.5742582651065556,0.6316694219263959,0
2026-04-01,6575.319824,-0.057788133484762416,0.6107875591235136,0.6316552165607909,0
2026-04-02,6582.689941,-0.05673203098619506,0.6022715588765556,0.6316441509286044,0
2026-04-06,6611.830078,-0.052556388795671594,0.5878560263431656,0.6316330852964177,0
2026-04-07,6616.850098,-0.05183704395150457,0.5945854051227577,0.6316220196642313,0
2026-04-08,6782.810059,-0.028055775692908846,0.5924896821542418,0.6316109540320446,0
2026-04-09,6824.660156,-0.02205885705417021,0.5862060782004538,0.631599888399858,0
2026-04-10,6816.890137,-0.023172263595723774,0.5852934888016409,0.6315888227676715,0
2026-04-13,6886.240234,-0.01323472655016722,0.5787123596908884,0.6315811113136196,0
2026-04-14,6967.379883,-0.0016078031184528774,0.5508976177103972,0.6315750769486352,0
2026-04-15,7022.950195,0.0,0.5526984126984126,0.6315690425836507,0
2026-04-16,7041.279785,0.0,0.5412037037037036,0.6315630082186663,0
2026-04-17,7126.060059,0.0,0.5241137566137565,0.6315569738536818,0
2026-04-20,7109.140137,-0.0023743726350763383,0.5371614164742607,0.6315509394886973,0
2026-04-21,7064.009766,-0.008707517546337917,0.5743908199974043,0.6315449051237129,0
2026-04-22,7137.899902,0.0,0.5650132275132274,0.631543705697775,0
2026-04-23,7108.399902,-0.004132868267280432,0.5938086482699427,0.6315425062718371,0
2026-04-24,7165.080078,0.0,0.57510582010582,0.6315413068458992,0
2026-04-27,7173.910156,0.0,0.5628571428571426,0.6315401074199614,0
2026-04-28,7138.799805,-0.004894172109283446,0.5801851758433094,0.6315389079940235,0
2026-04-29,7135.950195,-0.005291390632798931,0.5973417322514221,0.6315377085680856,0
2026-04-30,7209.009766,0.0,0.5412566137566136,0.631522254073959,0
2026-05-01,7230.120117,0.0,0.5407142857142856,0.6314782894434552,0
2026-05-04,7200.75,-0.004062189358506441,0.5567000240556044,0.6314343248129513,0
2026-05-05,7259.220215,0.0,0.5203571428571426,0.6313903601824475,0
2026-05-06,7365.120117,0.0,0.379100529100529,0.6313463955519436,0
2026-05-07,7337.109863,-0.0038030953406106294,0.37232826467328295,0.6313024309214399,0
2026-05-08,7398.930176,0.0,0.36825396825396817,0.6312584662909361,0
2026-05-11,7412.839844,0.0,0.37846560846560834,0.6312323399456841,0
2026-05-12,7400.959961,-0.0016026088853944298,0.3731532893926319,0.631215132743058,0
2026-05-13,7444.25,0.0,0.373690476190476,0.6311979255404317,0
2026-05-14,7501.240234,0.0,0.3492328042328041,0.6311807183378058,0
2026-05-15,7408.5,-0.01236332007867802,0.4512777830362124,0.6311635111351797,0
2026-05-18,7403.049805,-0.013089892596019559,0.43578723619458837,0.6311463039325536,0
2026-05-19,7353.609863,-0.01968079496119235,0.44348467882115555,0.6311290967299275,0
2026-05-20,7432.970215,-0.009101164190230882,0.4324557885626684,0.6311212342187558,0
2026-05-21,7445.720215,-0.007401445263457984,0.40900078193519707,0.6311133717075842,0
2026-05-22,7473.470215,-0.003702057011069959,0.3805932620640775,0.6311055091964125,0
2026-05-26,7519.120117,0.0,0.3537698412698411,0.6310976466852408,0
2026-05-27,7520.359863,0.0,0.32007936507936496,0.6310897841740692,0
2026-05-28,7563.629883,0.0,0.2476851851851851,0.6310819216628976,0
2026-05-29,7580.060059,0.0,0.25124338624338616,0.6310543222921497,0
2026-06-01,7599.959961,0.0,0.2681349206349205,0.63098724920225,0
2026-06-02,7609.779785,0.0,0.2641534391534391,0.63092017611235,0
2026-06-03,7553.680176,-0.00737204105571887,0.3255660259864393,0.6308531030224502,0
2026-06-04,7584.310059,-0.003346972805994164,0.20114599699682256,0.6307860299325502,0
2026-06-05,7383.740234,-0.02970382289452811,0.4753006721295182,0.6307189568426504,0
2026-06-08,7405.72998,-0.02681415372915419,0.4668330691310696,0.6306518837527507,0
2026-06-09,7386.649902,-0.02932146386677592,0.47842649738087173,0.6306292033094195,0
2026-06-10,7266.990234,-0.04504592257396056,0.537441350474996,0.6306287191893729,0
2026-06-11,7394.299805,-0.028316191281217207,0.5088736094316404,0.6306282350693262,0
2026-06-12,7431.459961,-0.023432980853334895,0.4830269844314091,0.6306277509492795,0
2026-06-15,7554.290039,-0.0072918990519775795,0.4081947233068174,0.6306272668292328,0
2026-06-16,7511.350098,-0.012934630144491033,0.42386811701995,0.6306267827091862,0
2026-06-17,7420.100098,-0.024925778716210267,0.47467283922135695,0.6306262985891394,0
2026-06-18,7500.580078,-0.014349916828769294,0.4218495298241527,0.630585371841955,0
2026-06-22,7472.790039,-0.018001801611923995,0.45352015135229806,0.6305444450947707,0
2026-06-23,7365.459961,-0.03210603077918106,0.5301806760884562,0.6305035183475866,0
2026-06-24,7358.220215,-0.03305740469597562,0.5228038062700913,0.6304625916004021,0
2026-06-25,7357.490234,-0.03315333138776233,0.5128527807340977,0.6304216648532178,0
2026-06-26,7354.02002,-0.03360935167981338,0.5299343966189505,0.6303807381060333,0
2026-06-29,7440.430176,-0.02225420626938679,0.5005542538724703,0.6303445939550467,0
2026-06-30,7499.359863,-0.01451026509566733,0.4578488260513086,0.6303180149964551,0
2026-07-01,7483.22998,-0.016629890558652938,0.4651542813687961,0.6302914360378633,0
2026-07-02,7483.240234,-0.016628543082078173,0.44338017762441956,0.6302648570792717,0
2026-07-06,7537.430176,-0.009507451075340123,0.4097555021369688,0.6302382781206799,0
2026-07-07,7503.850098,-0.013920203999700842,0.42535503845043454,0.6302116991620883,0
2026-07-08,7482.709961,-0.016698226176067976,0.43403258040599046,0.6301851202034967,0
2026-07-09,7543.640137,-0.008691401048210423,0.39873655956473064,0.6301395560556915,0
2026-07-10,7575.390137,-0.00451913839448892,0.3648806380310586,0.6300844993132799,0
2026-07-13,7515.339844,-0.012410338231620632,0.43662521011074884,0.6300294425708681,0
2026-07-14,7543.589844,-0.008698010043663773,0.368466712581497,0.6299743858284566,0
2026-07-15,7572.399902,-0.004912084719413401,0.3126273058961002,0.629919329086045,0
2026-07-16,7533.77002,-0.009988431616618665,0.3564570174108418,0.6298642723436331,0
2026-07-17,7457.689941,-0.019986103185244852,0.4359145407535106,0.6298092156012215,0
2026-07-20,7443.279785,-0.021879739585657365,0.44248584623294746,0.6297737277359995,0
2026-07-21,7509.200195,-0.013217148569562576,0.436865869288766,0.6297382398707778,0
2026-07-22,7498.959961,-0.014562816156446834,0.40928754869990536,0.629702752005556,0
2026-07-23,7408.299805,-0.026476453418158963,0.46829290812295465,0.629667264140334,0
2026-07-24,7411.97998,-0.025992842183146014,0.4568924688208333,0.6296317762751124,0
2026-07-27,7413.180176,-0.025835124609982385,0.43470585323568245,0.6295962884098903,0
2026-07-28,7428.779785,-0.023785182372396352,0.41757661038126703,0.6295680335666436,0
2026-07-29,7316.149902,-0.038585858105747994,0.4574935059173736,0.6295542447673468,0
2026-07-30,7437.629883,-0.02262219234508378,0.3935090646765343,0.6295404559680498,0
2026-07-31,7489.720215,-0.015777009767963923,0.35861495140409627,0.6295266671687529,0
2026-08-03,7600.5,-0.0012194551303956747,0.3314368911300196,0.6295128783694559,0
2026-08-04,7736.52002,0.0,0.32195767195767183,0.629499089570159,0
2026-08-05,7723.549805,-0.001676492139420671,0.2968266053821195,0.6294853007708622,0
2026-08-06,7709.959961,-0.0034330757150939917,0.3089212781597,0.6294795254157428,0
